-- phpMyAdmin SQL Dump
-- version 4.3.11
-- http://www.phpmyadmin.net
--
-- Host: 127.0.0.1
-- Generation Time: Nov 02, 2015 at 05:59 AM
-- Server version: 5.6.24
-- PHP Version: 5.6.8

SET SQL_MODE = "NO_AUTO_VALUE_ON_ZERO";
SET time_zone = "+00:00";


/*!40101 SET @OLD_CHARACTER_SET_CLIENT=@@CHARACTER_SET_CLIENT */;
/*!40101 SET @OLD_CHARACTER_SET_RESULTS=@@CHARACTER_SET_RESULTS */;
/*!40101 SET @OLD_COLLATION_CONNECTION=@@COLLATION_CONNECTION */;
/*!40101 SET NAMES utf8 */;

--
-- Database: `healthlink_crm`
--

DELIMITER $$
--
-- Procedures
--
CREATE DEFINER=`root`@`172.16.16.1` PROCEDURE `update_hlink_doctor_compiled_info`()
BEGIN

	INSERT INTO healthlink_crm.hlink_doctor_compiled_info(
		SELECT 	NULL,QS.CALLDATE,TOTAL,IFNULL(IFNULL(QS1.agent,QS2.agent), 'No agent') as agent, 
			CASE WHEN ANSWERED>=1 THEN ANSWERED ELSE 0 END AS ANSWERED,
            CASE WHEN ALARM>=1 THEN ALARM ELSE 0 END AS ALARM,
			CASE WHEN COMPLETED>=1 THEN COMPLETED ELSE 0 END AS COMPLETED
		FROM (
	   
				SELECT count(*) as TOTAL,date(calldate) as CALLDATE
				FROM vcc.cdr_cus
				GROUP BY date(calldate) 
			)QS 
			LEFT JOIN(
				SELECT count(*) as ANSWERED,date(calldate) as CALLDATE,agent 
				FROM vcc.cdr_cus
				WHERE callstatus LIKE '%ANSWERED%'
				GROUP BY date(calldate) , agent
			)QS1 ON  QS1.CALLDATE = QS.CALLDATE
			
			LEFT JOIN(
				SELECT count(*) as ALARM, date(time) as CALLDATE,agent
				FROM vcc.queue_log
				WHERE event = 'RINGNOANSWER' 
				GROUP BY date(time),agent
				
			)QS2 ON QS.CALLDATE = QS2.CALLDATE
			
			LEFT JOIN(
				SELECT count(healthlink_crm.hlink_cdr_info.id) as COMPLETED,login_id,date(call_date) as CALLDATE
				FROM healthlink_crm.hlink_cdr_info
				JOIN healthlink_crm.hlink_user
				ON healthlink_crm.hlink_cdr_info.doctor_id = healthlink_crm.hlink_user.id
				GROUP BY login_id,date(call_date)
			
			)CRM ON QS.CALLDATE = CRM.CALLDATE AND CRM.login_id = QS1.agent
		GROUP BY CALLDATE,agent
		
    );
    

END$$

DELIMITER ;

-- --------------------------------------------------------

--
-- Table structure for table `hlink_call_type`
--

CREATE TABLE IF NOT EXISTS `hlink_call_type` (
  `id` int(11) NOT NULL,
  `name` varchar(50) DEFAULT NULL
) ENGINE=InnoDB AUTO_INCREMENT=5 DEFAULT CHARSET=latin1;

--
-- Dumping data for table `hlink_call_type`
--

INSERT INTO `hlink_call_type` (`id`, `name`) VALUES
(1, 'Medical '),
(2, 'Medical '),
(3, 'Non Medical '),
(4, 'False Call ');

-- --------------------------------------------------------

--
-- Table structure for table `hlink_cdr_agent_info`
--

CREATE TABLE IF NOT EXISTS `hlink_cdr_agent_info` (
  `id` int(11) NOT NULL,
  `msisdn` varchar(20) DEFAULT NULL,
  `agent_id` varchar(20) DEFAULT NULL,
  `call_date` timestamp NULL DEFAULT CURRENT_TIMESTAMP,
  `call_type` varchar(30) DEFAULT NULL,
  `call_region` varchar(20) DEFAULT NULL,
  `district_id` int(11) DEFAULT NULL,
  `thana_id` int(11) DEFAULT NULL,
  `union_id` int(11) DEFAULT NULL,
  `age_year` int(4) DEFAULT NULL,
  `age_month` int(4) DEFAULT NULL,
  `gender` enum('F','M') DEFAULT 'F',
  `campaign_type` varchar(30) DEFAULT NULL,
  `service_type` varchar(30) DEFAULT NULL,
  `is_satisfied` enum('Y','N') DEFAULT 'N',
  `note` varchar(1000) DEFAULT NULL
) ENGINE=InnoDB AUTO_INCREMENT=212 DEFAULT CHARSET=latin1;

--
-- Dumping data for table `hlink_cdr_agent_info`
--

INSERT INTO `hlink_cdr_agent_info` (`id`, `msisdn`, `agent_id`, `call_date`, `call_type`, `call_region`, `district_id`, `thana_id`, `union_id`, `age_year`, `age_month`, `gender`, `campaign_type`, `service_type`, `is_satisfied`, `note`) VALUES
(1, '01737548866', '4', '2015-10-01 16:31:48', 'False Call', 'Rural Area', 12, 101, 55, 24, 46, 'M', 'Regular', 'ambulance info', 'Y', 'Test Note'),
(2, '01737548866', '4', '2015-10-01 09:14:05', 'False Call', 'Rural Area', 13, 120, 3560, 26, 5, 'M', 'Regular', 'doctor info', 'Y', 'test note'),
(3, '01759568559', '4', '2015-10-01 06:50:14', 'False Call', 'Rural Area', NULL, NULL, NULL, 30, 2, 'M', 'Regular', 'doctor info', 'Y', 'no response'),
(4, '29023441', '4', '2015-10-01 04:43:08', 'False Call', 'Rural Area', NULL, NULL, NULL, 30, 30, 'M', 'Regular', 'doctor info', 'Y', 'missed'),
(5, '29023441', '4', '2015-09-27 04:44:13', 'False Call', 'Rural Area', NULL, NULL, NULL, 30, 2, 'M', 'Regular', 'doctor info', 'Y', 'missed'),
(6, '29023441', '4', '2015-09-27 05:45:08', 'False Call', 'Rural Area', NULL, NULL, NULL, 30, 2, 'M', 'Regular', 'doctor info', 'Y', 'wrong number'),
(7, '29023441', '4', '2015-09-27 05:45:49', 'False Call', 'Rural Area', NULL, NULL, NULL, 30, 2, 'M', 'Regular', 'doctor info', 'Y', 'wrong number'),
(8, '01867597136', '4', '2015-09-30 05:53:20', 'Genuine Call', 'Rural Area', 72, 588, 3331, 35, 2, 'M', 'Regular', 'health service_complain', 'Y', '\r\ncomplain against community clinic:\r\nsukerpunji community clinic\r\nDMI community clinic\r\nChandrogram community clinic\r\n\r\nComplain: taking xtra money per person '),
(9, '01916503071', '4', '2015-10-01 06:42:10', 'Genuine Call', 'Rural Area', NULL, NULL, NULL, 32, 2, 'M', 'Regular', 'doctor info', 'Y', 'want to talk with gynecologists.'),
(10, '2004', '4', '2015-10-06 06:57:15', 'False Call', 'Rural Area', 28, NULL, NULL, 20, 4, 'F', 'Regular', 'doctor info', 'Y', 'test call'),
(11, '01916503071', '4', '2015-10-06 08:13:46', 'Genuine Call', 'Not Defined', 28, NULL, NULL, 0, 0, 'F', 'Regular', 'doctor info', 'Y', 'transferred to doctor '),
(12, '01199800731', '4', '2015-10-07 05:01:47', 'False Call', 'Rural Area', NULL, NULL, NULL, 29, 0, 'M', 'Regular', 'doctor info', 'Y', 'line disconect from caller end.'),
(13, '01919024031', '4', '2015-10-08 08:04:16', 'Genuine Call', 'Rural Area', 18, NULL, NULL, 33, 2, 'M', 'Regular', 'doctor info', 'Y', 'query about service '),
(14, '01674922583', '4', '2015-10-11 04:28:47', 'Genuine Call', 'Urban Area', 12, 110, 3532, 0, 0, 'M', 'Regular', 'doctor info', 'Y', 'query about Barisal health complex.'),
(15, '01190134474', '4', '2015-10-11 09:42:21', 'False Call', 'Rural Area', NULL, NULL, NULL, 35, 5, 'M', 'Regular', 'doctor info', 'Y', 'test call'),
(16, '01190134474', '4', '2015-10-11 09:43:01', 'False Call', 'Urban Area', 28, 253, NULL, 35, 0, 'M', 'Regular', 'doctor info', 'Y', 'taste call'),
(17, '2003', '4', '2015-10-11 09:45:09', 'Genuine Call', 'Urban Area', 28, 265, NULL, 26, 0, 'F', 'Regular', 'doctor info', 'Y', 'test call\r\n'),
(18, '01911552230', '4', '2015-10-11 09:57:38', 'False Call', 'Urban Area', NULL, NULL, NULL, 15, 5, 'F', 'Regular', 'doctor info', 'Y', 'network problem'),
(19, '01942335317', '4', '2015-10-11 12:19:53', 'False Call', 'Urban Area', 28, NULL, NULL, 0, 0, 'M', 'Regular', 'doctor info', 'N', 'call disconnected during conversation'),
(20, '01934467361', '4', '2015-10-11 14:06:57', 'Genuine Call', 'Rural Area', NULL, NULL, NULL, 28, 2, 'F', 'Regular', 'doctor info', 'Y', 'want to know about doctor but due to network problem disconnected by caller.'),
(21, '01928364757', '4', '2015-10-11 14:17:42', 'Genuine Call', 'Urban Area', 28, NULL, NULL, 0, 0, 'M', 'Regular', 'doctor info', 'Y', 'misscall'),
(22, '01928364757', '4', '2015-10-11 14:19:51', 'Genuine Call', 'Rural Area', 41, 352, NULL, 32, 2, 'M', 'Regular', 'doctor info', 'Y', 'want to know information about Jessore 	\r\nDistrict Sadar but before that disconnected by caller. '),
(23, '01946507577', '4', '2015-10-11 14:51:18', 'Genuine Call', 'Urban Area', 28, NULL, NULL, 25, 0, 'M', 'Regular', 'doctor info', 'Y', 'transferred to doctor'),
(24, '01946507577', '4', '2015-10-11 15:04:15', 'Genuine Call', 'Rural Area', 28, NULL, NULL, 25, 0, 'M', 'Regular', 'doctor info', 'Y', 'transferred call to doctor'),
(25, '01950660546', '4', '2015-10-11 15:16:08', 'False Call', 'Urban Area', 28, NULL, NULL, 0, 0, 'M', 'Regular', 'doctor info', 'Y', 'no responded'),
(26, '01950660546', '4', '2015-10-11 15:21:55', 'False Call', 'Urban Area', 28, NULL, NULL, 0, 0, 'M', 'Regular', 'doctor info', 'Y', 'no response'),
(27, '01830007341', '4', '2015-10-12 02:41:20', 'Genuine Call', 'Urban Area', 28, 267, NULL, 55, 0, 'M', 'Regular', 'doctor info', 'Y', 'query about mother health.call transferred  to doctor '),
(28, '01830007341', '4', '2015-10-12 02:53:29', 'Genuine Call', 'Urban Area', 28, 267, NULL, 55, 0, 'M', 'Regular', 'doctor info', 'Y', 'query about mother health.call transferred to doctor\r\n'),
(29, '01930508636', '4', '2015-10-12 05:44:56', 'Genuine Call', 'Urban Area', 28, NULL, NULL, 35, 0, 'M', 'Regular', 'doctor info', 'Y', 'call got disconnected before full conversation '),
(30, '01989434462', '4', '2015-10-12 10:46:01', 'Genuine Call', 'Rural Area', 51, 416, NULL, 35, 0, 'M', 'Regular', 'health service_complain', 'Y', 'complain about new forda clinic'),
(31, '01945445556', '4', '2015-10-12 10:52:00', 'Genuine Call', 'Rural Area', NULL, NULL, NULL, 0, 0, 'M', 'Regular', 'doctor info', 'Y', 'He wants to consult with doctor, so call transferred to doctor.'),
(32, '01990796958', '4', '2015-10-13 02:38:54', 'False Call', 'Rural Area', NULL, NULL, NULL, 0, 0, 'F', 'Regular', 'doctor info', 'Y', 'no response disconnected by caller'),
(33, '2007', '4', '2015-10-13 09:27:58', 'Genuine Call', 'Rural Area', 28, NULL, NULL, 0, 0, 'M', 'Regular', 'doctor info', 'Y', 'test call'),
(34, '01912917709', '4', '2015-10-13 12:34:54', 'Genuine Call', 'Urban Area', 28, 265, NULL, 0, 0, 'M', 'Regular', 'doctor info', 'Y', 'call transferred to doctor'),
(35, '01987116939', '4', '2015-10-13 15:23:33', 'Genuine Call', 'Rural Area', 28, NULL, NULL, 0, 0, 'M', 'Regular', 'doctor info', 'Y', 'network problem'),
(36, '01930304508', '4', '2015-10-13 15:50:28', 'Genuine Call', 'Urban Area', 28, NULL, NULL, 0, 0, 'M', 'Regular', 'doctor info', 'Y', 'misscall'),
(37, '01971137942', '4', '2015-10-13 16:31:50', 'Genuine Call', 'Rural Area', 28, NULL, NULL, 0, 0, 'M', 'Regular', 'doctor info', 'Y', 'no response call'),
(38, '01836494142', '4', '2015-10-13 16:44:24', 'False Call', 'Urban Area', 28, NULL, NULL, 6, 0, 'F', 'Regular', 'doctor info', 'Y', 'no response '),
(39, '01741385796', '4', '2015-10-14 05:25:05', 'False Call', 'Rural Area', NULL, NULL, NULL, 28, 2, 'M', 'Regular', 'doctor info', 'Y', 'disconnected by user'),
(40, '01991540149', '4', '2015-10-14 10:15:39', 'Genuine Call', 'Urban Area', 28, NULL, NULL, 0, 0, 'M', 'Regular', 'doctor info', 'Y', 'transferred to doctor'),
(41, '01710663183', '4', '2015-10-14 10:53:13', 'Genuine Call', 'Rural Area', 28, NULL, NULL, 33, 0, 'F', 'Regular', 'doctor info', 'Y', 'call transfer to the doctor'),
(42, '01950487345', '4', '2015-10-14 11:19:52', 'Genuine Call', 'Urban Area', 28, NULL, NULL, 35, 0, 'M', 'Regular', 'doctor info', 'Y', 'psychiatrist information\r\n'),
(43, '01913275935', '4', '2015-10-14 12:00:17', 'Genuine Call', 'Rural Area', 28, NULL, NULL, 0, 0, 'M', 'Regular', 'doctor info', 'Y', 'missed call'),
(44, '01921722183', '4', '2015-10-14 12:51:36', 'Genuine Call', 'Rural Area', 28, NULL, NULL, 0, 0, 'M', 'Regular', 'doctor info', 'Y', 'no response call'),
(45, '01950487345', '4', '2015-10-14 12:55:03', 'Genuine Call', 'Urban Area', 28, NULL, NULL, 35, 0, 'M', 'Regular', 'doctor info', 'N', 'network problem'),
(46, '01991173238', '4', '2015-10-14 13:34:28', 'Genuine Call', 'Urban Area', 28, NULL, NULL, 0, 0, 'M', 'Regular', 'doctor info', 'Y', 'transferred to doctor '),
(47, '01990628461', '4', '2015-10-14 14:25:57', 'Genuine Call', 'Rural Area', 28, NULL, NULL, 0, 0, 'M', 'Regular', 'doctor info', 'Y', 'missed call'),
(48, '01911278798', '4', '2015-10-14 15:08:35', 'Genuine Call', 'Urban Area', 50, 409, NULL, 32, 0, 'M', 'Regular', 'doctor info', 'Y', 'call transferred to doctor '),
(49, '01991606160', '4', '2015-10-14 15:43:43', 'Genuine Call', 'Rural Area', 28, NULL, NULL, 0, 0, 'M', 'Regular', 'doctor info', 'Y', 'call transfer to the doctor'),
(50, '01984842687', '4', '2015-10-14 15:44:40', 'False Call', 'Urban Area', NULL, NULL, NULL, 0, 0, 'M', 'Regular', 'doctor info', 'Y', 'no response'),
(51, '01744620553', '4', '2015-10-14 16:05:38', 'Genuine Call', 'Rural Area', 35, NULL, NULL, 0, 0, 'M', 'Regular', 'doctor info', 'Y', 'call transfer to the doctor'),
(52, '01991525043', '4', '2015-10-15 01:54:07', 'False Call', 'Rural Area', NULL, NULL, NULL, 22, 2, 'M', 'Regular', 'doctor info', 'Y', 'disconnected by user'),
(53, '01972095737', '4', '2015-10-15 02:45:46', 'Genuine Call', 'Urban Area', 28, NULL, NULL, 32, 2, 'M', 'Regular', 'doctor info', 'Y', 'about DMC doctor info '),
(54, '01913184473', '4', '2015-10-15 03:55:50', 'Genuine Call', 'Urban Area', 28, NULL, NULL, 30, 0, 'M', 'Regular', 'doctor info', 'Y', 'call transfer to doctor'),
(55, '01913593981', '4', '2015-10-15 09:35:22', 'False Call', 'Rural Area', NULL, NULL, NULL, 0, 0, 'M', 'Regular', 'doctor info', 'Y', 'no response'),
(56, '01915798545', '4', '2015-10-15 10:42:07', 'Genuine Call', 'Rural Area', 28, NULL, NULL, 0, 0, 'M', 'Regular', 'doctor info', 'Y', 'missed call'),
(57, '01914519043', '4', '2015-10-15 10:43:41', 'Genuine Call', 'Urban Area', NULL, NULL, NULL, 0, 0, 'M', 'Regular', 'doctor info', 'Y', 'network problem'),
(58, '01864457291', '4', '2015-10-15 14:12:35', 'Genuine Call', 'Rural Area', 28, NULL, NULL, 0, 0, 'M', 'Regular', 'doctor info', 'Y', 'missed call'),
(59, '01868907556', '4', '2015-10-15 14:18:01', 'False Call', 'Rural Area', NULL, NULL, NULL, 0, 0, 'M', 'Regular', 'doctor info', 'Y', 'no response '),
(60, '01987116939', '4', '2015-10-15 15:48:19', 'False Call', 'Rural Area', NULL, NULL, NULL, 0, 0, 'M', 'Regular', 'doctor info', 'Y', 'no response'),
(61, '01913184473', '4', '2015-10-16 03:52:47', 'Genuine Call', 'Urban Area', 28, NULL, NULL, 30, 2, 'M', 'Regular', 'doctor info', 'Y', 'call transfer to doctor'),
(62, '01991582784', '4', '2015-10-16 04:47:00', 'Genuine Call', 'Rural Area', 65, 545, 2188, 0, 0, 'M', 'Regular', 'health service_complain', 'Y', 'complain about health complex about taking money'),
(63, '01912647718', '4', '2015-10-16 05:59:18', 'False Call', 'Rural Area', NULL, NULL, NULL, 0, 0, 'M', 'Regular', 'doctor info', 'Y', 'no response'),
(64, '01991540606', '4', '2015-10-16 07:27:27', 'False Call', 'Rural Area', NULL, NULL, NULL, 0, 0, 'M', 'Regular', 'doctor info', 'Y', 'missed call'),
(65, '01847174772', '4', '2015-10-16 08:33:41', 'Genuine Call', 'Urban Area', 28, 253, NULL, 28, 0, 'M', 'Regular', 'doctor info', 'Y', 'test call'),
(66, '01913184473', '4', '2015-10-16 08:55:40', 'Genuine Call', 'Rural Area', 18, 153, NULL, 33, 3, 'M', 'Regular', 'doctor info', 'Y', 'want to know more info about our service'),
(67, '01750779590', '4', '2015-10-16 09:02:50', 'Genuine Call', 'Rural Area', 28, NULL, NULL, 0, 0, 'M', 'Regular', 'doctor info', 'Y', 'no response call'),
(68, '01959105041', '4', '2015-10-16 11:11:28', 'Genuine Call', 'Rural Area', 28, NULL, NULL, 0, 0, 'M', 'Regular', 'doctor info', 'Y', 'no response call'),
(69, '01717473316', '4', '2015-10-16 14:04:13', 'Genuine Call', 'Rural Area', 28, NULL, NULL, 0, 0, 'M', 'Regular', 'doctor info', 'Y', 'call transfer to the doctor'),
(70, '01930244784', '4', '2015-10-16 16:04:54', 'Genuine Call', 'Rural Area', 28, NULL, NULL, 0, 0, 'M', 'Regular', 'doctor info', 'Y', 'no response'),
(71, '01991030383', '4', '2015-10-16 17:00:31', 'False Call', 'Not Defined', NULL, NULL, NULL, 25, 5, 'M', 'Regular', 'doctor info', 'Y', 'miss call'),
(72, '01991447226', '4', '2015-10-17 02:58:24', 'False Call', 'Urban Area', 12, NULL, NULL, 30, 0, 'M', 'Regular', 'doctor info', 'Y', 'disturbing call'),
(73, '2007', '4', '2015-10-17 07:19:19', 'False Call', 'Rural Area', NULL, NULL, NULL, 0, 0, 'M', 'Regular', 'doctor info', 'Y', 'test call'),
(74, '01913184473', '4', '2015-10-17 09:19:44', 'False Call', 'Urban Area', 18, NULL, NULL, 30, 0, 'M', 'Regular', 'doctor info', 'Y', 'call transfer to doctor'),
(75, '01937332800', '4', '2015-10-17 11:25:47', 'Genuine Call', 'Rural Area', 28, NULL, NULL, 0, 0, 'M', 'Regular', 'doctor info', 'Y', 'call transfer to the doctor'),
(76, '01761258680', '4', '2015-10-17 11:37:29', 'False Call', 'Rural Area', NULL, NULL, NULL, 0, 0, 'M', 'Regular', 'doctor info', 'Y', 'missed call'),
(77, '01761258680', '4', '2015-10-17 11:38:00', 'False Call', 'Rural Area', 28, NULL, NULL, 0, 0, 'M', 'Regular', 'doctor info', 'Y', 'false call'),
(78, '01910299301', '4', '2015-10-17 12:29:03', 'Genuine Call', 'Rural Area', 28, NULL, NULL, 0, 0, 'M', 'Regular', 'doctor info', 'Y', 'call transfer to the doctor'),
(79, '01991447226', '4', '2015-10-17 16:14:46', 'False Call', 'Rural Area', 28, NULL, NULL, 0, 0, 'M', 'Regular', 'doctor info', 'Y', 'annoying call'),
(80, '01991447226', '4', '2015-10-17 16:15:17', 'False Call', 'Rural Area', 28, NULL, NULL, 0, 0, 'M', 'Regular', 'doctor info', 'Y', 'annoying call'),
(81, '01991447226', '4', '2015-10-17 16:15:52', 'False Call', 'Rural Area', 28, NULL, NULL, 0, 0, 'M', 'Regular', 'doctor info', 'Y', 'annoying call'),
(82, '01521445412', '4', '2015-10-18 02:34:39', 'Genuine Call', 'Urban Area', 28, NULL, NULL, 0, 0, 'M', 'Regular', 'doctor info', 'Y', 'want to know about our service'),
(83, '01937329124', '4', '2015-10-18 03:13:54', 'False Call', 'Rural Area', NULL, NULL, NULL, 6, 0, 'F', 'Regular', 'doctor info', 'Y', 'a little girl called'),
(84, '01791958547', '4', '2015-10-18 05:56:28', 'Genuine Call', 'Rural Area', 55, NULL, NULL, 0, 0, 'F', 'Regular', 'doctor info', 'Y', 'call transferred to doctor? '),
(85, '01991540449', '4', '2015-10-18 06:40:03', 'False Call', 'Rural Area', NULL, NULL, NULL, 0, 0, 'M', 'Regular', 'doctor info', 'Y', 'caller not response.'),
(86, '01914584207', '4', '2015-10-18 08:08:45', 'Genuine Call', 'Rural Area', NULL, NULL, NULL, 0, 0, 'M', 'Regular', 'doctor info', 'Y', 'network problem'),
(87, '01916202961', '4', '2015-10-18 08:11:21', 'Genuine Call', 'Rural Area', NULL, NULL, NULL, 0, 0, 'M', 'Regular', 'doctor info', 'Y', 'not response.'),
(88, '01957446955', '4', '2015-10-18 08:13:36', 'Genuine Call', 'Rural Area', NULL, NULL, NULL, 0, 0, 'M', 'Regular', 'doctor info', 'Y', 'test call.'),
(89, '01920731647', '4', '2015-10-18 08:36:59', 'Genuine Call', 'Urban Area', NULL, NULL, NULL, 0, 0, 'F', 'Regular', 'doctor info', 'Y', 'network problem'),
(90, '01920731647', '4', '2015-10-18 08:41:29', 'Genuine Call', 'Rural Area', 28, 271, NULL, 17, 0, 'F', 'Regular', 'doctor info', 'Y', 'wanted to talk with doctor about her healthiness.'),
(91, '01911725253', '4', '2015-10-18 08:58:13', 'Genuine Call', 'Urban Area', NULL, NULL, NULL, 0, 0, 'M', 'Regular', 'doctor info', 'Y', 'CALL TRANSFER TO DOCTOR'),
(92, '01911725253', '4', '2015-10-18 09:09:35', 'Genuine Call', 'Rural Area', 30, NULL, NULL, 0, 0, 'M', 'Regular', 'doctor info', 'Y', 'contact with health complex'),
(93, '01679828216', '4', '2015-10-18 09:43:47', 'Genuine Call', 'Urban Area', NULL, NULL, NULL, 0, 0, 'F', 'Regular', 'doctor info', 'Y', 'call transfer to doctor'),
(94, '01914956333', '4', '2015-10-18 11:07:36', 'False Call', 'Rural Area', NULL, NULL, NULL, 0, 0, 'M', 'Regular', 'doctor info', 'Y', 'false call'),
(95, '01784747135', '4', '2015-10-18 11:51:14', 'Genuine Call', 'Urban Area', NULL, NULL, NULL, 0, 0, 'M', 'Regular', 'doctor info', 'Y', 'call transfer to doctor'),
(96, '01815665741', '4', '2015-10-18 14:52:12', 'Genuine Call', 'Urban Area', 28, NULL, NULL, 0, 0, 'M', 'Regular', 'doctor info', 'Y', 'call transfer to doctor'),
(97, '01937329124', '4', '2015-10-18 15:09:54', 'False Call', 'Rural Area', NULL, NULL, NULL, 0, 0, 'F', 'Regular', 'doctor info', 'Y', 'missed call'),
(98, '01914951628', '4', '2015-10-18 15:46:36', 'Genuine Call', 'Urban Area', 28, NULL, NULL, 0, 0, 'M', 'Regular', 'doctor info', 'Y', 'no response'),
(99, '01937329124', '4', '2015-10-19 02:17:11', 'False Call', 'Rural Area', 28, NULL, NULL, 0, 0, 'M', 'Regular', 'doctor info', 'Y', 'false call'),
(100, '01917110751', '4', '2015-10-19 03:49:58', 'Genuine Call', 'Rural Area', 28, NULL, NULL, 0, 0, 'M', 'Regular', 'doctor info', 'Y', 'no response'),
(101, '01914037922', '4', '2015-10-19 08:14:28', 'Genuine Call', 'Rural Area', NULL, NULL, NULL, 0, 0, 'M', 'Regular', 'doctor info', 'Y', 'wanted to talk with doctor so call transferred to dr. '),
(102, '01937329124', '4', '2015-10-19 08:17:23', 'Genuine Call', 'Rural Area', 28, NULL, NULL, 0, 0, 'M', 'Regular', 'doctor info', 'Y', 'no response call'),
(103, '01937329124', '4', '2015-10-19 08:19:57', 'Genuine Call', 'Rural Area', 28, NULL, NULL, 0, 0, 'M', 'Regular', 'doctor info', 'Y', 'call transfer to doctor'),
(104, '01815665741', '4', '2015-10-19 08:30:26', 'Genuine Call', 'Rural Area', NULL, NULL, NULL, 0, 0, 'M', 'Regular', 'doctor info', 'Y', 'wanted to consult with doctor that''s why call transferred to doctor.'),
(105, '01914959960', '4', '2015-10-19 10:57:27', 'Genuine Call', 'Rural Area', NULL, NULL, NULL, 0, 0, 'M', 'Regular', 'doctor info', 'Y', 'network problem'),
(106, '01948225484', '4', '2015-10-19 11:47:22', 'Genuine Call', 'Rural Area', NULL, NULL, NULL, 0, 0, 'M', 'Regular', 'doctor info', 'Y', 'network problem'),
(107, '01915920897', '4', '2015-10-19 13:44:27', 'Genuine Call', 'Urban Area', NULL, NULL, NULL, 0, 0, 'F', 'Regular', 'doctor info', 'Y', 'call transfer to doctor'),
(108, '01915920897', '4', '2015-10-19 14:11:08', 'Genuine Call', 'Urban Area', 12, 110, NULL, 0, 0, 'F', 'Regular', 'doctor info', 'Y', 'call transferred to doctor\r\n'),
(109, '01917341457', '4', '2015-10-19 14:23:14', 'False Call', 'Rural Area', NULL, NULL, NULL, 0, 0, 'M', 'Regular', 'doctor info', 'Y', 'no response'),
(110, '01932916652', '4', '2015-10-19 15:54:31', 'Genuine Call', 'Urban Area', 29, 284, NULL, 0, 0, 'M', 'Regular', 'doctor info', 'Y', 'call transferred to doctor'),
(111, '01932916652', '4', '2015-10-19 16:14:57', 'False Call', 'Rural Area', 25, 220, NULL, 0, 0, 'M', 'Regular', 'doctor info', 'Y', 'technical problem'),
(112, '01725246319', '4', '2015-10-19 16:18:21', 'Genuine Call', 'Rural Area', 65, 546, 4534, 0, 0, 'M', 'Regular', 'health service_complain', 'Y', 'complain about private hospital'),
(113, '01914187334', '4', '2015-10-20 04:47:08', 'Genuine Call', 'Rural Area', 28, NULL, NULL, 0, 0, 'M', 'Regular', 'doctor info', 'Y', 'missed call'),
(114, '01917436829', '4', '2015-10-20 07:23:18', 'Genuine Call', 'Rural Area', 28, NULL, NULL, 0, 0, 'M', 'Regular', 'doctor info', 'Y', 'call transfer to doctor'),
(115, '01915047825', '4', '2015-10-20 08:11:32', 'Genuine Call', 'Rural Area', 28, NULL, NULL, 0, 0, 'M', 'Regular', 'doctor info', 'Y', 'no response call'),
(116, '01915047825', '4', '2015-10-20 08:14:51', 'False Call', 'Rural Area', 28, NULL, NULL, 0, 0, 'M', 'Regular', 'doctor info', 'Y', 'False call'),
(117, '01991486867', '4', '2015-10-20 11:13:06', 'False Call', 'Rural Area', NULL, NULL, NULL, 0, 0, 'M', 'Regular', 'doctor info', 'Y', 'missed call'),
(118, '01913708175', '4', '2015-10-20 12:22:38', 'Genuine Call', 'Rural Area', NULL, NULL, NULL, 0, 0, 'M', 'Regular', 'doctor info', 'Y', 'misscall'),
(119, '2003', '4', '2015-10-20 12:43:02', 'False Call', 'Rural Area', NULL, NULL, NULL, 0, 0, 'M', 'Regular', 'doctor info', 'Y', 'test call'),
(120, '01978028631', '4', '2015-10-20 14:47:54', 'Genuine Call', 'Rural Area', 57, 475, NULL, 33, 3, 'M', 'Regular', 'doctor info', 'Y', 'complain against Khetlal Upazila Health Complex.'),
(121, '01924813853', '4', '2015-10-20 15:21:50', 'Genuine Call', 'Urban Area', 66, 554, NULL, 0, 0, 'M', 'Regular', 'doctor info', 'Y', 'call transferred to doctor '),
(122, '01969091969', '4', '2015-10-21 01:31:11', 'False Call', 'Rural Area', NULL, NULL, NULL, 0, 0, 'M', 'Regular', 'doctor info', 'Y', 'teats call '),
(123, '01912644981', '4', '2015-10-21 03:08:34', 'Genuine Call', 'Rural Area', NULL, NULL, NULL, 0, 0, 'M', 'Regular', 'doctor info', 'Y', 'nothing understand.'),
(124, '01910373474', '4', '2015-10-21 04:37:03', 'Genuine Call', 'Urban Area', NULL, NULL, NULL, 0, 0, 'M', 'Regular', 'doctor info', 'Y', 'medical call'),
(125, '01912768006', '4', '2015-10-21 05:23:19', 'Genuine Call', 'Rural Area', NULL, NULL, NULL, 36, 6, 'F', 'Regular', 'doctor info', 'Y', 'call transfer to doctor'),
(126, '01912499989', '4', '2015-10-21 09:20:38', 'Genuine Call', 'Rural Area', 28, NULL, NULL, 0, 0, 'M', 'Regular', 'doctor info', 'Y', 'Test call'),
(127, '01922425062', '4', '2015-10-21 09:40:46', 'Genuine Call', 'Urban Area', 28, NULL, NULL, 0, 0, 'M', 'Regular', 'doctor info', 'Y', 'Call transfer to doctor'),
(128, '01922425062', '4', '2015-10-21 09:42:06', 'Genuine Call', 'Urban Area', 28, NULL, NULL, 0, 0, 'M', 'Regular', 'doctor info', 'Y', 'transferred to doctor '),
(129, '01957446955', '4', '2015-10-21 09:42:49', 'Genuine Call', 'Urban Area', NULL, NULL, NULL, 0, 0, 'M', 'Regular', 'doctor info', 'Y', 'test call'),
(130, '01957446955', '4', '2015-10-21 09:43:48', 'False Call', 'Rural Area', NULL, NULL, NULL, 0, 0, 'M', 'Regular', 'doctor info', 'Y', 'Test call'),
(131, '01928047510', '4', '2015-10-21 10:31:58', 'Genuine Call', 'Urban Area', 28, NULL, NULL, 0, 0, 'M', 'Regular', 'doctor info', 'Y', 'information about TRC service '),
(132, '01914952492', '4', '2015-10-21 12:12:06', 'Genuine Call', 'Urban Area', 28, NULL, NULL, 0, 0, 'M', 'Regular', 'doctor info', 'Y', 'No response call'),
(133, '01915940727', '4', '2015-10-21 15:21:05', 'Genuine Call', 'Urban Area', 51, 425, NULL, 0, 0, 'M', 'Regular', 'doctor info', 'Y', 'call transferred to doctor'),
(134, '01991545418', '4', '2015-10-21 16:19:10', 'Genuine Call', 'Rural Area', 25, 219, NULL, 0, 0, 'M', 'Regular', 'doctor info', 'Y', 'information about service & call transferred to doctor'),
(135, '01916219945', '4', '2015-10-21 16:24:11', 'Genuine Call', 'Urban Area', 28, 254, NULL, 0, 0, 'M', 'Regular', 'doctor info', 'Y', 'call transferred to doctor'),
(136, '01956897011', '4', '2015-10-21 17:35:34', 'Genuine Call', 'Rural Area', NULL, NULL, NULL, 0, 0, 'M', 'Regular', 'doctor info', 'Y', 'doctor call'),
(137, '01932339199', '4', '2015-10-22 02:18:14', 'Genuine Call', 'Rural Area', 25, 223, NULL, 0, 0, 'M', 'Regular', 'doctor info', 'Y', 'provide info about Kachua Upazila Health Complex\r\n	'),
(138, '01917399488', '4', '2015-10-22 03:10:19', 'False Call', 'Rural Area', NULL, NULL, NULL, 0, 0, 'M', 'Regular', 'doctor info', 'Y', 'missed call\r\n'),
(139, '01930503324', '4', '2015-10-22 05:41:47', 'Genuine Call', 'Rural Area', NULL, NULL, NULL, 0, 0, 'M', 'Regular', 'doctor info', 'Y', 'call transfer to doctor'),
(140, '01930503324', '4', '2015-10-22 06:11:14', 'Genuine Call', 'Rural Area', 35, NULL, NULL, 0, 0, 'M', 'Regular', 'doctor info', 'Y', 'call tranfer to doctor'),
(141, '01930503324', '4', '2015-10-22 07:01:36', 'Genuine Call', 'Rural Area', NULL, NULL, NULL, 0, 0, 'M', 'Regular', 'doctor info', 'Y', 'wanted to direct consult with dr.'),
(142, '01991447403', '4', '2015-10-22 12:27:30', 'False Call', 'Urban Area', NULL, NULL, NULL, 0, 0, 'M', 'Regular', 'doctor info', 'Y', 'no response '),
(143, '01991447403', '4', '2015-10-22 12:45:28', 'Genuine Call', 'Rural Area', NULL, NULL, NULL, 0, 0, 'M', 'Regular', 'doctor info', 'Y', 'call transfer to doctor'),
(144, '01937045135', '4', '2015-10-22 12:55:27', 'Genuine Call', 'Urban Area', 28, 257, NULL, 0, 0, 'F', 'Regular', 'doctor info', 'Y', 'call transferred to doctor '),
(145, '01711059095', '4', '2015-10-22 13:08:21', 'False Call', 'Rural Area', NULL, NULL, NULL, 0, 0, 'M', 'Regular', 'doctor info', 'Y', 'no response'),
(146, '01915066940', '4', '2015-10-22 15:41:44', 'Genuine Call', 'Urban Area', 63, 523, NULL, 0, 0, 'M', 'Regular', 'doctor info', 'Y', 'call transferred to doctor'),
(147, '01913184473', '4', '2015-10-22 17:24:45', 'Genuine Call', 'Rural Area', NULL, NULL, NULL, 0, 0, 'M', 'Regular', 'doctor info', 'Y', 'transfer to   doctor '),
(148, '01746704031', '4', '2015-10-23 01:12:12', 'False Call', 'Not Defined', NULL, NULL, NULL, 0, 0, 'M', 'SMS promotional', 'doctor info', 'Y', 'not response  '),
(149, '01937692377', '4', '2015-10-23 03:17:49', 'False Call', 'Rural Area', NULL, NULL, NULL, 0, 0, 'M', 'Regular', 'doctor info', 'Y', 'no response'),
(150, '01726719692', '4', '2015-10-23 05:06:50', 'Genuine Call', 'Urban Area', 28, NULL, NULL, 0, 0, 'M', 'Regular', 'doctor info', 'Y', 'No response'),
(151, '01731651097', '4', '2015-10-23 06:39:12', 'Genuine Call', 'Rural Area', NULL, NULL, NULL, 0, 0, 'M', 'Regular', 'doctor info', 'Y', 'network problem'),
(152, '01915788939', '4', '2015-10-23 08:21:13', 'Genuine Call', 'Urban Area', 28, NULL, NULL, 0, 0, 'M', 'Regular', 'doctor info', 'Y', 'Call transfer to doctor'),
(153, '01987116939', '4', '2015-10-23 08:48:48', 'Genuine Call', 'Rural Area', NULL, NULL, NULL, 0, 0, 'F', 'Regular', 'doctor info', 'Y', 'network problem'),
(154, '01987116939', '4', '2015-10-23 09:34:12', 'Genuine Call', 'Rural Area', NULL, NULL, NULL, 0, 0, 'F', 'Regular', 'doctor info', 'Y', 'call transfer to doctor'),
(155, '01913031558', '4', '2015-10-23 16:31:55', 'False Call', 'Not Defined', NULL, NULL, NULL, 0, 0, 'M', 'Regular', 'doctor info', 'Y', 'false call'),
(156, '01980594442', '4', '2015-10-24 02:07:21', 'Genuine Call', 'Urban Area', 28, NULL, NULL, 0, 0, 'M', 'Regular', 'doctor info', 'Y', 'No response call'),
(157, '01917325153', '4', '2015-10-24 02:17:34', 'Genuine Call', 'Rural Area', NULL, NULL, NULL, 0, 0, 'M', 'Regular', 'doctor info', 'Y', 'no response.'),
(158, '01716200082', '4', '2015-10-24 03:32:36', 'Genuine Call', 'Urban Area', 28, NULL, NULL, 0, 0, 'M', 'Regular', 'doctor info', 'Y', 'Call transfer to doctor'),
(159, '01623687743', '4', '2015-10-24 04:09:37', 'Genuine Call', 'Urban Area', 28, NULL, NULL, 0, 0, 'M', 'Regular', 'doctor info', 'Y', 'Missed call'),
(160, '01875221663', '4', '2015-10-24 05:06:53', 'Genuine Call', 'Urban Area', 28, NULL, NULL, 0, 0, 'M', 'Regular', 'doctor info', 'Y', 'No response clearly'),
(161, '01752314834', '4', '2015-10-24 05:25:27', 'Genuine Call', 'Not Defined', NULL, NULL, NULL, 0, 0, 'M', 'Regular', 'doctor info', 'Y', 'no response.'),
(162, '01731422203', '4', '2015-10-24 07:33:05', 'Genuine Call', 'Urban Area', 28, NULL, NULL, 0, 0, 'M', 'Regular', 'doctor info', 'Y', 'No response call'),
(163, '01991371382', '4', '2015-10-24 08:03:39', 'Genuine Call', 'Not Defined', NULL, NULL, NULL, 0, 0, 'M', 'Regular', 'doctor info', 'Y', 'wanted to consult with dr. , call transferred to dr.'),
(164, '01987116939', '4', '2015-10-24 08:32:18', 'Genuine Call', 'Urban Area', 28, NULL, NULL, 0, 0, 'M', 'Regular', 'doctor info', 'Y', 'No response call'),
(165, '01859487450', '4', '2015-10-24 09:46:45', 'Genuine Call', 'Rural Area', 68, 565, NULL, 0, 0, 'M', 'Regular', 'doctor info', 'Y', 'complain against Panchagarh District Hospital '),
(166, '01950487345', '4', '2015-10-24 10:22:31', 'Genuine Call', 'Urban Area', 28, 618, NULL, 0, 0, 'M', 'Regular', 'doctor info', 'Y', 'call transferred to doctor'),
(167, '01980242414', '4', '2015-10-24 10:46:43', 'Genuine Call', 'Urban Area', 25, 219, NULL, 0, 0, 'M', 'Regular', 'doctor info', 'Y', 'call transferred to doctor'),
(168, '01980242414', '4', '2015-10-24 10:48:37', 'Genuine Call', 'Urban Area', 25, 219, NULL, 0, 0, 'M', 'Regular', 'doctor info', 'Y', 'call transferred to doctor'),
(169, '01921474060', '4', '2015-10-24 11:00:20', 'Genuine Call', 'Urban Area', 49, 401, NULL, 0, 0, 'M', 'Regular', 'doctor info', 'Y', 'call transferred to doctor'),
(170, '01735569909', '4', '2015-10-24 11:19:55', 'False Call', 'Rural Area', NULL, NULL, NULL, 0, 0, 'M', 'Regular', 'doctor info', 'Y', 'no response'),
(171, '01727929042', '4', '2015-10-24 13:04:54', 'False Call', 'Rural Area', NULL, NULL, NULL, 0, 0, 'M', 'Regular', 'doctor info', 'Y', 'disturbing call'),
(172, '01744378581', '4', '2015-10-24 13:10:46', 'False Call', 'Rural Area', NULL, NULL, NULL, 0, 0, 'M', 'Regular', 'doctor info', 'Y', 'no response'),
(173, '01713599090', '4', '2015-10-24 13:24:18', 'Genuine Call', 'Urban Area', 51, 427, NULL, 0, 0, 'M', 'Regular', 'doctor info', 'Y', 'call transferred to doctor'),
(174, '01729692539', '4', '2015-10-24 13:34:39', 'Genuine Call', 'Rural Area', NULL, NULL, NULL, 0, 0, 'M', 'Regular', 'doctor info', 'Y', 'doctor was busy so that unable to transfer call '),
(175, '01729692539', '4', '2015-10-24 13:34:43', 'Genuine Call', 'Rural Area', NULL, NULL, NULL, 0, 0, 'M', 'Regular', 'doctor info', 'Y', 'doctor was busy so that unable to transfer call '),
(176, '01724079237', '4', '2015-10-24 13:35:27', 'Genuine Call', 'Rural Area', NULL, NULL, NULL, 0, 0, 'M', 'Regular', 'doctor info', 'Y', 'network problem'),
(177, '29331401', '4', '2015-10-24 13:36:36', 'False Call', 'Rural Area', NULL, NULL, NULL, 0, 0, 'M', 'Regular', 'doctor info', 'Y', 'no response'),
(178, '01675162368', '4', '2015-10-24 13:50:27', 'False Call', 'Rural Area', NULL, NULL, NULL, 0, 0, 'M', 'Regular', 'doctor info', 'Y', 'no response'),
(179, '01704404424', '4', '2015-10-24 13:54:06', 'False Call', 'Rural Area', NULL, NULL, NULL, 0, 0, 'M', 'Regular', 'doctor info', 'Y', 'call transfer to doctor'),
(180, '01675162368', '4', '2015-10-24 14:03:18', 'Genuine Call', 'Urban Area', 35, 317, NULL, 0, 0, 'M', 'Regular', 'doctor info', 'Y', 'took child specialist number'),
(181, '01704404424', '4', '2015-10-24 14:04:55', 'Genuine Call', 'Urban Area', 28, 618, NULL, 0, 0, 'F', 'Regular', 'doctor info', 'Y', 'call transferred to doctor '),
(182, '2005', '4', '2015-10-24 17:16:04', 'False Call', 'Not Defined', NULL, NULL, NULL, 0, 0, 'M', 'Regular', 'doctor info', 'Y', 'test call'),
(183, '01752569002', '4', '2015-10-25 01:34:11', 'False Call', 'Not Defined', NULL, NULL, NULL, 0, 0, 'M', 'Regular', 'doctor info', 'Y', 'false call'),
(184, '01785652463', '4', '2015-10-25 01:35:04', 'False Call', 'Rural Area', NULL, NULL, NULL, 0, 0, 'M', 'Regular', 'doctor info', 'Y', 'false call'),
(185, '01785652463', '4', '2015-10-25 01:40:04', 'False Call', 'Rural Area', NULL, NULL, NULL, 0, 0, 'M', 'Regular', 'doctor info', 'Y', 'false call'),
(186, '01924396045', '4', '2015-10-25 03:08:43', 'Genuine Call', 'Rural Area', NULL, NULL, NULL, 0, 0, 'M', 'Regular', 'doctor info', 'Y', 'wanted to talk with doctor.'),
(187, '01722728453', '4', '2015-10-25 03:21:25', 'Genuine Call', 'Rural Area', NULL, NULL, NULL, 0, 0, 'M', 'Regular', 'doctor info', 'N', 'd0ctor information'),
(188, '01793005986', '4', '2015-10-25 03:47:51', 'False Call', 'Rural Area', NULL, NULL, NULL, 0, 0, 'M', 'Regular', 'doctor info', 'Y', 'call dropped.'),
(189, '01793005986', '4', '2015-10-25 03:51:32', 'Genuine Call', 'Rural Area', 26, 234, NULL, 0, 0, 'M', 'Regular', 'doctor info', 'Y', 'call transferred to doctor'),
(190, '01920986759', '4', '2015-10-25 05:12:03', 'Genuine Call', 'Urban Area', 28, 257, NULL, 0, 0, 'M', 'Regular', 'doctor info', 'Y', 'took child specialist number'),
(191, '01787094861', '4', '2015-10-25 05:36:55', 'Genuine Call', 'Rural Area', NULL, NULL, NULL, 0, 0, 'M', 'Regular', 'doctor info', 'Y', 'network problem , nothing understand.'),
(192, '01914982983', '4', '2015-10-25 06:08:51', 'False Call', 'Rural Area', NULL, NULL, NULL, 0, 0, 'M', 'Regular', 'doctor info', 'Y', 'no response'),
(193, '01929378484', '4', '2015-10-25 06:10:09', 'Genuine Call', 'Rural Area', NULL, NULL, NULL, 0, 0, 'M', 'Regular', 'doctor info', 'Y', 'nothing understand because of network problem.'),
(194, '01787094861', '4', '2015-10-25 06:12:39', 'Genuine Call', 'Rural Area', 69, 572, NULL, 0, 0, 'M', 'Regular', 'doctor info', 'Y', 'call transferred to doctor'),
(195, '01914982936', '4', '2015-10-25 06:16:04', 'Genuine Call', 'Rural Area', NULL, NULL, NULL, 0, 0, 'M', 'Regular', 'doctor info', 'Y', 'no response.'),
(196, '01611552766', '4', '2015-10-25 08:47:09', 'Genuine Call', 'Rural Area', NULL, NULL, NULL, 0, 0, 'M', 'Regular', 'doctor info', 'Y', 'missedcall'),
(197, '01611552766', '4', '2015-10-25 08:47:45', 'Genuine Call', 'Rural Area', NULL, NULL, NULL, 0, 0, 'M', 'Regular', 'doctor info', 'Y', 'call transferred to doctor. '),
(198, '01915959226', '4', '2015-10-25 09:27:26', 'Genuine Call', 'Rural Area', NULL, NULL, NULL, 0, 0, 'M', 'Regular', 'doctor info', 'Y', 'call transfer to doctor'),
(199, '01961858927', '4', '2015-10-25 09:50:07', 'Genuine Call', 'Urban Area', 28, NULL, NULL, 0, 0, 'M', 'Regular', 'doctor info', 'Y', 'No response call'),
(200, '01725770888', '4', '2015-10-25 10:16:06', 'False Call', 'Rural Area', NULL, NULL, NULL, 0, 0, 'F', 'Regular', 'doctor info', 'Y', 'no response'),
(201, '01722484702', '4', '2015-10-25 12:33:12', 'Genuine Call', 'Urban Area', 28, NULL, NULL, 0, 0, 'M', 'Regular', 'doctor info', 'Y', 'No response call'),
(202, '01725770888', '4', '2015-10-25 13:05:01', 'False Call', 'Rural Area', NULL, NULL, NULL, 0, 0, 'M', 'Regular', 'doctor info', 'Y', 'no response'),
(203, '01912456624', '4', '2015-10-25 13:27:54', 'Genuine Call', 'Rural Area', 28, NULL, NULL, 0, 0, 'F', 'Regular', 'doctor info', 'Y', 'Network problem'),
(204, '01912456624', '4', '2015-10-25 13:49:59', 'False Call', 'Rural Area', NULL, NULL, NULL, 0, 0, 'F', 'Regular', 'doctor info', 'Y', 'false call disconnected by user'),
(205, '01737051219', '4', '2015-10-25 17:50:47', 'Genuine Call', 'Rural Area', NULL, NULL, NULL, 0, 0, 'M', 'Regular', 'doctor info', 'Y', 'transfer to doctor'),
(206, '01990759563', '4', '2015-10-25 17:56:40', 'False Call', 'Not Defined', NULL, NULL, NULL, 0, 0, 'M', 'Regular', 'doctor info', 'Y', 'false call\r\n'),
(207, '01918257748', '4', '2015-10-26 03:09:02', 'False Call', 'Rural Area', NULL, NULL, NULL, 0, 0, 'M', 'Regular', 'doctor info', 'Y', 'no response'),
(208, '01912256067', '4', '2015-10-26 04:11:17', 'False Call', 'Rural Area', NULL, NULL, NULL, 0, 0, 'M', 'Regular', 'doctor info', 'Y', 'query about shasto batayon'),
(209, '01991660838', '4', '2015-10-26 04:29:38', 'Genuine Call', 'Urban Area', 28, NULL, NULL, 0, 0, 'F', 'Regular', 'doctor info', 'Y', 'Call transfer to doctor'),
(210, '01750425232', '4', '2015-10-26 04:54:52', 'Genuine Call', 'Rural Area', NULL, NULL, NULL, 0, 0, 'F', 'Regular', 'doctor info', 'Y', 'call transfer to doctor'),
(211, '01713820695', '4', '2015-10-26 08:11:56', 'False Call', 'Rural Area', NULL, NULL, NULL, 0, 0, 'M', 'Regular', 'doctor info', 'Y', 'transdfer to doctor');

-- --------------------------------------------------------

--
-- Table structure for table `hlink_cdr_info`
--

CREATE TABLE IF NOT EXISTS `hlink_cdr_info` (
  `id` int(11) NOT NULL,
  `msisdn` varchar(20) DEFAULT NULL,
  `doctor_id` varchar(20) DEFAULT NULL,
  `call_date` timestamp NULL DEFAULT CURRENT_TIMESTAMP,
  `call_type` varchar(30) DEFAULT NULL,
  `cheif_complain` varchar(500) DEFAULT NULL,
  `call_region` varchar(20) DEFAULT NULL,
  `district_id` int(11) DEFAULT NULL,
  `thana_id` int(11) DEFAULT NULL,
  `union_id` int(11) DEFAULT NULL,
  `age_year` int(4) DEFAULT NULL,
  `age_month` int(4) DEFAULT NULL,
  `sex` enum('F','M') DEFAULT 'F',
  `campaign_type` varchar(30) DEFAULT NULL,
  `prv_diagnosis_id` int(11) DEFAULT NULL,
  `drug1` int(11) DEFAULT NULL,
  `drug2` int(11) DEFAULT NULL,
  `drug3` int(11) DEFAULT NULL,
  `referred_to` varchar(30) DEFAULT NULL,
  `specialist_type` varchar(30) DEFAULT NULL,
  `is_satisfied` enum('Y','N') DEFAULT 'N',
  `note` varchar(1000) DEFAULT NULL,
  `service_type` varchar(100) NOT NULL
) ENGINE=InnoDB AUTO_INCREMENT=472 DEFAULT CHARSET=latin1;

--
-- Dumping data for table `hlink_cdr_info`
--

INSERT INTO `hlink_cdr_info` (`id`, `msisdn`, `doctor_id`, `call_date`, `call_type`, `cheif_complain`, `call_region`, `district_id`, `thana_id`, `union_id`, `age_year`, `age_month`, `sex`, `campaign_type`, `prv_diagnosis_id`, `drug1`, `drug2`, `drug3`, `referred_to`, `specialist_type`, `is_satisfied`, `note`, `service_type`) VALUES
(1, '01737548866', '1', '2015-09-30 18:00:00', 'Medical', 'Test Complain', 'Rural Area', 12, 102, 64, 23, 4, 'F', 'Regular', 3, 2, 2, 3, 'General Practitioner', '1', 'Y', 'Test Note', ''),
(2, '01737548866', '1', '2015-10-01 09:11:50', 'Medical', 'test complain', 'Rural Area', 15, 130, 3358, 26, 5, 'F', 'Regular', 4, 2, 3, 4, 'Specialist', '4', 'N', 'test note', ''),
(3, '01737548866', '1', '2015-10-01 09:57:32', 'Medical', 'Test Complain', 'Not Defined', NULL, NULL, NULL, 26, 8, 'F', 'Regular', 3, 4, 4, NULL, 'Advise Only', NULL, 'N', 'Note', ''),
(4, '01956522734', '8', '2015-10-01 13:40:16', 'Medical', 'Lean body', 'Rural Area', NULL, NULL, NULL, 19, 0, 'F', 'Regular', 7, NULL, NULL, NULL, 'General Practitioner', NULL, 'Y', 'Incomplete', ''),
(5, '01922639656', '17', '2015-10-07 07:00:39', 'Medical', 'quiry about hepb', 'Rural Area', 28, NULL, NULL, 30, 0, 'F', 'Regular', 7, NULL, NULL, NULL, 'Advise Only', NULL, 'Y', 'quiry about hepb', ''),
(6, '01740846672', '18', '2015-10-07 07:02:37', 'Medical', 'couldn''t tel. because call was ended.', 'Rural Area', NULL, NULL, NULL, 30, 0, 'F', 'Regular', 1, NULL, NULL, NULL, 'General Practitioner', NULL, 'Y', 'couldn''t tel. because call was ended.', ''),
(7, '01706104284', '18', '2015-10-07 07:14:51', 'Medical', 'about masterbation', 'Rural Area', NULL, NULL, NULL, 13, 3, 'M', 'Regular', 10, NULL, NULL, NULL, 'Advise Only', NULL, 'Y', 'call was transferred to DR. Dipu. but the caller ended the call before conversation.', ''),
(8, '01856735576', '20', '2015-10-09 09:12:43', 'Medical', 'painful swallowing at one side of throat, discomfort during swallowing', 'Urban Area', NULL, NULL, NULL, 17, 0, 'M', 'Regular', 7, 8, 7, NULL, 'Specialist', '', 'Y', 'advice given about home remedy & to go to ENT specialist if the given treatment & home remedy can''t make any betterment', ''),
(9, '01752732952', '20', '2015-10-09 13:51:57', 'Medical', 'didn''t stated the problem, wanted to consult a male doctor', 'Urban Area', NULL, NULL, NULL, 25, 0, 'M', 'Regular', 10, NULL, NULL, NULL, 'General Practitioner', NULL, 'Y', 'call was transferred to Male Doctor', ''),
(10, '01787671968', '12', '2015-10-10 06:28:03', 'Medical', 'fever,pain', 'Urban Area', 28, 248, 95, 32, 3, 'M', 'Regular', 5, 7, 2, NULL, 'Specialist', '6', 'Y', 'diabetic patient,suffering from fever & back pain.previous history of burning sensation during micturation.i suggested him for urine r/m/e & then consult with medicine specialist & to continue nsaid.', ''),
(11, '01967916171', '12', '2015-10-12 03:17:50', 'Medical', 'cough,blood mixed cough,cold', 'Urban Area', 28, 251, 693, 25, 3, 'M', 'Regular', 3, 4, 8, NULL, 'Advise Only', NULL, 'Y', 'cough for 7 days,mixed with blood during coughing,sneezing & cold.', ''),
(12, '01741742123', '12', '2015-10-12 04:06:26', 'Medical', 'burning micturation,lower abdominal pain', 'Rural Area', 13, 117, NULL, 21, 1, 'F', 'Regular', 7, 6, 8, NULL, 'Advise Only', NULL, 'Y', 'burning micturation,lower abdominal pain.I advised her to do urine rme,& advised for anti spasmodic', ''),
(13, '01981960419', '12', '2015-10-12 04:13:18', 'Medical', 'infection of great toe', 'Rural Area', 20, 181, NULL, 23, 2, 'M', 'Regular', 6, 9, 8, NULL, 'Hospital', NULL, 'Y', 'probably nail evultion needed', ''),
(14, '01737548866', '1', '2015-10-12 08:19:19', 'Medical', 'Test', 'Not Defined', NULL, NULL, NULL, 12, 4, 'F', 'Regular', 2, 2, 6, 9, 'Specialist', '1', 'Y', 'Test Note', 'Advice Only'),
(15, '01727069347', '25', '2015-10-12 15:32:39', 'Medical', 'children weakness', 'Rural Area', 37, 326, NULL, 25, 2, 'M', 'Regular', 7, NULL, NULL, NULL, 'Hospital', NULL, 'Y', '', 'Advice Only'),
(16, '01626016065', '18', '2015-10-13 02:24:08', 'Medical', 'chest pain, p/h/o cardiac disease', 'Urban Area', 28, NULL, NULL, 55, 5, 'F', 'Regular', 9, 1, NULL, NULL, 'Specialist', '6', 'Y', 'couldn''t mention the name of the drugs currently taken.', 'Medicine and Advice'),
(17, '01737548866', '1', '2015-10-13 05:26:24', 'Medical', '', 'Urban Area', 18, 152, 434, 15, 2, 'F', 'Regular', 4, 4, NULL, NULL, 'No Referral', NULL, 'Y', '', 'Medicine and Advice'),
(18, '01930508636', '18', '2015-10-13 05:46:30', 'Medical', 'mal-digestion, flatulence, over crying', 'Urban Area', 28, NULL, NULL, 1, 10, 'M', 'Regular', 7, 8, NULL, NULL, 'Specialist', '11', 'Y', 'dx-lactose intolerance. rx-syp flacol .    refd. to Paediatrician.', 'Medicine and Advice'),
(19, '01930508636', '18', '2015-10-13 08:01:56', 'Medical', 'mal digestion, flatulence, over crying', 'Urban Area', 28, NULL, NULL, 0, 10, 'M', 'Regular', 7, NULL, NULL, NULL, 'Specialist', '11', 'Y', 'syp- flacol. refd. to Paediatrician', 'Medicine and Advice'),
(20, '01912917709', '18', '2015-10-13 08:55:05', 'Medical', 'injury over the ear yesterday', 'Urban Area', 51, NULL, NULL, 35, 5, 'M', 'Regular', 7, NULL, NULL, NULL, 'No Referral', NULL, 'Y', 'no vomiting, tinnitus, earache, headache, virtigo, bleeding.  caller wanted to know about our telemedicine service.', 'Advice Only'),
(21, '29857940', '8', '2015-10-13 10:12:23', 'Medical', 'Insomnia for two to three months', 'Urban Area', 28, 255, NULL, 28, 0, 'M', 'Regular', 7, 8, NULL, NULL, 'Specialist', '6', 'Y', 'Anxiety', 'Medicine and Advice'),
(22, '01935225381', '8', '2015-10-13 12:40:39', 'Medical', 'Patient of diabetes Mellitus , breathing discomfort when tries to run or rapid walk , ', 'Urban Area', 28, 618, NULL, 46, 0, 'M', 'Regular', 7, NULL, NULL, NULL, 'No Referral', NULL, 'N', 'Info given', 'Health Information'),
(23, '01516785551', '8', '2015-10-13 13:19:37', 'Medical', 'Wants to know PLID ', 'Urban Area', 28, 618, NULL, 30, 0, 'M', 'Regular', 7, NULL, NULL, NULL, 'No Referral', NULL, 'N', 'Info given', 'Health Information'),
(24, '01970007622', '32', '2015-10-13 13:33:41', 'Medical', 'cough..diarrhoea..abdominal fullness', 'Urban Area', 28, NULL, NULL, 0, 10, 'M', 'Regular', 3, NULL, NULL, NULL, 'No Referral', NULL, 'N', '', 'Medicine'),
(25, '01720973923', '8', '2015-10-13 13:37:37', 'Medical', 'Amenorrhoea for 1.5 months , burning in abdomen and body ', 'Urban Area', 34, 310, NULL, 16, 0, 'F', 'Regular', 1, 1, NULL, NULL, 'Specialist', '9', 'N', 'Info given', 'Health Information'),
(26, '01937624188', '32', '2015-10-13 13:49:29', 'Medical', 'weight gain', 'Urban Area', 28, 251, 693, 16, 0, 'F', 'Regular', 7, NULL, NULL, NULL, 'No Referral', NULL, 'N', '', 'Advice Only'),
(27, '01964006212', '32', '2015-10-13 14:03:44', 'Medical', 'nasal obstruction..', 'Urban Area', 69, 569, NULL, 28, 0, 'M', 'Regular', 3, 5, NULL, NULL, 'Specialist', '6', 'Y', 'nasal polyp...sore throat..', 'Medicine and Advice'),
(28, '01971827204', '8', '2015-10-13 14:11:39', 'Medical', 'Lower Abdominal pain , cramping for 5-7 days', 'Rural Area', 69, 573, NULL, 17, 0, 'M', 'Regular', 9, NULL, NULL, NULL, 'No Referral', NULL, 'N', 'Incomplete', ''),
(29, '01912336129', '32', '2015-10-13 14:13:09', 'Medical', 'weakness', 'Rural Area', 53, 439, 3146, 30, 0, 'F', 'Regular', 11, NULL, NULL, NULL, 'No Referral', NULL, 'N', '', 'Advice Only'),
(30, '01733167118', '32', '2015-10-13 14:28:13', 'Medical', 'diarrhoea...', 'Urban Area', 12, 110, 3536, 36, 0, 'M', 'Regular', 4, 8, NULL, NULL, 'No Referral', NULL, 'N', '', 'Medicine and Advice'),
(31, '01948331881', '8', '2015-10-13 14:28:59', 'Medical', 'About Halotab', 'Urban Area', 28, 253, NULL, 35, 0, 'M', 'Regular', 7, NULL, NULL, NULL, 'No Referral', NULL, 'N', 'Given ', 'Health Information'),
(32, '01913275935', '8', '2015-10-13 14:38:49', 'Medical', 'Weight loss', 'Rural Area', 54, 450, NULL, 17, 0, 'M', 'Regular', 7, NULL, NULL, NULL, 'No Referral', NULL, 'N', 'Info given', 'Health Information'),
(33, '01938311218', '32', '2015-10-13 15:01:05', 'Medical', 'cough,constipation..', 'Rural Area', 28, 253, 92, 18, 0, 'M', 'Regular', 3, NULL, NULL, NULL, 'No Referral', NULL, 'N', '', 'Medicine and Advice'),
(34, '01918383134', '52', '2015-10-13 15:48:42', 'Medical', 'wt loss', 'Urban Area', 78, NULL, NULL, 17, 6, 'M', 'Regular', 10, NULL, NULL, NULL, 'Specialist', '6', 'Y', 'skin vd refer', 'Advice Only'),
(35, '01673951020', '52', '2015-10-13 17:06:40', 'Medical', 'cat scratch', 'Urban Area', 28, NULL, NULL, 25, 6, 'M', 'Regular', 7, NULL, NULL, NULL, 'No Referral', NULL, 'Y', 'anti-rabies', 'Advice Only'),
(36, '01918383134', '52', '2015-10-13 17:08:49', 'Medical', 'cat scratch', 'Urban Area', 28, NULL, NULL, 25, 6, 'M', 'Regular', 7, NULL, NULL, NULL, 'Hospital', NULL, 'N', 'anti rabies vaccine', ''),
(37, '01954386600', '52', '2015-10-13 21:02:46', 'Medical', 'cold', 'Urban Area', 28, 253, NULL, 16, 6, 'M', 'Regular', 3, NULL, NULL, NULL, 'No Referral', NULL, 'N', 'anti-histaminic', 'Medicine and Advice'),
(38, '01969323292', '52', '2015-10-14 01:41:50', 'Medical', 'fever', 'Urban Area', 28, NULL, NULL, 0, 0, 'M', 'Regular', 5, NULL, NULL, NULL, 'No Referral', NULL, 'N', 'paracetamol', 'Medicine and Advice'),
(39, '01910473535', '12', '2015-10-14 03:23:48', 'Medical', 'early release of semen during intercourse', 'Urban Area', 28, NULL, NULL, 24, 0, 'M', 'Regular', 1, 8, 8, NULL, 'Specialist', '', 'Y', '', 'Advice Only'),
(40, '01940096198', '18', '2015-10-14 03:42:55', 'Medical', 'wants to postdate menstruation', 'Urban Area', 78, NULL, NULL, 30, 2, 'F', 'Regular', 7, 8, NULL, NULL, 'No Referral', NULL, 'Y', 'tablet- desolon', 'Medicine and Advice'),
(41, '01976889988', '18', '2015-10-14 03:55:49', 'Medical', 'burning sensation in the legs with diabetes', 'Urban Area', 18, NULL, NULL, 57, 5, 'M', 'Regular', 7, NULL, NULL, NULL, 'Specialist', '6', 'Y', 'dx- peripheral neuropathy with DM. ', 'Advice Only'),
(42, '01833181221', '18', '2015-10-14 04:00:04', 'Medical', 'pain due to eruption of 3rd molar tooth', 'Urban Area', 30, NULL, NULL, 21, 1, 'F', 'Regular', 9, 9, NULL, NULL, 'Specialist', '11', 'Y', 'advice- mouth wash with warm water & salt. If not relieved with mouth wash & paracetamol, then consult with a dentist', 'Medicine and Advice'),
(43, '01771983084', '18', '2015-10-14 04:01:42', 'Medical', 'forein body in the eye, blurring of vision, pain in the eye', 'Urban Area', 37, NULL, NULL, 15, 2, 'M', 'Regular', 7, NULL, NULL, NULL, 'Hospital', NULL, 'N', 'refd. to hospital. call was ended before talking to the guardian', 'Advice Only'),
(44, '01913184473', '12', '2015-10-14 04:03:49', 'Medical', 'masterbation', 'Urban Area', 55, NULL, NULL, 25, 0, 'M', 'Regular', 10, NULL, NULL, NULL, 'No Referral', NULL, 'Y', '', 'Medicine'),
(45, '01939433755', '12', '2015-10-14 04:12:46', 'Medical', 'masterbation', 'Urban Area', 28, NULL, NULL, 16, 0, 'M', 'Regular', 10, NULL, NULL, NULL, 'No Referral', NULL, 'Y', '', 'Advice Only'),
(46, '01990637762', '12', '2015-10-14 04:13:48', 'Medical', 'excessive sleep', 'Urban Area', 28, NULL, NULL, 16, 9, 'M', 'Regular', 7, NULL, NULL, NULL, 'No Referral', NULL, 'Y', '', 'Advice Only'),
(47, '01939433755', '18', '2015-10-14 04:18:17', 'Medical', 'wants to increase height', 'Urban Area', 78, NULL, NULL, 16, 2, 'M', 'Regular', 7, NULL, NULL, NULL, 'No Referral', NULL, 'N', 'he is 5''6" now. was assured that it is normal. no need to worry. was adviced to take nutritious food, do exercise regularly', 'Advice Only'),
(48, '01990166411', '18', '2015-10-14 05:45:56', 'Medical', 'abdominal pain, swelling, bloating, ', 'Urban Area', 70, NULL, NULL, 30, 2, 'M', 'Regular', 4, 1, 3, NULL, 'Specialist', '1', 'Y', 'lifestyle modification', 'Medicine and Advice'),
(49, '51626401962401419', '18', '2015-10-14 06:08:47', 'Medical', 'excessive sleep, obesity', 'Urban Area', 78, NULL, NULL, 27, 3, 'M', 'Regular', 7, NULL, NULL, NULL, 'No Referral', NULL, 'Y', 'lifestyle modification, exercise, stop smoking', 'Advice Only'),
(50, '51626401929713063', '12', '2015-10-14 06:10:28', 'Medical', 'anorexia,weakness', 'Urban Area', 28, NULL, NULL, 32, 7, 'M', 'SMS', 11, NULL, NULL, NULL, 'No Referral', NULL, 'Y', '', 'Medicine and Advice'),
(51, '51626401932667877', '12', '2015-10-14 06:12:39', 'Medical', 'flatulence,chest pain', 'Urban Area', 78, NULL, NULL, 25, 7, 'M', 'Regular', 8, NULL, NULL, NULL, 'No Referral', NULL, 'Y', '', 'Medicine and Advice'),
(53, '01741385796', '18', '2015-10-14 06:51:46', 'Medical', '', 'Urban Area', 74, NULL, NULL, 20, 2, 'M', 'Regular', 11, NULL, NULL, NULL, 'No Referral', NULL, 'N', 'call was ended before giving treatment', 'Advice Only'),
(54, '01943085892', '12', '2015-10-14 07:24:22', 'Medical', 'back pain', 'Urban Area', 26, NULL, NULL, 25, 4, 'M', 'Regular', 9, 7, 2, 8, 'Specialist', '', 'N', '', 'Medicine and Advice'),
(55, '01943085892', '18', '2015-10-14 07:33:27', 'Medical', 'abdominal bloating, cough', 'Urban Area', 30, NULL, NULL, 33, 5, 'M', 'Regular', 7, 1, 3, NULL, 'General Practitioner', NULL, 'Y', 'advised to test sputum, lifestyle modification, stop smoking', 'Medicine and Advice'),
(56, '01760098538', '18', '2015-10-14 08:20:38', 'Medical', 'diaper rash of baby, obesity', 'Urban Area', 28, NULL, NULL, 0, 2, 'M', 'Regular', 7, 8, NULL, NULL, 'No Referral', NULL, 'Y', 'avoid diaper for few days, keep the genital area dry, apply D-rash ointment.   ', 'Medicine and Advice'),
(57, '01864602560', '12', '2015-10-14 08:54:45', 'Medical', 'urine dribbling', 'Urban Area', 28, NULL, NULL, 28, 0, 'M', 'Regular', 12, NULL, NULL, NULL, 'No Referral', NULL, 'Y', '', 'Advice Only'),
(58, '01963531137', '18', '2015-10-14 08:58:40', 'Medical', 'irregular menstruation, obesity', 'Urban Area', 28, NULL, NULL, 24, 2, 'F', 'Regular', 7, 8, NULL, NULL, 'Specialist', '9', 'Y', 'dx- pcos?, usg of l/a, hormonal investigation, weight reduction', 'Medicine and Advice'),
(59, '01963531137', '18', '2015-10-14 09:01:35', 'Medical', 'sore throat', 'Urban Area', 18, NULL, NULL, 33, 2, 'M', 'Regular', 9, 8, NULL, NULL, 'Specialist', '11', 'Y', 'patient is illiterate. couldn''t write down the drug name after hearing it for several times both in english & bengali. Told to call back after 1 hr', 'Medicine and Advice'),
(60, '01912376061', '12', '2015-10-14 09:13:27', 'Medical', 'generelised weakness', 'Not Defined', NULL, NULL, NULL, 18, 0, 'M', 'Regular', 7, NULL, NULL, NULL, 'No Referral', NULL, 'Y', '', 'Advice Only'),
(61, '01986253805', '11', '2015-10-14 09:18:43', 'Medical', 'want to gain weigt', 'Urban Area', 12, NULL, NULL, 21, 0, 'M', 'Regular', 7, NULL, NULL, NULL, 'No Referral', NULL, 'Y', 'adv + b+vit', 'Medicine and Advice'),
(62, '01963531137', '12', '2015-10-14 09:38:57', 'Medical', 'menstrual abnormally', 'Rural Area', 28, NULL, NULL, 24, 0, 'F', 'Regular', 7, NULL, NULL, NULL, 'No Referral', NULL, 'Y', 'health information', 'Health Information'),
(63, '01937081126', '11', '2015-10-14 10:02:42', 'Medical', 'headache', 'Urban Area', 28, NULL, NULL, 25, 0, 'M', 'Regular', 7, NULL, NULL, NULL, 'No Referral', NULL, 'Y', 'adv', 'Advice Only'),
(64, '01991317185', '55', '2015-10-14 10:11:36', 'Medical', 'nausea andlose of appetite', 'Rural Area', 28, NULL, NULL, 20, 0, 'M', 'Regular', 11, NULL, NULL, NULL, 'No Referral', NULL, 'Y', '', 'Advice Only'),
(65, '01991540149', '55', '2015-10-14 10:16:14', 'Medical', 'nutritional problem', 'Urban Area', 26, NULL, NULL, 25, 0, 'M', 'Regular', 7, NULL, NULL, NULL, 'No Referral', NULL, 'Y', '', 'Advice Only'),
(66, '01943436529', '11', '2015-10-14 10:34:29', 'Medical', 'weaness ', 'Urban Area', 34, NULL, NULL, 35, 0, 'M', 'Regular', 7, NULL, NULL, NULL, 'No Referral', NULL, 'Y', 'advice gigen', 'Advice Only'),
(67, '01970110434', '55', '2015-10-14 10:36:41', 'Medical', 'Vague complaints regarding sexual problem ', 'Rural Area', NULL, NULL, NULL, 16, 0, 'M', 'Regular', 1, NULL, NULL, NULL, 'No Referral', NULL, 'Y', '', 'Advice Only'),
(68, '01951588964', '11', '2015-10-14 10:44:12', 'Medical', 'abdominal pain + constipation', 'Urban Area', 69, NULL, NULL, 20, 0, 'M', 'Regular', 7, NULL, NULL, NULL, 'No Referral', NULL, 'Y', 'ometid + avolac', 'Medicine and Advice'),
(69, '01991591459', '55', '2015-10-14 10:44:20', 'Medical', 'cough', 'Urban Area', 62, NULL, NULL, 27, 0, 'M', 'Regular', 7, NULL, NULL, NULL, 'No Referral', NULL, 'Y', 'advise given', 'Health Information'),
(70, '01710663183', '11', '2015-10-14 10:57:00', 'Medical', 'vertigo', 'Urban Area', 49, NULL, NULL, 43, 0, 'F', 'Regular', 7, NULL, NULL, NULL, 'No Referral', NULL, 'Y', 'vergon + doctor +eye doctor', 'Advice Only'),
(71, '01954596731', '55', '2015-10-14 11:50:01', 'Medical', 'advise about weight loss', 'Rural Area', 28, NULL, NULL, 25, 0, 'F', 'Regular', 7, NULL, NULL, NULL, 'No Referral', NULL, 'Y', '', 'Health Information'),
(72, '01950280734', '55', '2015-10-14 12:24:54', 'Medical', 'menstrual problem burning micturation vaginal swelling', 'Rural Area', 32, NULL, NULL, 23, 0, 'F', 'Regular', 7, NULL, NULL, NULL, 'Specialist', '9', 'Y', 'reffered to gynocologist', 'Advice Only'),
(73, '01921722183', '55', '2015-10-14 12:40:11', 'Medical', 'constipation and bleeding during', 'Rural Area', 28, NULL, NULL, 25, 0, 'M', 'Regular', 7, NULL, NULL, NULL, 'Specialist', '2', 'N', ' referred to \r\nsurgeon', 'Advice Only'),
(74, '01772659528', '55', '2015-10-14 12:54:17', 'Medical', 'acne in face', 'Rural Area', 28, NULL, NULL, 17, 10, 'M', 'Regular', 6, NULL, NULL, NULL, 'No Referral', NULL, 'Y', 'treatment given', 'Medicine and Advice'),
(75, '01928919561', '11', '2015-10-14 13:18:22', 'Medical', 'want to be slim ', 'Urban Area', 35, NULL, NULL, 25, 0, 'F', 'Regular', 7, NULL, NULL, NULL, 'No Referral', NULL, 'Y', 'ref doctor', 'Advice Only'),
(76, '01991173238', '11', '2015-10-14 13:37:30', 'Medical', 'want to be weight gain ', 'Urban Area', 34, NULL, NULL, 28, 0, 'M', 'Regular', 7, NULL, NULL, NULL, 'No Referral', NULL, 'N', 'becozin', 'Medicine and Advice'),
(77, '01939433755', '11', '2015-10-14 13:41:46', NULL, '', 'Urban Area', 78, NULL, NULL, 0, 0, 'M', 'Regular', 1, NULL, NULL, NULL, 'No Referral', NULL, 'N', 'missed call', ''),
(78, '01939433755', '11', '2015-10-14 13:45:10', 'Non Medical', '', 'Urban Area', NULL, NULL, NULL, 0, 0, 'M', 'Regular', 1, NULL, NULL, NULL, 'No Referral', NULL, 'N', 'Disturbing caller', ''),
(79, '01922917372', '11', '2015-10-14 14:03:26', 'Medical', 'headache', 'Urban Area', 33, NULL, NULL, 22, 0, 'F', 'Regular', 7, 8, NULL, NULL, 'No Referral', NULL, 'Y', 'tufnil 200', 'Medicine and Advice'),
(80, '01765327547', '11', '2015-10-14 14:07:34', 'Medical', '', 'Urban Area', 42, NULL, NULL, 19, 0, 'M', 'Regular', 7, NULL, NULL, NULL, 'No Referral', NULL, 'N', 'incomplete call', ''),
(81, '01938849310', '11', '2015-10-14 15:09:56', 'Medical', 'vaginitis + itching', 'Urban Area', 28, NULL, NULL, 21, 0, 'M', 'Regular', 1, NULL, NULL, NULL, 'No Referral', NULL, 'N', 'hipbath + xfin', 'Medicine and Advice'),
(82, '01930243369', '11', '2015-10-14 15:12:20', 'Medical', 'cough', 'Urban Area', NULL, NULL, NULL, 22, 0, 'F', 'Regular', 7, NULL, NULL, NULL, 'No Referral', NULL, 'Y', 'mucolyt ++++', 'Medicine and Advice'),
(83, '01843621112', '11', '2015-10-14 15:27:51', 'Medical', 'nail problem', 'Urban Area', 18, NULL, NULL, 19, 0, 'M', 'Regular', 1, NULL, NULL, NULL, 'No Referral', NULL, 'N', 'gention violet +  surgeon', 'Medicine and Advice'),
(84, '01991606160', '55', '2015-10-14 15:47:03', NULL, '', 'Urban Area', 28, NULL, NULL, 22, 0, 'M', 'Regular', 11, 3, 10, NULL, 'No Referral', NULL, 'Y', '', 'Medicine'),
(85, '01744620553', '11', '2015-10-14 15:55:31', 'Medical', 'WEAKNESS + BREATHLESSNESS', 'Urban Area', 35, NULL, NULL, 25, 0, 'M', 'Regular', 7, NULL, NULL, NULL, 'No Referral', NULL, 'N', 'INCOMPLETE CONVERSASION', 'Medicine and Advice'),
(86, '01991053548', '55', '2015-10-14 15:58:00', 'Medical', '', 'Urban Area', 28, 248, NULL, 22, 0, 'M', 'Regular', 11, 3, NULL, NULL, 'No Referral', NULL, 'Y', '', 'Medicine'),
(87, '01990637762', '11', '2015-10-14 15:58:39', 'Medical', '', 'Urban Area', 28, NULL, NULL, 0, 0, 'M', 'Regular', 1, NULL, NULL, NULL, 'No Referral', NULL, 'Y', 'DISTURBING CALL', 'Advice Only'),
(88, '01916236262', '55', '2015-10-14 16:03:33', 'Non Medical', '', 'Urban Area', 28, NULL, NULL, 17, 0, 'M', 'Regular', 11, 10, NULL, NULL, 'No Referral', NULL, 'Y', 'Tab.Bextrum Gold', 'Medicine'),
(89, '01916236262', '53', '2015-10-14 16:14:38', 'Medical', '', 'Urban Area', 28, NULL, NULL, 17, 0, 'M', 'Regular', 11, 10, NULL, NULL, 'No Referral', NULL, 'Y', '', 'Medicine'),
(90, '01991425285', '11', '2015-10-14 16:21:41', 'Medical', 'pr bleeding', 'Urban Area', 28, NULL, NULL, 30, 0, 'M', 'Regular', 7, NULL, NULL, NULL, 'Specialist', '7', 'N', 'adv', ''),
(91, '01971824529', '11', '2015-10-14 16:57:53', 'Medical', 'want to be weight gain  ', 'Urban Area', 50, NULL, NULL, 15, 0, 'M', 'Regular', 7, NULL, NULL, NULL, 'No Referral', NULL, 'Y', '', 'Advice Only'),
(92, '01991359020', '11', '2015-10-14 17:13:12', 'Medical', '', 'Urban Area', NULL, NULL, NULL, 19, 0, 'M', 'Regular', 1, NULL, NULL, NULL, 'No Referral', NULL, 'N', 'incomplete conversasion', ''),
(93, '01991359020', '11', '2015-10-14 17:19:12', 'Medical', 'weakness ', 'Urban Area', NULL, NULL, NULL, 21, 0, 'M', 'Regular', 7, NULL, NULL, NULL, 'Specialist', '', 'N', 'neuro b', 'Medicine and Advice'),
(94, '01839899567', '11', '2015-10-14 17:37:03', 'Medical', 'vaccine related ', 'Urban Area', 28, NULL, NULL, 24, 0, 'M', 'Regular', 7, NULL, NULL, NULL, 'No Referral', NULL, 'N', 'advice given', 'Advice Only'),
(95, '01918817231', '53', '2015-10-14 19:08:13', 'Medical', 'bleeding per nose', 'Not Defined', NULL, NULL, NULL, 20, 0, 'F', 'Regular', 7, NULL, NULL, NULL, 'No Referral', NULL, 'N', 'call hanged', 'Health Information'),
(96, '01918817231', '11', '2015-10-14 19:10:01', 'Medical', 'epistaxis', 'Urban Area', 28, NULL, NULL, 22, 0, 'F', 'Regular', 7, NULL, NULL, NULL, 'Specialist', '7', 'N', 'antazole +doctor', 'Medicine and Advice'),
(97, '01990776492', '53', '2015-10-14 19:21:35', 'False Call', 'missed call', 'Not Defined', NULL, NULL, NULL, 0, 0, 'M', 'Regular', 7, NULL, NULL, NULL, 'No Referral', NULL, 'N', 'missed call', 'Health Information'),
(98, '01732342630', '53', '2015-10-14 19:32:00', 'Medical', 'algin', 'Urban Area', 74, NULL, NULL, 22, 0, 'M', 'Regular', 9, 6, NULL, NULL, 'No Referral', NULL, 'Y', 'algin', 'Medicine'),
(99, '01628998537', '53', '2015-10-14 19:38:24', 'False Call', '..', 'Not Defined', NULL, NULL, NULL, 0, 0, 'M', 'Regular', 7, NULL, NULL, NULL, 'No Referral', NULL, 'N', 'call hanged', 'Health Information'),
(100, '01876783782', '11', '2015-10-15 00:53:17', 'Medical', 'diarrhoea', 'Urban Area', 51, NULL, NULL, 30, 0, 'M', 'Regular', 7, NULL, NULL, NULL, 'No Referral', NULL, 'Y', 'ors', 'Advice Only'),
(101, '01991479254', '53', '2015-10-15 00:53:50', 'False Call', '..', 'Not Defined', NULL, NULL, NULL, 0, 0, 'M', 'Regular', 7, NULL, NULL, NULL, 'No Referral', NULL, 'N', '..', 'Health Information'),
(102, '01972095737', '11', '2015-10-15 02:42:07', 'Medical', '', 'Urban Area', 78, NULL, NULL, 0, 0, 'M', 'Regular', 7, NULL, NULL, NULL, 'No Referral', NULL, 'Y', 'missed call', 'Advice Only'),
(103, '01972095737', '11', '2015-10-15 03:28:18', 'Medical', '', 'Urban Area', 78, NULL, NULL, 0, 0, 'M', 'Regular', 7, NULL, NULL, NULL, 'No Referral', NULL, 'N', 'miss call', 'Advice Only'),
(104, '01913184473', '11', '2015-10-15 03:34:03', 'Medical', 'premature ejaculation', 'Urban Area', 18, NULL, NULL, 18, 4, 'M', 'Regular', 7, NULL, NULL, NULL, 'No Referral', NULL, 'Y', 'adv given', 'Advice Only'),
(105, '01815665741', '11', '2015-10-15 03:38:48', 'False Call', 'miss call', 'Not Defined', NULL, NULL, NULL, 0, 0, 'M', 'Regular', 7, NULL, NULL, NULL, 'No Referral', NULL, 'N', 'miss call', ''),
(106, '01913184473', '11', '2015-10-15 03:41:34', 'Medical', 'call after then', 'Not Defined', NULL, NULL, NULL, 0, 0, 'M', 'Regular', 1, NULL, NULL, NULL, 'No Referral', NULL, 'N', '', ''),
(107, '01913184473', '11', '2015-10-15 03:51:58', 'False Call', 'disturbing caller', 'Not Defined', NULL, NULL, NULL, 0, 0, 'M', 'Regular', 1, NULL, NULL, NULL, 'No Referral', NULL, 'N', 'disturbing caller', ''),
(108, '01715381343', '11', '2015-10-15 04:47:06', 'Medical', 'fever +cough', 'Not Defined', NULL, NULL, NULL, 35, 0, 'M', 'Regular', 5, 9, NULL, NULL, 'No Referral', NULL, 'Y', 'adv +mucolyt +napa', 'Medicine and Advice'),
(109, '01957767545', '11', '2015-10-15 05:08:48', 'Medical', 'disturbing caller', 'Not Defined', NULL, NULL, NULL, 0, 0, 'F', 'Regular', 1, NULL, NULL, NULL, 'No Referral', NULL, 'N', '', ''),
(110, '01913945443', '11', '2015-10-15 05:24:45', 'Medical', 'want to be weight gain', 'Not Defined', NULL, NULL, NULL, 17, 0, 'M', 'Regular', 7, NULL, NULL, NULL, 'No Referral', NULL, 'N', '', ''),
(111, '01814419998', '11', '2015-10-15 05:41:38', 'Medical', '', 'Not Defined', NULL, NULL, NULL, 19, 0, 'M', 'Regular', 6, NULL, NULL, NULL, 'No Referral', NULL, 'N', 'incomplete conversation\r\n', ''),
(112, '01914254172', '11', '2015-10-15 06:09:52', 'Medical', 'un usual problem', 'Not Defined', NULL, NULL, NULL, 17, 0, 'F', 'Regular', 7, NULL, NULL, NULL, 'No Referral', NULL, 'N', 'disturbing call ', ''),
(113, '01795877249', '11', '2015-10-15 06:31:50', 'Medical', 'sexual problem', 'Not Defined', NULL, NULL, NULL, 18, 0, 'M', 'Regular', 7, NULL, NULL, NULL, 'No Referral', NULL, 'N', 'adv', 'Advice Only'),
(114, '01955500555', '11', '2015-10-15 07:32:00', 'Medical', 'muscle spasm', 'Not Defined', NULL, NULL, NULL, 45, 0, 'M', 'Regular', 7, 8, NULL, NULL, 'No Referral', NULL, 'N', 'myolax +exercise', 'Medicine and Advice'),
(115, '01687205982', '11', '2015-10-15 07:35:50', 'False Call', 'silent call', 'Not Defined', NULL, NULL, NULL, 0, 0, 'M', 'Regular', 7, NULL, NULL, NULL, 'No Referral', NULL, 'N', '', ''),
(116, '01914557676', '11', '2015-10-15 07:49:18', 'Medical', 'Insomnia', 'Urban Area', 28, NULL, NULL, 23, 0, 'M', 'Regular', 7, NULL, NULL, NULL, 'No Referral', NULL, 'N', '', 'Advice Only'),
(117, '01989669119', '11', '2015-10-15 08:29:13', 'Medical', 'CKD', 'Not Defined', NULL, NULL, NULL, 65, 0, 'M', 'Regular', 7, NULL, NULL, NULL, 'Specialist', '8', 'N', 'ref doctor', 'Advice Only'),
(118, '01914328991', '60', '2015-10-15 15:29:52', NULL, '', 'Urban Area', 28, NULL, NULL, 30, 360, 'M', 'Regular', 7, 9, NULL, NULL, 'No Referral', NULL, 'Y', '', 'Medicine and Advice'),
(119, '01679828216', '60', '2015-10-15 16:04:37', 'Medical', '', 'Urban Area', 28, NULL, NULL, 20, 240, 'F', 'Regular', 2, NULL, NULL, NULL, 'No Referral', NULL, 'Y', '', 'Advice Only'),
(120, '01914092443', '60', '2015-10-15 16:13:13', 'Medical', '', 'Urban Area', 43, NULL, NULL, 10, 120, 'F', 'Regular', 9, NULL, NULL, NULL, 'No Referral', NULL, 'Y', '', 'Advice Only'),
(121, '01914995941', '60', '2015-10-16 00:38:25', 'Medical', '', 'Urban Area', 28, NULL, NULL, 16, 0, 'M', 'Regular', 6, NULL, NULL, NULL, 'No Referral', NULL, 'Y', '', 'Advice Only'),
(122, '01916100020', '60', '2015-10-16 00:45:18', 'Medical', '', 'Urban Area', 28, NULL, NULL, 25, 0, 'M', 'Regular', 9, NULL, NULL, NULL, 'No Referral', NULL, 'Y', '', 'Advice Only'),
(123, '01673338447', '20', '2015-10-16 09:24:40', 'Medical', 'ill health', 'Urban Area', 35, 317, 1028, 20, 0, 'M', 'Regular', 7, 10, 8, NULL, 'No Referral', NULL, 'Y', '', 'Medicine and Advice'),
(124, '01625622034', '20', '2015-10-16 09:38:03', 'Medical', 'ill health', 'Urban Area', 35, 317, 1028, 20, 0, 'M', 'Regular', 7, 10, 8, NULL, 'No Referral', NULL, 'Y', '', 'Medicine and Advice'),
(125, '01937323419', '56', '2015-10-16 09:38:31', 'Medical', '', 'Rural Area', 55, 457, 1949, 30, 4, 'M', 'Regular', 7, NULL, NULL, NULL, 'Specialist', '7', 'Y', '', 'Advice Only'),
(126, '01991399743', '20', '2015-10-16 10:33:15', 'Medical', 'weight loss tips', 'Urban Area', 28, 264, 3098, 18, 0, 'F', 'Regular', 7, NULL, NULL, NULL, 'No Referral', NULL, 'Y', '', 'Advice Only'),
(127, '01941647835', '20', '2015-10-16 10:51:16', 'Medical', 'early ejaculation', 'Urban Area', 18, 151, 288, 21, 0, 'M', 'Regular', 7, NULL, NULL, NULL, 'No Referral', NULL, 'Y', '', 'Advice Only'),
(128, '01913659783', '56', '2015-10-16 11:04:16', 'Medical', 'shooting pain', 'Rural Area', 78, 621, NULL, 38, 0, 'M', 'Regular', 7, NULL, NULL, NULL, 'Specialist', '5', 'Y', '', 'Medicine'),
(129, '01941647835', '20', '2015-10-16 11:12:48', 'Medical', 'early ejaculation', 'Urban Area', 18, 151, 288, 21, 0, 'M', 'Regular', 10, NULL, NULL, NULL, 'Specialist', '4', 'Y', '', 'Advice Only'),
(130, '01991540102', '20', '2015-10-16 11:23:27', 'Medical', 'hoarseness of voice for long duration', 'Urban Area', 26, 237, 1112, 19, 0, 'F', 'Regular', 7, NULL, NULL, NULL, 'Specialist', '', 'Y', '', 'Advice Only'),
(131, '01987633205', '56', '2015-10-16 11:28:47', 'Medical', 'psychiatric', 'Rural Area', 61, 510, NULL, 19, 0, 'F', 'Regular', 7, NULL, NULL, NULL, 'No Referral', NULL, 'Y', '', 'Advice Only'),
(132, '01991335675', '20', '2015-10-16 11:51:51', 'Medical', 'loss of appettite', 'Urban Area', 26, NULL, NULL, 18, 0, 'F', 'Regular', 7, 3, NULL, NULL, 'No Referral', NULL, 'Y', '', 'Medicine and Advice'),
(133, '01916201796', '56', '2015-10-16 13:12:05', 'Medical', '', 'Urban Area', 28, 271, NULL, 27, 0, 'F', 'Regular', 11, 8, NULL, NULL, 'Specialist', '6', 'Y', '', 'Medicine'),
(134, '01920531870', '56', '2015-10-16 13:13:51', 'Medical', '', 'Rural Area', 12, 107, 392, 1, 2, 'F', 'Regular', 7, NULL, NULL, NULL, 'Specialist', '2', 'Y', '', 'Advice Only'),
(135, '01991587315', '41', '2015-10-16 13:15:23', 'Medical', 'loss of appetite, constipation', 'Rural Area', 66, 553, NULL, 4, 0, 'M', 'Regular', 7, 10, 8, NULL, 'Specialist', '', 'Y', '', 'Medicine and Advice'),
(136, '01916264514', '41', '2015-10-16 13:18:22', NULL, 'ill health', 'Rural Area', 30, 286, 1334, 18, 0, 'M', 'Regular', 7, 10, 8, NULL, 'No Referral', NULL, 'Y', '', 'Medicine and Advice'),
(137, '01912302074', '56', '2015-10-16 13:36:15', 'Medical', '', 'Urban Area', 28, 249, NULL, 30, 0, 'F', 'Regular', 7, 7, NULL, NULL, 'No Referral', NULL, 'Y', '', 'Medicine'),
(138, '01950280734', '56', '2015-10-16 13:47:47', 'Medical', '', 'Urban Area', 32, 298, NULL, 23, 0, 'F', 'Regular', 7, NULL, NULL, NULL, 'No Referral', NULL, 'Y', '', 'Advice Only'),
(139, '01913757194', '20', '2015-10-16 13:52:08', 'Medical', 'burning micturation, fever', 'Urban Area', 38, 330, NULL, 25, 0, 'M', 'Regular', 7, 8, NULL, NULL, 'Specialist', '8', 'Y', '', 'Medicine and Advice'),
(140, '01717473316', '20', '2015-10-16 14:09:42', 'Non Medical', 'tips to get fair and handsome', 'Rural Area', 28, 264, NULL, 20, 0, 'M', 'Regular', 7, NULL, NULL, NULL, 'No Referral', NULL, 'N', 'call was transferred to male doctor and then caller diconnected the call', 'Advice Only'),
(141, '01911068751', '56', '2015-10-16 15:04:13', 'Medical', '', 'Urban Area', 12, 109, NULL, 28, 0, 'M', 'Regular', 7, NULL, NULL, NULL, 'No Referral', NULL, 'Y', '', 'Advice Only'),
(142, '01815665741', '18', '2015-10-17 03:32:14', 'Medical', 'difficulty during intercourse', 'Urban Area', 18, NULL, NULL, 24, 2, 'M', 'Regular', 10, NULL, NULL, NULL, 'No Referral', NULL, 'Y', 'ky jelly,e cap', 'Medicine and Advice'),
(143, '01913184473', '18', '2015-10-17 03:56:10', 'Medical', 'excessive ejaculation', 'Urban Area', 20, NULL, NULL, 18, 4, 'M', 'Regular', 10, NULL, NULL, NULL, 'Hospital', NULL, 'Y', '', 'Advice Only'),
(144, '01760098538', '18', '2015-10-17 04:20:39', 'Medical', 'uncontrolled DM', 'Urban Area', 35, NULL, NULL, 55, 2, 'F', 'Regular', 7, NULL, NULL, NULL, 'Specialist', '6', 'Y', 'adjust the dose of insulin\r\n', 'Advice Only'),
(145, '01823523292', '18', '2015-10-17 05:41:31', 'Medical', 'difficulty during intercourse', 'Urban Area', 20, NULL, NULL, 24, 2, 'M', 'Regular', 10, 8, NULL, NULL, 'No Referral', NULL, 'Y', 'kY jelly', 'Medicine and Advice'),
(146, '01625019671', '18', '2015-10-17 06:40:00', 'Medical', 'low Hb-6.2gm/dl', 'Urban Area', 28, NULL, NULL, 20, 4, 'M', 'Regular', 7, NULL, NULL, NULL, 'Hospital', NULL, 'Y', 'blood transfusion, later consult with a haematologist \r\n', 'Advice Only'),
(147, '01928691641', '12', '2015-10-17 07:00:08', 'Medical', 'pain in elbow', 'Not Defined', NULL, NULL, NULL, 25, 0, 'F', 'Regular', 9, 7, NULL, NULL, 'No Referral', NULL, 'Y', '', 'Medicine'),
(148, '01991024758', '18', '2015-10-17 07:17:54', 'Medical', 'excessive sweating of hands and feet', 'Urban Area', 28, NULL, NULL, 16, 4, 'M', 'Regular', 7, NULL, NULL, NULL, 'No Referral', NULL, 'Y', 'patient is under 18. so requested to call later with parents', 'Advice Only'),
(149, '01942716823', '12', '2015-10-17 07:33:30', 'Medical', 'contraceptive advice', 'Not Defined', NULL, NULL, NULL, 25, 0, 'M', 'Regular', 1, NULL, NULL, NULL, 'No Referral', NULL, 'Y', '', 'Medicine and Advice'),
(150, '01942716823', '18', '2015-10-17 07:46:20', 'Medical', 'family planning', 'Rural Area', 71, NULL, NULL, 26, 4, 'M', 'Regular', 1, NULL, NULL, NULL, 'No Referral', NULL, 'Y', '', 'Medicine and Advice'),
(151, '01991024758', '12', '2015-10-17 07:46:22', 'Medical', 'excessive sweating of hands', 'Not Defined', NULL, NULL, NULL, 16, 0, 'M', 'Regular', 1, NULL, NULL, NULL, 'Specialist', '6', 'Y', '', 'Advice Only'),
(152, '01954639592', '12', '2015-10-17 08:26:39', 'Medical', '', 'Not Defined', NULL, NULL, NULL, 18, 0, 'F', 'Regular', 1, NULL, NULL, NULL, 'No Referral', NULL, 'N', '', 'Advice Only'),
(153, '01911798222', '53', '2015-10-17 15:25:06', 'Medical', 'Thigh pain', 'Urban Area', 28, 248, NULL, 42, 0, 'M', 'Regular', 9, 7, 2, NULL, 'No Referral', NULL, 'Y', 'Inflam, Seclo', 'Medicine'),
(154, '01914793335', '53', '2015-10-17 15:42:47', 'Medical', 'Acne', 'Rural Area', 65, 543, NULL, 18, 0, 'M', 'Regular', 6, 8, NULL, NULL, 'No Referral', NULL, 'Y', 'Acne aid bar, Doxycycline, Fona cream', 'Medicine'),
(155, '01929469142', '53', '2015-10-17 16:01:44', 'Medical', 'weakness,insomnia', 'Rural Area', 65, 543, NULL, 50, 0, 'M', 'Regular', 11, 10, NULL, NULL, 'No Referral', NULL, 'Y', 'Bextrum silver', 'Medicine and Advice'),
(156, '01914154565', '53', '2015-10-17 16:16:11', 'Medical', 'H/O zox taking', 'Urban Area', 43, NULL, NULL, 21, 0, 'F', 'Regular', 4, NULL, NULL, NULL, 'No Referral', NULL, 'Y', 'Norvis', 'Medicine and Advice'),
(157, '01935208319', '53', '2015-10-17 16:55:40', 'Medical', 'Azith', 'Urban Area', 28, NULL, NULL, 26, 0, 'M', 'Regular', 3, 8, NULL, NULL, 'No Referral', NULL, 'Y', '', 'Medicine and Advice'),
(158, '01913184473', '53', '2015-10-17 17:11:24', 'Medical', 'Furocef', 'Urban Area', 18, NULL, NULL, 26, 0, 'M', 'Regular', 7, 8, NULL, NULL, 'No Referral', NULL, 'Y', '', 'Medicine'),
(159, '01911155518', '53', '2015-10-17 18:18:57', 'Medical', 'Lymphadenopathy', 'Urban Area', 58, NULL, NULL, 30, 0, 'F', 'Regular', 7, 8, NULL, NULL, 'No Referral', NULL, 'Y', '', 'Medicine'),
(160, '01937329124', '12', '2015-10-18 03:23:39', 'Medical', 'headache,nausea,blurring of', 'Not Defined', NULL, NULL, NULL, 6, 7, 'F', 'Regular', 9, 9, NULL, NULL, 'Specialist', '', 'Y', '', 'Medicine and Advice'),
(161, '01913184473', '17', '2015-10-18 03:23:48', 'Medical', 'dysparunia', 'Urban Area', 19, NULL, NULL, 18, 2, 'F', 'Regular', 7, 8, 10, NULL, 'No Referral', NULL, 'Y', '', 'Medicine'),
(162, '01991533427', '17', '2015-10-18 03:30:42', NULL, 'quiry about tumour', 'Urban Area', 25, NULL, NULL, 19, 0, 'F', 'Regular', 7, NULL, NULL, NULL, 'Specialist', '', 'Y', '', 'Advice Only'),
(163, '01991533427', '17', '2015-10-18 03:30:46', NULL, 'quiry about tumour', 'Urban Area', 25, NULL, NULL, 19, 0, 'F', 'Regular', 7, NULL, NULL, NULL, 'Specialist', '', 'Y', '', 'Advice Only'),
(164, '01913094759', '12', '2015-10-18 04:49:48', 'Medical', 'constipation', 'Not Defined', NULL, NULL, NULL, 34, 0, 'M', 'Regular', 7, NULL, NULL, NULL, 'No Referral', NULL, 'N', '', 'Health Information'),
(165, '01921086829', '17', '2015-10-18 04:53:36', 'Medical', 'backpain', 'Urban Area', 12, NULL, NULL, 52, 0, 'M', 'Regular', 7, 1, 9, 10, 'No Referral', NULL, 'Y', 'adv;avoid heavy work', 'Medicine'),
(166, '01991370387', '17', '2015-10-18 05:32:09', 'Medical', 'weakness', 'Urban Area', 49, NULL, NULL, 20, 0, 'M', 'Regular', 7, 10, NULL, NULL, 'No Referral', NULL, 'Y', '', 'Medicine'),
(167, '01791958547', '12', '2015-10-18 05:58:31', 'Medical', 'pervaginal excessive bleeding following taking abortificient drug', 'Rural Area', 55, 463, 4669, 24, 0, 'F', 'Regular', 1, NULL, NULL, NULL, 'Hospital', NULL, 'Y', '', 'Advice Only'),
(168, '01784815140', '12', '2015-10-18 06:46:57', 'Medical', 'weight loss', 'Rural Area', 50, 404, NULL, 18, 7, 'M', 'Regular', 1, NULL, NULL, NULL, 'No Referral', NULL, 'N', '', 'Advice Only'),
(169, '01923122964', '12', '2015-10-18 07:35:24', 'Medical', 'pain,reduced sleep after medication', 'Urban Area', 28, NULL, NULL, 27, 0, 'M', 'Regular', 7, NULL, NULL, NULL, 'No Referral', NULL, 'N', '', 'Advice Only'),
(170, '01930602527', '17', '2015-10-18 07:53:11', 'Medical', 'chronic rhinitis', 'Urban Area', 28, NULL, NULL, 25, 0, 'M', 'Regular', 7, 5, 8, NULL, 'No Referral', NULL, 'Y', '', 'Medicine'),
(171, '01815665741', '12', '2015-10-18 08:21:25', 'Medical', 'release of semen ', 'Not Defined', NULL, NULL, NULL, 18, 7, 'M', 'Regular', 10, NULL, NULL, NULL, 'Specialist', '6', 'Y', '', 'Advice Only'),
(172, '01627590007', '17', '2015-10-18 08:23:20', 'Medical', 'acidity', 'Urban Area', 28, NULL, NULL, 39, 0, 'M', 'Regular', 8, 1, 8, NULL, 'No Referral', NULL, 'Y', '', 'Medicine'),
(173, '01920731647', '17', '2015-10-18 08:44:20', 'Medical', 'over weight', 'Urban Area', 44, 376, NULL, 17, 0, 'F', 'Regular', 7, NULL, NULL, NULL, 'No Referral', NULL, 'Y', '', 'Advice Only'),
(174, '01914496491', '12', '2015-10-18 08:52:54', 'Medical', 'dry mouth', 'Rural Area', 28, NULL, NULL, 65, 0, 'M', 'Regular', 7, 10, NULL, NULL, 'No Referral', NULL, 'Y', '', 'Medicine and Advice'),
(175, '01938849403', '12', '2015-10-18 09:00:55', 'Medical', 'fever', 'Urban Area', 28, NULL, NULL, 24, 0, 'F', 'Regular', 1, 9, 10, 10, 'No Referral', NULL, 'Y', '', 'Medicine and Advice'),
(176, '01938849403', '17', '2015-10-18 09:09:08', 'Medical', 'fever', 'Urban Area', 78, NULL, NULL, 24, 0, 'F', 'Regular', 1, 9, NULL, NULL, 'No Referral', NULL, 'Y', '', 'Medicine'),
(177, '01679828216', '22', '2015-10-18 09:45:07', 'Medical', 'amenorrea', 'Urban Area', 28, NULL, NULL, 20, 0, 'F', 'Regular', 1, NULL, NULL, NULL, 'No Referral', NULL, 'Y', '', 'Advice Only'),
(178, '01920239028', '22', '2015-10-18 11:17:29', 'Medical', 'ask abt breast feeding', 'Rural Area', 22, NULL, NULL, 36, 0, 'F', 'Regular', 7, NULL, NULL, NULL, 'No Referral', NULL, 'Y', '', 'Advice Only'),
(179, '01784747135', '22', '2015-10-18 11:54:14', 'Medical', 'pr bleeding', 'Urban Area', 28, NULL, NULL, 30, 0, 'M', 'Regular', 7, NULL, NULL, NULL, 'No Referral', NULL, 'Y', '', 'Advice Only'),
(180, '01950026195', '22', '2015-10-18 12:02:46', 'Medical', 'incontinence of urine', 'Urban Area', 28, NULL, NULL, 31, 0, 'M', 'Regular', 7, 8, NULL, NULL, 'No Referral', NULL, 'Y', '', 'Medicine and Advice'),
(181, '01989537488', '22', '2015-10-18 13:30:38', 'Medical', 'back pain', 'Rural Area', 35, NULL, NULL, 24, 0, 'M', 'Regular', 7, NULL, NULL, NULL, 'No Referral', NULL, 'Y', '', 'Advice Only'),
(182, '01715884244', '22', '2015-10-18 13:46:15', 'Medical', 'scalp infetion', 'Rural Area', 54, NULL, NULL, 46, 0, 'M', 'Regular', 6, NULL, NULL, NULL, 'No Referral', NULL, 'Y', '', 'Advice Only'),
(183, '01913094793', '22', '2015-10-18 14:08:40', 'Medical', 'loose motion', 'Rural Area', 28, NULL, NULL, 20, 0, 'M', 'Regular', 4, 8, NULL, NULL, 'No Referral', NULL, 'Y', '', 'Medicine'),
(184, '01815665741', '22', '2015-10-18 14:39:55', 'Medical', 'knee pain', 'Rural Area', 18, NULL, NULL, 25, 0, 'M', 'Regular', 7, NULL, NULL, NULL, 'No Referral', NULL, 'N', '', 'Advice Only'),
(185, '01962400743', '22', '2015-10-18 14:52:58', 'Medical', 'joint pain', 'Urban Area', 18, NULL, NULL, 45, 0, 'F', 'Regular', 7, 8, NULL, NULL, 'No Referral', NULL, 'Y', '', 'Medicine'),
(186, '01913074398', '41', '2015-10-18 15:06:03', 'Medical', '', 'Not Defined', NULL, NULL, NULL, 18, 0, 'M', 'Regular', 6, NULL, NULL, NULL, 'Specialist', '4', 'Y', '', ''),
(187, '01946565833', '22', '2015-10-18 15:23:34', 'Medical', '', 'Urban Area', 28, NULL, NULL, 30, 0, 'M', 'Regular', 9, 9, NULL, NULL, 'Specialist', '6', 'Y', '', 'Medicine and Advice'),
(188, '01915648110', '60', '2015-10-18 16:28:17', 'Medical', '', 'Urban Area', 78, NULL, NULL, 35, 0, 'M', 'Regular', 9, NULL, NULL, NULL, 'No Referral', NULL, 'Y', '', 'Advice Only'),
(189, '01717121831', '60', '2015-10-18 16:59:20', 'Medical', '', 'Rural Area', NULL, NULL, NULL, 4, 0, 'F', 'Regular', 5, 9, NULL, NULL, 'No Referral', NULL, 'Y', '', 'Medicine'),
(190, '01930602527', '60', '2015-10-18 17:32:41', 'Medical', '', 'Urban Area', 30, NULL, NULL, 25, 0, 'M', 'Regular', 7, 5, NULL, NULL, 'Specialist', '6', 'Y', '', 'Medicine and Advice'),
(191, '01753166287', '60', '2015-10-18 17:49:39', 'Medical', '', 'Not Defined', NULL, NULL, NULL, 35, 0, 'M', 'Regular', 7, NULL, NULL, NULL, 'No Referral', NULL, 'Y', '', 'Advice Only'),
(192, '01971824529', '60', '2015-10-18 18:44:07', 'Medical', '', 'Urban Area', 30, NULL, NULL, 24, 0, 'M', 'Regular', 11, 10, NULL, NULL, 'No Referral', NULL, 'Y', '', 'Medicine and Advice'),
(193, '01515264351', '42', '2015-10-18 19:56:20', 'Medical', '', 'Not Defined', NULL, NULL, NULL, 18, 0, 'M', 'Regular', 7, 1, NULL, NULL, 'No Referral', NULL, 'Y', '', 'Medicine'),
(194, '01913184473', '12', '2015-10-19 03:35:25', 'Medical', 'dyspareunia,premature ejaculation', 'Urban Area', 18, NULL, NULL, 18, 0, 'M', 'Regular', 1, NULL, NULL, NULL, 'No Referral', NULL, 'Y', '', 'Advice Only'),
(195, '01937202311', '20', '2015-10-19 03:37:36', NULL, 'ill health', 'Urban Area', 55, NULL, NULL, 16, 0, 'M', 'Regular', 7, 10, NULL, NULL, 'No Referral', NULL, 'Y', '', 'Medicine and Advice'),
(196, '01990482781', '12', '2015-10-19 04:13:49', 'Medical', 'back pain', 'Urban Area', 28, NULL, NULL, 24, 0, 'M', 'Regular', 1, 7, 1, NULL, 'No Referral', NULL, 'Y', '', 'Medicine and Advice'),
(197, '01990482781', '20', '2015-10-19 04:22:24', 'Medical', 'inquiry about taking anti-ulcerant before NSAIDS', 'Urban Area', 18, NULL, NULL, 24, 0, 'M', 'Regular', 7, NULL, NULL, NULL, 'No Referral', NULL, 'Y', '', 'Advice Only'),
(198, '01715959078', '12', '2015-10-19 04:49:21', 'Medical', 'chronic allergies', 'Urban Area', 28, NULL, NULL, 27, 0, 'M', 'Regular', 7, 5, 4, NULL, 'Specialist', '6', 'Y', '', 'Medicine and Advice'),
(199, '01914253909', '20', '2015-10-19 04:52:53', 'Medical', 'discomfort feeling over the superior surface of tongue,burning sensation, aguesia for two days.', 'Urban Area', 18, NULL, NULL, 24, 0, 'F', 'Regular', 7, NULL, NULL, NULL, 'Specialist', '', 'Y', '', 'Medicine and Advice'),
(200, '01914253909', '20', '2015-10-19 04:55:05', 'Medical', 'discomfort feeling over the superior surface of tongue,burning sensation, aguesia for two days. ', 'Urban Area', 18, NULL, NULL, 24, 0, 'F', 'Regular', 7, 8, NULL, NULL, 'Specialist', '', 'Y', '', 'Medicine and Advice'),
(201, '01623948529', '20', '2015-10-19 05:33:30', 'Medical', 'rt sided lower abdominal mild pain', 'Urban Area', 33, NULL, NULL, 27, 0, 'M', 'Regular', 7, 6, NULL, NULL, 'Specialist', '1', 'Y', '', 'Medicine and Advice'),
(202, '01913758082', '20', '2015-10-19 07:45:24', 'Medical', 'ill health', 'Urban Area', 38, NULL, NULL, 17, 0, 'M', 'Regular', 7, 10, NULL, NULL, 'Specialist', '6', 'Y', '', 'Medicine and Advice'),
(203, '01914639176', '12', '2015-10-19 07:59:36', 'Medical', 'low back pain,tingling', 'Urban Area', 28, NULL, NULL, 35, 0, 'M', 'Regular', 9, NULL, NULL, NULL, 'Hospital', NULL, 'Y', '', 'Health Information'),
(204, '01916669208', '20', '2015-10-19 08:25:38', 'Medical', 'inquiry about Brain Tumor', 'Urban Area', 28, NULL, NULL, 19, 0, 'F', 'Regular', 7, NULL, NULL, NULL, 'Specialist', '', 'Y', '', 'Advice Only'),
(205, '01815665741', '12', '2015-10-19 08:36:48', 'Medical', 'pain,myalgia,hair loss', 'Urban Area', 18, NULL, NULL, 25, 0, 'M', 'Regular', 9, 7, 1, NULL, 'No Referral', NULL, 'Y', '', 'Medicine and Advice'),
(206, '01914863064', '20', '2015-10-19 08:44:42', 'Medical', 'itching after taking bath for about 2 yrs', 'Urban Area', 26, NULL, NULL, 27, 0, 'F', 'Regular', 7, NULL, NULL, NULL, 'Specialist', '6', 'Y', '', 'Advice Only'),
(207, '01917362625', '17', '2015-10-20 02:28:27', 'Medical', 'acute rhinitis', 'Urban Area', 54, 451, NULL, 26, 0, 'M', 'Regular', 3, 5, 8, NULL, 'No Referral', NULL, 'Y', '', 'Medicine and Advice'),
(208, '01966682329', '18', '2015-10-20 02:59:48', 'Medical', 'loose motion ', 'Urban Area', 35, NULL, NULL, 0, 2, 'M', 'Regular', 4, 8, NULL, NULL, 'No Referral', NULL, 'Y', 'ors, zink syrup', 'Medicine and Advice'),
(209, '01943085892', '17', '2015-10-20 03:01:39', 'Medical', 'coughand coldandeye problem', 'Urban Area', 30, 286, NULL, 0, 1, 'M', 'Regular', 3, NULL, NULL, NULL, 'Specialist', '', 'Y', 'patien twas reffered to pediatrician', 'Advice Only'),
(210, '01951249011', '17', '2015-10-20 03:10:14', 'Medical', 'backpain due to injury', 'Rural Area', 35, 319, NULL, 24, 0, 'M', 'Regular', 9, NULL, NULL, NULL, 'No Referral', NULL, 'Y', '', 'Advice Only'),
(211, '51626401980808584', '17', '2015-10-20 03:44:14', 'Medical', 'post partum amenorrhoea', 'Rural Area', 55, 464, NULL, 25, 0, 'F', 'Regular', 7, NULL, NULL, NULL, 'No Referral', NULL, 'Y', '', 'Advice Only'),
(212, '01624970565', '17', '2015-10-20 04:10:12', 'Medical', 'gyacomastia', 'Urban Area', 42, 358, NULL, 20, 0, 'M', 'Regular', 7, NULL, NULL, NULL, 'Specialist', '', 'Y', '', 'Advice Only'),
(213, '01920802859', '18', '2015-10-20 04:25:43', 'Medical', 'bleeding from the ear', 'Urban Area', NULL, NULL, NULL, 0, 1, 'M', 'Regular', 7, NULL, NULL, NULL, 'Hospital', NULL, 'Y', '', 'Advice Only'),
(214, '01912768006', '17', '2015-10-20 04:37:09', 'Medical', 'vertigo', 'Rural Area', 51, 424, NULL, 28, 0, 'F', 'Regular', 7, NULL, NULL, NULL, 'No Referral', NULL, 'N', 'call released', 'Medicine and Advice'),
(215, '01846494778', '18', '2015-10-20 04:48:00', 'Medical', 'generalized bodyache, fatigue', 'Urban Area', 51, NULL, NULL, 32, 1, 'F', 'Regular', 9, 8, NULL, NULL, 'No Referral', NULL, 'Y', 'caller couldn''t write down the name of the medicine after hearing it for several times. he told that he will call back later', 'Medicine'),
(216, '01913184473', '18', '2015-10-20 04:54:21', 'Medical', 'early ejaculation', 'Urban Area', 19, NULL, NULL, 24, 5, 'M', 'Regular', 10, NULL, NULL, NULL, 'Specialist', '4', 'Y', 'cap e cap, exercise, tab desolon for family planning', 'Medicine and Advice'),
(217, '01815665741', '17', '2015-10-20 04:55:56', 'Medical', 'dysparunia and premature ejaculation', 'Urban Area', 19, 171, NULL, 23, 0, 'M', 'Regular', 10, 10, 8, NULL, 'No Referral', NULL, 'Y', '', 'Medicine and Advice'),
(218, '01747682302', '17', '2015-10-20 05:50:57', 'Medical', 'anorexia and weight loss', 'Rural Area', 59, NULL, NULL, 20, 0, 'M', 'Regular', 7, 10, NULL, NULL, 'No Referral', NULL, 'Y', '', 'Medicine and Advice'),
(219, '01990089713', '18', '2015-10-20 07:06:18', 'Medical', 'weakness, virtigo', 'Urban Area', 28, NULL, NULL, 28, 2, 'M', 'Regular', 11, 10, NULL, NULL, 'No Referral', NULL, 'Y', 'do Hb%, Tab Filwel gold, eat nutritious food, exercise', 'Medicine and Advice'),
(220, '01967916171', '18', '2015-10-20 07:22:39', 'Medical', 'swelling of eyelid, under eye hyperpigmentation', 'Urban Area', 30, NULL, NULL, 26, 5, 'M', 'Regular', 7, 5, NULL, NULL, 'No Referral', NULL, 'Y', '', 'Medicine and Advice'),
(221, '01991359710', '18', '2015-10-20 07:33:49', 'Medical', 'evening rise of fever', 'Urban Area', 26, NULL, NULL, 50, 2, 'M', 'Regular', 5, 9, NULL, NULL, 'Specialist', '6', 'Y', '', 'Medicine and Advice'),
(222, '01991490321', '18', '2015-10-20 07:38:09', 'Medical', 'respiratory distress, ithching', 'Urban Area', 78, NULL, NULL, 16, 3, 'M', 'Regular', 7, NULL, NULL, NULL, 'No Referral', NULL, 'Y', 'caller is under 18. so he was requested to call later along with his guardian', 'Advice Only'),
(223, '01990089713', '17', '2015-10-20 08:08:24', 'Medical', 'amenorrhoea with spot bleeding', 'Rural Area', 39, 336, NULL, 25, 0, 'F', 'Regular', 7, 1, 10, NULL, 'No Referral', NULL, 'Y', '', 'Medicine and Advice'),
(224, '01626856241', '18', '2015-10-20 08:37:42', 'Medical', 'wants to be body builder', 'Urban Area', 28, NULL, NULL, 17, 11, 'M', 'Regular', 7, NULL, NULL, NULL, 'No Referral', NULL, 'Y', '', 'Advice Only'),
(225, '01626856241', '17', '2015-10-20 08:49:32', 'Medical', 'want to body  builder', 'Urban Area', 74, 615, NULL, 18, 0, 'F', 'Regular', 7, 10, NULL, NULL, 'Specialist', '6', 'Y', '', 'Medicine and Advice'),
(226, '01979551144', '18', '2015-10-20 08:50:07', 'Medical', 'h/o trauma in the neck', 'Urban Area', 34, NULL, NULL, 0, 3, 'M', 'Regular', 7, NULL, NULL, NULL, 'Specialist', '11', 'Y', '', 'Advice Only'),
(227, '3013', '8', '2015-10-20 10:32:33', 'Medical', 'Boil at groin with pain', 'Urban Area', 28, 250, NULL, 30, 0, 'M', 'Regular', 7, NULL, NULL, NULL, 'Hospital', NULL, 'N', '', 'Advice Only'),
(228, '01991542060', '8', '2015-10-20 12:40:55', 'Medical', 'Ill health', 'Rural Area', 25, 223, NULL, 20, 0, 'M', 'Regular', 7, NULL, NULL, NULL, 'No Referral', NULL, 'N', '', 'Health Information'),
(229, '01785815325', '8', '2015-10-20 12:54:04', 'False Call', '', 'Urban Area', NULL, NULL, NULL, 8, 0, 'M', 'Regular', 1, NULL, NULL, NULL, 'No Referral', NULL, 'N', '', ''),
(230, '01917602277', '8', '2015-10-20 13:12:16', 'Medical', 'skin rash for 2 months ', 'Rural Area', 54, 449, NULL, 0, 10, 'M', 'Regular', 6, NULL, NULL, NULL, 'Specialist', '11', 'N', '', 'Advice Only'),
(231, '01965578531', '8', '2015-10-20 13:31:59', 'Medical', 'running nose, sneezing', 'Urban Area', 35, 316, NULL, 0, 10, 'M', 'Regular', 3, 5, 8, NULL, 'No Referral', NULL, 'N', '', 'Medicine'),
(232, '01912643068', '8', '2015-10-20 14:07:15', 'Medical', 'Sneezing , running nose ', 'Rural Area', 49, 399, NULL, 22, 0, 'M', 'Regular', 3, 5, 8, NULL, 'Specialist', '11', 'N', '', 'Medicine and Advice'),
(233, '01967826228', '8', '2015-10-20 14:39:12', 'Medical', 'Diarrhoea for last 3 days', 'Rural Area', 40, NULL, NULL, 50, 0, 'F', 'Regular', 4, 8, NULL, NULL, 'No Referral', NULL, 'N', 'Zinc ,', 'Medicine and Advice');
INSERT INTO `hlink_cdr_info` (`id`, `msisdn`, `doctor_id`, `call_date`, `call_type`, `cheif_complain`, `call_region`, `district_id`, `thana_id`, `union_id`, `age_year`, `age_month`, `sex`, `campaign_type`, `prv_diagnosis_id`, `drug1`, `drug2`, `drug3`, `referred_to`, `specialist_type`, `is_satisfied`, `note`, `service_type`) VALUES
(234, '01836197985', '8', '2015-10-20 15:00:00', 'Medical', '', 'Rural Area', 26, 228, NULL, 18, 1, 'M', 'Regular', 11, NULL, NULL, NULL, 'No Referral', NULL, 'Y', '', 'Medicine'),
(235, '01836197985', '56', '2015-10-20 15:07:55', NULL, '', 'Rural Area', 26, 229, NULL, 18, 1, 'F', 'Regular', 11, 8, NULL, NULL, 'No Referral', NULL, 'Y', '', 'Medicine'),
(236, '01924813853', '52', '2015-10-20 15:24:20', 'Medical', 'pain in throat', 'Urban Area', 66, 554, NULL, 25, 1, 'M', 'Regular', 9, NULL, NULL, NULL, 'Hospital', NULL, 'N', 'referred to ent', 'Advice Only'),
(237, '01915208393', '56', '2015-10-20 15:50:34', 'Medical', 'headache', 'Rural Area', 37, 326, NULL, 57, 1, 'M', 'Regular', 7, 7, NULL, NULL, 'No Referral', NULL, 'Y', '', 'Medicine'),
(238, '01959185930', '56', '2015-10-20 15:59:31', 'Medical', '', 'Rural Area', 28, 249, 687, 19, 1, 'M', 'Regular', 7, NULL, NULL, NULL, 'No Referral', NULL, 'Y', '', 'Advice Only'),
(239, '01913792571', '52', '2015-10-20 16:01:58', 'Medical', '', 'Urban Area', 32, 298, NULL, 30, 5, 'M', 'Regular', 6, NULL, NULL, NULL, 'Hospital', NULL, 'N', 'call discontinued', 'Advice Only'),
(240, '01913792571', '56', '2015-10-20 16:04:40', 'Medical', '', 'Rural Area', 32, 298, 1747, 24, 1, 'M', 'Regular', 7, NULL, NULL, NULL, 'No Referral', NULL, 'Y', '', 'Advice Only'),
(241, '01965578531', '52', '2015-10-20 19:56:29', 'Medical', '', 'Urban Area', 78, NULL, NULL, 28, 5, 'F', 'Regular', 9, NULL, NULL, NULL, 'No Referral', NULL, 'N', 'napa', 'Medicine'),
(242, '01815646542', '52', '2015-10-20 21:39:33', 'Medical', '', 'Rural Area', 28, NULL, NULL, 1, 5, 'M', 'Regular', 5, NULL, NULL, NULL, 'No Referral', NULL, 'N', 'napa', 'Medicine'),
(243, '01965578531', '56', '2015-10-21 01:02:25', 'Medical', 'running nose and sneezing', 'Rural Area', 35, 317, 1036, 0, 10, 'F', 'Regular', 3, NULL, NULL, NULL, 'Hospital', NULL, 'Y', '', 'Advice Only'),
(244, '01712630127', '56', '2015-10-21 01:52:24', 'Medical', '', 'Rural Area', 33, 307, NULL, 0, 20, 'M', 'Regular', 7, NULL, NULL, NULL, 'No Referral', NULL, 'Y', '', 'Advice Only'),
(245, '3055', '11', '2015-10-21 03:45:24', 'Non Medical', 'TEST CALL', 'Not Defined', NULL, NULL, NULL, 0, 0, 'M', 'Regular', 7, NULL, NULL, NULL, 'No Referral', NULL, 'N', 'TEST CALL', ''),
(246, '3055', '11', '2015-10-21 03:47:29', 'Non Medical', 'TEST CALL', 'Not Defined', NULL, NULL, NULL, 0, 0, 'M', 'Regular', 7, NULL, NULL, NULL, 'No Referral', NULL, 'N', 'TEST CALL', ''),
(247, '01991359710', '11', '2015-10-21 04:12:57', 'Medical', '', 'Not Defined', NULL, NULL, NULL, 20, 0, 'M', 'Regular', 3, 9, 5, NULL, 'No Referral', NULL, 'Y', '', 'Medicine and Advice'),
(248, '01912635023', '11', '2015-10-21 04:21:47', 'Medical', 'SWELLING UNDER MANDIBLE', 'Not Defined', NULL, NULL, NULL, 20, 0, 'M', 'Regular', 7, NULL, NULL, NULL, 'Specialist', '1', 'N', 'ENT /G.SURGERY', 'Advice Only'),
(249, '01684934658', '11', '2015-10-21 04:23:47', 'Medical', 'SILENT CALL', 'Not Defined', NULL, NULL, NULL, 0, 0, 'M', 'Regular', 7, NULL, NULL, NULL, 'No Referral', NULL, 'N', 'SILENT CALL', 'Advice Only'),
(250, '01922012702', '11', '2015-10-21 05:20:32', 'Medical', 'COUGH', 'Not Defined', NULL, NULL, NULL, 20, 0, 'M', 'Regular', 3, NULL, NULL, NULL, 'No Referral', NULL, 'Y', 'MUCOLYT + FENADIN +ADV', 'Medicine and Advice'),
(251, '01912768006', '11', '2015-10-21 05:28:05', 'Medical', 'ANOREXIA', 'Not Defined', NULL, NULL, NULL, 6, 0, 'F', 'Regular', 7, 8, NULL, NULL, 'No Referral', NULL, 'Y', 'XINC B', 'Medicine and Advice'),
(252, '01990818924', '11', '2015-10-21 06:17:27', 'Medical', 'FALSE CALLER', 'Not Defined', NULL, NULL, NULL, 0, 0, 'F', 'Regular', 7, NULL, NULL, NULL, 'No Referral', NULL, 'N', 'FALSE CALLER', 'Advice Only'),
(253, '01956897011', '11', '2015-10-21 07:38:31', 'Medical', 'SILENT CALL', 'Not Defined', NULL, NULL, NULL, 0, 0, 'F', 'Regular', 7, NULL, NULL, NULL, 'No Referral', NULL, 'Y', 'SILENT CALL', 'Advice Only'),
(254, '01867795145', '63', '2015-10-21 07:45:15', 'Medical', '', 'Urban Area', 28, NULL, NULL, 45, 0, 'M', 'Regular', 6, NULL, NULL, NULL, 'Specialist', '4', 'Y', '', 'Advice Only'),
(255, '01991333244', '11', '2015-10-21 08:38:26', 'Medical', 'ANOREXIA +INSOMNIA', 'Not Defined', NULL, NULL, NULL, 19, 0, 'M', 'Regular', 7, NULL, NULL, NULL, 'No Referral', NULL, 'Y', 'BECOZIN + PASE .5', 'Medicine and Advice'),
(256, '01863322808', '56', '2015-10-21 09:03:57', 'Medical', 'pain in the knee\r\n', 'Rural Area', 17, 142, NULL, 20, 0, 'M', 'Regular', 7, 7, NULL, NULL, 'No Referral', NULL, 'Y', '', 'Medicine'),
(257, '01922205808', '21', '2015-10-21 09:15:16', 'Medical', 'pain in ankle region', 'Urban Area', 61, NULL, NULL, 21, 2, 'M', 'Regular', 9, 7, 1, NULL, 'General Practitioner', NULL, 'Y', '', 'Medicine and Advice'),
(258, '01706149794', '55', '2015-10-21 10:15:30', 'Medical', 'pain over whole body\r\ngen weakness', 'Urban Area', 30, NULL, NULL, 21, 0, 'M', 'Regular', 11, NULL, NULL, NULL, 'No Referral', NULL, 'Y', 'call dropped', 'Medicine'),
(259, '01671137312', '55', '2015-10-21 10:37:27', 'Medical', 'cough', 'Not Defined', NULL, NULL, NULL, 25, 0, 'M', 'Regular', 3, 8, 8, NULL, 'No Referral', NULL, 'Y', 'tab bukof\r\nsyp adovas', 'Medicine and Advice'),
(260, '01706149794', '55', '2015-10-21 11:34:38', 'Medical', 'weakness\r\nsexual problem', 'Rural Area', 30, NULL, NULL, 21, 0, 'M', 'Regular', 10, NULL, NULL, NULL, 'Specialist', '4', 'N', 'referred to skin vd', 'Advice Only'),
(261, '01956258814', '21', '2015-10-21 12:26:32', 'Medical', 'scar on face', 'Rural Area', 28, NULL, NULL, 15, 0, 'M', 'Regular', 6, 8, NULL, NULL, 'No Referral', NULL, 'Y', '', 'Medicine and Advice'),
(262, '01990983660', '55', '2015-10-21 12:26:37', 'Medical', 'nasalblockage\r\nsneezing\r\ncough', 'Urban Area', 28, 262, NULL, 24, 0, 'M', 'Regular', 3, 5, NULL, NULL, 'No Referral', NULL, 'Y', 'tab montiva\r\nsyp adovas\r\nmenthol', 'Medicine'),
(263, '01991600731', '55', '2015-10-21 12:35:56', 'False Call', 'no complain at all\r\nirrelevant talkings', 'Urban Area', 28, NULL, NULL, 18, 0, 'M', 'Regular', 7, NULL, NULL, NULL, 'No Referral', NULL, 'Y', 'irritating caller\r\nirrelevant talking', 'Advice Only'),
(264, '01913174586', '55', '2015-10-21 13:20:08', 'Medical', 'feeding problem', 'Urban Area', 28, NULL, NULL, 22, 0, 'M', 'Regular', 1, 10, NULL, NULL, 'No Referral', NULL, 'N', 'tab B50 FORTE', 'Medicine'),
(265, '01737569571', '21', '2015-10-21 13:21:56', 'Medical', 'pain in knees', 'Rural Area', 39, NULL, NULL, 51, 0, 'M', 'Regular', 9, NULL, NULL, NULL, 'No Referral', NULL, 'Y', '', 'Advice Only'),
(266, '01929291043', '55', '2015-10-21 13:51:10', 'Medical', 'advise', 'Rural Area', 12, NULL, NULL, 17, 0, 'M', 'Regular', 7, NULL, NULL, NULL, 'Hospital', NULL, 'Y', 'advise given', 'Advice Only'),
(267, '01944230103', '21', '2015-10-21 14:09:10', 'Medical', 'health information', 'Rural Area', 39, 342, NULL, 16, 0, 'F', 'Regular', 7, NULL, NULL, NULL, 'No Referral', NULL, 'Y', '', 'Advice Only'),
(268, '01629357083', '21', '2015-10-21 14:41:33', 'Medical', 'pain in lumbar region', 'Urban Area', 28, NULL, NULL, 19, 0, 'F', 'Regular', 9, 7, 1, NULL, 'No Referral', NULL, 'Y', '', 'Medicine and Advice'),
(269, '01911068322', '21', '2015-10-21 14:49:24', 'Medical', 'skin problem', 'Urban Area', 26, NULL, NULL, 30, 0, 'M', 'Regular', 6, 7, 1, 8, 'No Referral', NULL, 'Y', '', 'Medicine and Advice'),
(270, '01915940727', '53', '2015-10-21 15:22:19', 'Medical', 'How to be obese', 'Urban Area', 51, 425, NULL, 22, 0, 'M', 'Regular', 7, NULL, NULL, NULL, 'Hospital', NULL, 'Y', 'Food behaviour', 'Health Information'),
(271, '01686044825', '11', '2015-10-21 15:28:56', 'Non Medical', 'silent call', 'Not Defined', NULL, NULL, NULL, 0, 0, 'M', 'Regular', 7, NULL, NULL, NULL, 'No Referral', NULL, 'Y', 'silent call', 'Advice Only'),
(272, '01911798222', '53', '2015-10-21 16:02:32', 'Medical', 'burping', 'Urban Area', 28, 248, NULL, 4, 4, 'F', 'Regular', 7, NULL, NULL, NULL, 'No Referral', NULL, 'Y', 'advised', 'Advice Only'),
(273, '01991545418', '11', '2015-10-21 16:21:56', 'Medical', 'want to be weight gain', 'Not Defined', NULL, NULL, NULL, 22, 0, 'M', 'Regular', 1, NULL, NULL, NULL, 'No Referral', NULL, 'Y', 'incomplete conversation', 'Advice Only'),
(274, '01916219945', '11', '2015-10-21 16:27:04', 'Medical', 'want to be fatty ', 'Not Defined', NULL, NULL, NULL, 22, 0, 'M', 'Regular', 7, NULL, NULL, NULL, 'No Referral', NULL, 'Y', 'incomplete conversation', 'Advice Only'),
(275, '01831448090', '11', '2015-10-21 16:30:26', 'Non Medical', 'silent call', 'Not Defined', NULL, NULL, NULL, 0, 0, 'M', 'Regular', 7, NULL, NULL, NULL, 'No Referral', NULL, 'Y', 'silent call', 'Advice Only'),
(276, '01688501015', '11', '2015-10-21 16:52:55', 'Medical', 'drug related', 'Not Defined', NULL, NULL, NULL, 20, 0, 'M', 'Regular', 7, NULL, NULL, NULL, 'No Referral', NULL, 'Y', 'adv given', 'Advice Only'),
(277, '01916007615', '11', '2015-10-21 17:05:18', 'Medical', 'about drug', 'Not Defined', NULL, NULL, NULL, 4, 0, 'F', 'Regular', 7, NULL, NULL, NULL, 'No Referral', NULL, 'Y', 'adv given', 'Advice Only'),
(278, '01956897011', '11', '2015-10-21 17:28:46', 'Medical', 'want to be weight gain', 'Not Defined', NULL, NULL, NULL, 23, 0, 'M', 'Regular', 7, NULL, NULL, NULL, 'Specialist', '6', 'Y', 'doctor ref', 'Advice Only'),
(279, '01913184473', '11', '2015-10-21 17:41:38', 'Medical', 'premature ejaculation', 'Not Defined', NULL, NULL, NULL, 26, 0, 'M', 'Regular', 10, NULL, NULL, NULL, 'No Referral', NULL, 'Y', 'adv', 'Advice Only'),
(280, '01815665741', '11', '2015-10-21 17:42:11', 'Medical', 'premature ejaculation', 'Not Defined', NULL, NULL, NULL, 26, 0, 'M', 'Regular', 10, NULL, NULL, NULL, 'No Referral', NULL, 'Y', 'incomplete conversation', 'Advice Only'),
(281, '01913184473', '59', '2015-10-22 03:32:32', 'False Call', 'disturding caller', 'Urban Area', 18, 166, NULL, 22, 0, 'F', 'Regular', 10, NULL, NULL, NULL, 'No Referral', NULL, 'Y', '', 'Advice Only'),
(282, '01970110434', '59', '2015-10-22 03:56:30', 'Medical', 'lower abdominal pain', 'Urban Area', 78, NULL, NULL, 25, 0, 'M', 'Regular', 7, 6, 2, NULL, 'No Referral', NULL, 'Y', '', 'Medicine'),
(283, '01912434943', '59', '2015-10-22 04:57:46', 'Medical', 'frequent micturation', 'Urban Area', 28, NULL, NULL, 27, 0, 'M', 'Regular', 7, NULL, NULL, NULL, 'No Referral', NULL, 'Y', '', 'Advice Only'),
(284, '01915934872', '59', '2015-10-22 05:25:09', 'False Call', 'disturbing caller', 'Rural Area', 49, NULL, NULL, 20, 0, 'M', 'Regular', 11, NULL, NULL, NULL, 'No Referral', NULL, 'Y', '', 'Health Information'),
(285, '01915929817', '59', '2015-10-22 05:39:15', 'Medical', 'cough and eveing rise of temparature', 'Urban Area', 49, NULL, NULL, 16, 0, 'M', 'Regular', 3, NULL, NULL, NULL, 'Specialist', '6', 'N', 'advice for sputum for AFB', 'Advice Only'),
(286, '01928047510', '59', '2015-10-22 06:54:18', 'Medical', 'h/o pot''s disease, back pain\r\n', 'Urban Area', 12, NULL, NULL, 26, 0, 'M', 'Regular', 7, NULL, NULL, NULL, 'No Referral', NULL, 'Y', '', 'Advice Only'),
(287, '01966682329', '59', '2015-10-22 07:17:21', 'Medical', 'rash and itching', 'Urban Area', 25, NULL, NULL, 26, 0, 'M', 'Regular', 6, NULL, NULL, NULL, 'Specialist', '', 'Y', '', 'Health Information'),
(288, '01935225381', '59', '2015-10-22 07:31:14', 'Medical', 'blurring of vision, vetigo, pt of DM', 'Urban Area', 78, NULL, NULL, 45, 0, 'M', 'Regular', 11, NULL, NULL, NULL, 'Specialist', '', 'Y', '', 'Health Information'),
(289, '01792156846', '59', '2015-10-22 08:37:15', 'Medical', 'BREATHLESSNESS, G. WEAKNESS', 'Rural Area', 58, NULL, NULL, 40, 0, 'M', 'Regular', 11, NULL, NULL, NULL, 'Specialist', '', 'Y', '', 'Advice Only'),
(290, '01920538619', '8', '2015-10-22 09:51:44', 'Medical', 'weight loss, lack of appetite , generalized weakness ', 'Urban Area', 28, 264, NULL, 18, 0, 'M', 'Regular', 7, NULL, NULL, NULL, 'No Referral', NULL, 'N', '', 'Advice Only'),
(291, '01966261679', '8', '2015-10-22 11:40:08', 'Medical', 'Cough and hoarse voice', 'Urban Area', 28, 274, NULL, 24, 0, 'M', 'Regular', 3, 5, 9, 8, 'No Referral', NULL, 'Y', '', 'Medicine and Advice'),
(292, '01914437298', '8', '2015-10-22 11:51:48', 'Medical', 'DM, PUD, cramping pain in right foot - 4-5 months ', 'Urban Area', 28, 618, NULL, 34, 0, 'F', 'Regular', 7, NULL, NULL, NULL, 'No Referral', NULL, 'N', 'incomplete', 'Advice Only'),
(293, '01626516229', '8', '2015-10-22 12:26:03', 'Medical', 'generalised weakness, frequent diarrhoea ', 'Urban Area', 28, 262, NULL, 34, 0, 'M', 'Regular', 11, NULL, NULL, NULL, 'No Referral', NULL, 'N', 'GAD', 'Advice Only'),
(294, '01950280734', '8', '2015-10-22 12:48:35', 'Medical', 'Menstrual problem', 'Urban Area', 32, 298, NULL, 22, 0, 'F', 'Regular', 7, NULL, NULL, NULL, 'No Referral', NULL, 'Y', 'Repeat USG', 'Advice Only'),
(295, '01937045135', '61', '2015-10-22 12:53:11', 'Medical', 'ABDOMINAL PAIN AND DISCOMFORT', 'Urban Area', 28, NULL, NULL, 0, 5, 'M', 'Regular', 4, NULL, NULL, NULL, 'No Referral', NULL, 'Y', '', 'Advice Only'),
(296, '01914821457', '8', '2015-10-22 13:55:07', 'Medical', 'Weakness and weight loss', 'Rural Area', 35, 317, NULL, 17, 0, 'M', 'Regular', 11, NULL, NULL, NULL, 'General Practitioner', NULL, 'N', '', 'Advice Only'),
(297, '01938548900', '8', '2015-10-22 14:06:48', 'Medical', 'Lack of appetite ', 'Urban Area', 28, 277, NULL, 27, 0, 'M', 'Regular', 7, NULL, NULL, NULL, 'General Practitioner', NULL, 'N', '', 'Health Information'),
(298, '01980044788', '61', '2015-10-22 14:18:59', 'Medical', 'MDD, HYPOCHONDRIASIS', 'Urban Area', 50, 411, NULL, 30, 0, 'M', 'Regular', 7, NULL, NULL, NULL, 'No Referral', NULL, 'Y', '', 'Medicine'),
(299, '01986006962', '8', '2015-10-22 14:22:55', 'Medical', 'Anxiety', 'Rural Area', 51, 419, NULL, 30, 0, 'M', 'Regular', 7, NULL, NULL, NULL, 'General Practitioner', NULL, 'N', '', 'Advice Only'),
(300, '01988521604', '8', '2015-10-22 14:29:37', 'Medical', 'Lack of appetite,weight gain ,', 'Rural Area', 18, 152, NULL, 23, 0, 'M', 'Regular', 7, NULL, NULL, NULL, 'Specialist', '11', 'N', 'Possibly hypothyroidism', 'Advice Only'),
(301, '01910473535', '8', '2015-10-22 14:46:38', 'Medical', 'white discharge following intercourse', 'Rural Area', 42, 358, NULL, 21, 0, 'F', 'Regular', 1, NULL, NULL, NULL, 'No Referral', NULL, 'N', '', 'Health Information'),
(302, '01915066940', '63', '2015-10-22 15:44:35', 'Medical', '', 'Rural Area', 63, NULL, NULL, 16, 0, 'M', 'Regular', 11, 10, NULL, NULL, 'No Referral', NULL, 'Y', '', 'Medicine'),
(303, '01913184473', '63', '2015-10-22 17:29:07', 'Medical', '', 'Urban Area', NULL, NULL, NULL, 27, 0, 'F', 'Regular', 10, NULL, NULL, NULL, 'No Referral', NULL, 'Y', '', 'Advice Only'),
(304, '01521455017', '63', '2015-10-22 17:57:15', 'Medical', 'LBP', 'Urban Area', NULL, NULL, NULL, 20, 0, 'M', 'Regular', 9, NULL, NULL, NULL, 'No Referral', NULL, 'Y', '', 'Advice Only'),
(305, '01969169123', '61', '2015-10-23 02:42:43', 'Medical', '', 'Urban Area', 54, NULL, NULL, 19, 0, 'M', 'Regular', 1, NULL, NULL, NULL, 'No Referral', NULL, 'Y', '', 'Advice Only'),
(306, '01689715540', '11', '2015-10-23 03:00:03', 'False Call', 'miss call', 'Not Defined', NULL, NULL, NULL, 0, 0, 'M', 'Regular', 7, NULL, NULL, NULL, 'No Referral', NULL, 'Y', 'miss call', 'Advice Only'),
(307, '01923327800', '11', '2015-10-23 04:02:11', 'Medical', 'want to reduce weight', 'Not Defined', NULL, NULL, NULL, 26, 0, 'M', 'Regular', 7, NULL, NULL, NULL, 'No Referral', NULL, 'Y', 'adv', 'Advice Only'),
(308, '01923346896', '11', '2015-10-23 04:18:22', 'Medical', 'pain in knee', 'Not Defined', NULL, NULL, NULL, 22, 0, 'M', 'Regular', 7, NULL, NULL, NULL, 'Specialist', '7', 'Y', 'orthopedic', 'Advice Only'),
(309, '01818793593', '11', '2015-10-23 05:18:03', 'Medical', 'warm infestation', 'Not Defined', NULL, NULL, NULL, 2, 0, 'F', 'Regular', 7, NULL, NULL, NULL, 'No Referral', NULL, 'Y', 'alben', 'Medicine and Advice'),
(310, '01711275042', '11', '2015-10-23 05:34:29', 'Medical', 'diarrhoea', 'Not Defined', NULL, NULL, NULL, 36, 0, 'M', 'Regular', 7, NULL, NULL, NULL, 'No Referral', NULL, 'Y', 'ciprocin', 'Medicine'),
(311, '01932916652', '11', '2015-10-23 05:57:00', 'Medical', 'HAIR PROB', 'Not Defined', NULL, NULL, NULL, 23, 0, 'M', 'Regular', 7, NULL, NULL, NULL, 'No Referral', NULL, 'Y', 'ADV', 'Advice Only'),
(312, '01966261679', '11', '2015-10-23 06:17:06', 'Medical', 'DRUG RELATED', 'Not Defined', NULL, NULL, NULL, 20, 0, 'M', 'Regular', 7, NULL, NULL, NULL, 'No Referral', NULL, 'Y', 'ADV', 'Advice Only'),
(313, '01912752179', '11', '2015-10-23 07:09:33', 'Medical', 'INABILITY TO INTAKE FOOD', 'Not Defined', NULL, NULL, NULL, 17, 0, 'M', 'Regular', 7, NULL, NULL, NULL, 'Specialist', '6', 'Y', 'GASTROENTEROLOGIST', 'Advice Only'),
(314, '01913772957', '11', '2015-10-23 07:27:24', 'Medical', 'new caller', 'Not Defined', NULL, NULL, NULL, 0, 0, 'M', 'Regular', 7, NULL, NULL, NULL, 'No Referral', NULL, 'Y', 'no comment', 'Advice Only'),
(315, '01916461334', '11', '2015-10-23 07:34:23', 'Medical', 'silent call', 'Not Defined', NULL, NULL, NULL, 0, 0, 'M', 'Regular', 7, NULL, NULL, NULL, 'No Referral', NULL, 'Y', 'silent call', 'Advice Only'),
(316, '01935294622', '11', '2015-10-23 08:03:41', 'Non Medical', 'disturbing call, may be new.', 'Not Defined', NULL, NULL, NULL, 0, 0, 'M', 'Regular', 7, NULL, NULL, NULL, 'No Referral', NULL, 'Y', 'new disturbing caller', 'Advice Only'),
(317, '01920239028', '11', '2015-10-23 08:23:52', 'Medical', 'feeding prob', 'Not Defined', NULL, NULL, NULL, 0, 3, 'M', 'Regular', 1, NULL, NULL, NULL, 'No Referral', NULL, 'Y', 'adv', 'Advice Only'),
(318, '01917823863', '11', '2015-10-23 08:40:58', 'Medical', 'LBP', 'Not Defined', NULL, NULL, NULL, 45, 0, 'M', 'Regular', 7, NULL, NULL, NULL, 'No Referral', NULL, 'N', 'adv calbo D', 'Advice Only'),
(319, '01987116939', '11', '2015-10-23 08:46:54', 'Medical', 'some thing conversation problem', 'Not Defined', NULL, NULL, NULL, 0, 0, 'F', 'Regular', 1, NULL, NULL, NULL, 'No Referral', NULL, 'Y', 'conversation problem', 'Advice Only'),
(320, '01942359265', '20', '2015-10-23 09:12:30', 'Medical', 'inquiry about Aristovit B', 'Urban Area', 39, NULL, NULL, 17, 0, 'M', 'Regular', 7, NULL, NULL, NULL, 'No Referral', NULL, 'Y', '', 'Advice Only'),
(321, '01987116939', '20', '2015-10-23 09:31:01', 'Medical', 'headache for 7 days', 'Urban Area', 61, NULL, NULL, 15, 0, 'F', 'Regular', 7, 9, NULL, NULL, 'Specialist', '6', 'Y', '', 'Medicine and Advice'),
(322, '01987116939', '17', '2015-10-23 09:36:30', 'Medical', 'abdominal discomfort', 'Urban Area', 61, 512, NULL, 15, 0, 'F', 'Regular', 7, NULL, NULL, NULL, 'No Referral', NULL, 'N', 'couid not complete conversation due to sudden call release', ''),
(323, '01913061362', '20', '2015-10-23 09:41:04', 'Medical', 'weakness,vertigo', 'Urban Area', 50, NULL, NULL, 25, 0, 'M', 'Regular', 11, 10, 8, NULL, 'Specialist', '6', 'Y', 'medicine given for 1 month, after that if no improvement ,told to consult a Medicine specialist', 'Medicine and Advice'),
(324, '01991359710', '17', '2015-10-23 09:41:05', 'Medical', 'pain', 'Urban Area', 26, 241, NULL, 60, 0, 'M', 'Regular', 7, 9, NULL, NULL, 'No Referral', NULL, 'Y', '', 'Medicine'),
(325, '01688501015', '20', '2015-10-23 09:59:59', 'Medical', 'irritant mild cough,runny nose', 'Urban Area', 28, 255, NULL, 24, 0, 'M', 'Regular', 3, 5, 8, NULL, 'No Referral', NULL, 'Y', '', 'Medicine and Advice'),
(326, '01689728874', '17', '2015-10-23 10:17:08', 'Medical', 'incresed sweating', 'Urban Area', 13, 116, NULL, 22, 0, 'M', 'Regular', 7, 10, NULL, NULL, 'Specialist', '6', 'Y', '', 'Medicine and Advice'),
(327, '01916196268', '20', '2015-10-23 10:24:41', 'Medical', 'unilateral back pain', 'Urban Area', 28, NULL, NULL, 17, 0, 'M', 'Regular', 7, 9, NULL, NULL, 'No Referral', NULL, 'Y', '', 'Medicine and Advice'),
(328, '01780173320', '20', '2015-10-23 10:53:37', 'Medical', 'call interrupted', 'Urban Area', 25, NULL, NULL, 80, 0, 'F', 'Regular', 7, NULL, NULL, NULL, 'No Referral', NULL, 'N', '', 'Health Information'),
(329, '01935225381', '17', '2015-10-23 10:53:59', 'Medical', 'health information', 'Urban Area', 28, 618, NULL, 44, 0, 'M', 'Regular', 7, NULL, NULL, NULL, 'No Referral', NULL, 'Y', '', 'Advice Only'),
(330, '01913945443', '17', '2015-10-23 11:18:05', 'Medical', 'want to gain weight', 'Urban Area', 28, NULL, NULL, 25, 0, 'M', 'Regular', 7, NULL, NULL, NULL, 'No Referral', NULL, 'Y', '', 'Advice Only'),
(331, '01912434749', '20', '2015-10-23 11:38:11', 'Medical', 'passage of mucus mixed about 7 months', 'Rural Area', 51, 419, NULL, 18, 0, 'M', 'Regular', 7, NULL, NULL, NULL, 'Specialist', '6', 'Y', '', 'Advice Only'),
(332, '01761752624', '17', '2015-10-23 12:06:38', 'Medical', 'cough toothache', 'Rural Area', 39, 342, NULL, 6, 0, 'M', 'Regular', 7, 5, 9, NULL, 'Specialist', '', 'Y', 'reffered to dental surgeon', 'Medicine'),
(333, '01754314416', '17', '2015-10-23 12:12:31', 'Medical', 'quiry about tb', 'Urban Area', 26, NULL, NULL, 52, 0, 'F', 'Regular', 1, NULL, NULL, NULL, 'Specialist', '6', 'Y', 'perhaos it was an false call', 'Advice Only'),
(334, '01912990320', '17', '2015-10-23 12:24:04', 'Medical', 'quiry about vaccination', 'Urban Area', 55, 456, NULL, 30, 0, 'F', 'Regular', 7, NULL, NULL, NULL, 'No Referral', NULL, 'Y', '', 'Advice Only'),
(335, '01715315781', '17', '2015-10-23 12:36:47', 'Medical', 'taenia pedis', 'Rural Area', 42, 358, NULL, 45, 0, 'M', 'Regular', 7, 8, NULL, NULL, 'Specialist', '6', 'Y', '', 'Medicine and Advice'),
(336, '01720533879', '20', '2015-10-23 12:41:21', 'Medical', 'indigestion,borborygmi, bloating for long duration...\r\nno effect of drugs', 'Urban Area', 30, 286, NULL, 28, 0, 'M', 'Regular', 7, NULL, NULL, NULL, 'Specialist', '6', 'Y', '', 'Advice Only'),
(337, '01914436247', '17', '2015-10-23 13:18:41', 'Medical', 'piles', 'Rural Area', 28, NULL, NULL, 22, 0, 'M', 'Regular', 7, 8, NULL, NULL, 'Specialist', '2', 'Y', '', 'Medicine and Advice'),
(338, '01916394923', '17', '2015-10-23 13:40:02', 'Medical', 'fever ', 'Rural Area', 49, 399, NULL, 19, 0, 'M', 'Regular', 5, 9, 9, 5, 'No Referral', NULL, 'Y', '', 'Medicine and Advice'),
(339, '01920456521', '20', '2015-10-23 14:00:39', 'Medical', 'fever with cough, cold, oral ulcer', 'Rural Area', 28, 252, NULL, 1, 0, 'F', 'Regular', 7, 9, 4, 10, 'Hospital', NULL, 'Y', 'adv given about nebulization as soon as possible', 'Medicine and Advice'),
(340, '01917208426', '17', '2015-10-23 14:09:11', 'Medical', 'cough and cold', 'Rural Area', 28, 618, NULL, 28, 0, 'M', 'Regular', 3, 5, 8, NULL, 'No Referral', NULL, 'Y', '', 'Medicine and Advice'),
(341, '01776639075', '17', '2015-10-23 14:14:43', 'Medical', 'fever', 'Urban Area', 28, 271, NULL, 30, 0, 'M', 'Regular', 5, 8, 9, 1, 'Hospital', NULL, 'Y', '', 'Medicine and Advice'),
(342, '01913793052', '20', '2015-10-23 14:17:03', 'Medical', 'ill health', 'Urban Area', 28, NULL, NULL, 22, 0, 'M', 'Regular', 11, 10, NULL, NULL, 'No Referral', NULL, 'Y', 'adv given about food habit', 'Medicine and Advice'),
(343, '01943085892', '17', '2015-10-23 14:26:50', 'Medical', 'rhinitis', 'Urban Area', 28, NULL, NULL, 25, 0, 'M', 'Regular', 3, 5, NULL, NULL, 'No Referral', NULL, 'Y', '', 'Medicine'),
(344, '01788843695', '17', '2015-10-23 14:50:30', 'Medical', 'quiry about tumour', 'Rural Area', 68, 565, NULL, 24, 0, 'F', 'Regular', 6, NULL, NULL, NULL, 'Hospital', NULL, 'Y', '', 'Advice Only'),
(345, '01915939740', '12', '2015-10-24 02:03:41', 'Medical', 'reduced sleep', 'Rural Area', 26, NULL, NULL, 19, 0, 'M', 'Regular', 7, NULL, NULL, NULL, 'No Referral', NULL, 'Y', '', 'Advice Only'),
(346, '01718317520', '18', '2015-10-24 02:57:40', 'Medical', 'pain in the inner aspect of cheek due to bite ', 'Urban Area', 78, NULL, NULL, 50, 1, 'M', 'Regular', 9, 9, NULL, NULL, 'Specialist', '11', 'Y', 'povidon iodin mouth wash,if not cured then consult with Doctor ', 'Medicine and Advice'),
(347, '01776780632', '18', '2015-10-24 03:12:21', 'Medical', 'fever, cough & cold', 'Rural Area', 60, NULL, NULL, 1, 3, 'M', 'Regular', 3, NULL, NULL, NULL, 'Specialist', '11', 'Y', 'call was released before telling the drugs', 'Medicine and Advice'),
(348, '01980335880', '12', '2015-10-24 03:22:05', 'Medical', 'tooth ache at the site of wisdom tooth', 'Urban Area', 28, NULL, NULL, 20, 0, 'F', 'Regular', 9, 7, 1, NULL, 'No Referral', NULL, 'Y', '', 'Medicine'),
(349, '01730679911', '18', '2015-10-24 03:29:06', 'Medical', 'loose motion', 'Rural Area', 55, NULL, NULL, 0, 6, 'F', 'Regular', 4, 8, 8, NULL, 'Hospital', NULL, 'Y', 'ORS, Zesup syrup', 'Medicine and Advice'),
(350, '01716200082', '12', '2015-10-24 03:41:39', 'Medical', 'cough &cold,less weight', 'Not Defined', NULL, NULL, NULL, 0, 8, 'F', 'Regular', 3, 5, NULL, NULL, 'No Referral', NULL, 'Y', '', 'Medicine'),
(351, '01671338159', '12', '2015-10-24 03:42:09', 'Medical', 'multiple boils', 'Urban Area', 55, NULL, NULL, 0, 2, 'F', 'Regular', 1, NULL, NULL, NULL, 'No Referral', NULL, 'N', '', 'Health Information'),
(352, '01876544209', '18', '2015-10-24 03:42:54', 'Medical', '', 'Urban Area', 18, NULL, NULL, 17, 2, 'M', 'Regular', 11, NULL, NULL, NULL, 'No Referral', NULL, 'Y', '', 'Advice Only'),
(353, '01985675462', '18', '2015-10-24 04:16:03', 'Medical', 'g.weakness', 'Urban Area', 68, NULL, NULL, 25, 2, 'M', 'Regular', 11, 10, NULL, NULL, 'No Referral', NULL, 'Y', 'take nutritious food, exercise, skip smoking, check Hb%', 'Medicine and Advice'),
(354, '01757425880', '18', '2015-10-24 04:24:11', 'Medical', 'weaning food of baby', 'Rural Area', 24, NULL, NULL, 0, 6, 'M', 'Regular', 7, NULL, NULL, NULL, 'No Referral', NULL, 'Y', '', 'Advice Only'),
(355, '01757425880', '18', '2015-10-24 04:36:26', 'Medical', 'less memory', 'Rural Area', 24, NULL, NULL, 6, 2, 'F', 'Regular', 7, NULL, NULL, NULL, 'Specialist', '11', 'Y', '', 'Advice Only'),
(356, '01757425880', '18', '2015-10-24 04:49:51', 'Medical', 'g.weakness', 'Rural Area', 64, NULL, NULL, 22, 1, 'M', 'Regular', 11, 10, NULL, NULL, 'No Referral', NULL, 'Y', 'take nutritious food, exercise', 'Medicine and Advice'),
(357, '01762952871', '12', '2015-10-24 05:02:51', 'Medical', 'weight loss', 'Urban Area', 29, NULL, NULL, 20, 0, 'M', 'Regular', 11, 8, 8, NULL, 'No Referral', NULL, 'Y', '', 'Medicine and Advice'),
(358, '01729502737', '18', '2015-10-24 05:03:24', 'Medical', 'cough & cold', 'Rural Area', 65, NULL, NULL, 0, 11, 'M', 'Regular', 3, 5, 8, NULL, 'No Referral', NULL, 'Y', '', 'Medicine and Advice'),
(359, '01969169123', '18', '2015-10-24 05:04:11', 'Medical', 'very much disturbing caller', 'Urban Area', 54, NULL, NULL, 25, 5, 'M', 'Regular', 1, NULL, NULL, NULL, 'No Referral', NULL, 'Y', '', 'Advice Only'),
(360, '01976217017', '12', '2015-10-24 05:19:41', 'Medical', 'urticaria,cold,cough', 'Urban Area', 28, NULL, NULL, 1, 2, 'M', 'Regular', 3, 5, 8, NULL, 'Specialist', '6', 'Y', '', 'Medicine and Advice'),
(361, '01840070088', '18', '2015-10-24 05:20:07', 'Medical', 'pain in the rt upper abdomen. h/o cholecystectomy 2 yrs back', 'Rural Area', 62, NULL, NULL, 32, 2, 'F', 'Regular', 9, NULL, NULL, NULL, 'Specialist', '1', 'Y', '', 'Advice Only'),
(362, '01964397569', '18', '2015-10-24 05:45:37', 'Medical', 'constipation', 'Urban Area', 49, NULL, NULL, 16, 2, 'F', 'Regular', 7, NULL, NULL, NULL, 'Specialist', '', 'Y', 'take vegetables, exercise', 'Medicine and Advice'),
(363, '01964397569', '18', '2015-10-24 05:47:42', 'Medical', 'constipation', 'Rural Area', 49, NULL, NULL, 16, 1, 'F', 'Regular', 7, NULL, NULL, NULL, 'No Referral', NULL, 'Y', 'vegetables,exercise, glysup', 'Medicine and Advice'),
(364, '01788414086', '12', '2015-10-24 05:52:19', 'Medical', 'fever,cough,cold', 'Urban Area', 28, NULL, NULL, 25, 0, 'M', 'Regular', 3, 5, 8, NULL, 'No Referral', NULL, 'Y', '', 'Medicine and Advice'),
(365, '01917543077', '12', '2015-10-24 06:12:27', 'Medical', 'low back pain', 'Rural Area', 73, NULL, NULL, 35, 0, 'M', 'Regular', 9, 7, 10, NULL, 'No Referral', NULL, 'Y', '', 'Medicine'),
(366, '01911613096', '18', '2015-10-24 06:17:12', 'Medical', 'nausea, anorexia', 'Urban Area', 28, NULL, NULL, 5, 2, 'M', 'Regular', 7, 2, NULL, NULL, 'No Referral', NULL, 'Y', 'syp flacol', 'Medicine and Advice'),
(367, '01811183080', '12', '2015-10-24 06:51:09', 'Medical', 'amenorrhea', 'Urban Area', 28, NULL, NULL, 26, 0, 'F', 'Regular', 2, NULL, NULL, NULL, 'No Referral', NULL, 'N', '', 'Advice Only'),
(368, '01793748257', '12', '2015-10-24 06:57:59', 'Medical', 'amenorrhea for 3 months', 'Rural Area', 24, NULL, NULL, 22, 4, 'F', 'Regular', 1, NULL, NULL, NULL, 'Specialist', '9', 'Y', '', 'Advice Only'),
(369, '01750425232', '18', '2015-10-24 07:03:08', 'Medical', 'loose motion.already taken filmat,pep2', 'Urban Area', 69, NULL, NULL, 0, 4, 'M', 'Regular', 4, 8, NULL, NULL, 'No Referral', NULL, 'Y', 'continue the drugs', 'Medicine and Advice'),
(370, '01794117765', '18', '2015-10-24 07:19:16', 'Medical', 'fatigue', 'Urban Area', 28, NULL, NULL, 38, 2, 'M', 'Regular', 11, NULL, NULL, NULL, 'No Referral', NULL, 'Y', 'check blood sugar, pressure. avoid red meat, exercise', 'Advice Only'),
(371, '01966261679', '18', '2015-10-24 07:26:35', 'Medical', 'cough,cold', 'Urban Area', 28, NULL, NULL, 24, 3, 'M', 'Regular', 3, 5, 8, NULL, 'No Referral', NULL, 'Y', 'continue the ongoing drugs,menthol in warm watervapour,more liquid& vit c', 'Medicine and Advice'),
(372, '01957493081', '18', '2015-10-24 08:04:22', 'Medical', 'upper abdominal pain,anorexia, constipation. H/o C/S ', 'Urban Area', 35, NULL, NULL, 25, 4, 'F', 'Regular', 9, 2, 3, 8, 'No Referral', NULL, 'Y', '', 'Medicine and Advice'),
(373, '01719814534', '18', '2015-10-24 08:16:37', 'Medical', 'respiratory distress,hoarseness of voice, h/o cardiac disease', 'Urban Area', 28, NULL, NULL, 45, 3, 'F', 'Regular', 7, NULL, NULL, NULL, 'Specialist', '6', 'Y', '', 'Advice Only'),
(374, '01954399093', '12', '2015-10-24 08:19:04', 'Medical', 'weight loss,', 'Urban Area', 28, NULL, NULL, 18, 0, 'M', 'Regular', 11, 7, 10, NULL, 'No Referral', NULL, 'Y', '', 'Medicine and Advice'),
(375, '01987024782', '18', '2015-10-24 08:24:59', 'Medical', 'brain tumour', 'Urban Area', 37, NULL, NULL, 23, 5, 'M', 'Regular', 7, NULL, NULL, NULL, 'Specialist', '11', 'Y', 'urgent refd.to Neurosurgeon', 'Advice Only'),
(376, '01785294315', '18', '2015-10-24 08:32:10', 'Medical', 'foreign body in the foot', 'Rural Area', 69, NULL, NULL, 23, 4, 'M', 'Regular', 7, NULL, NULL, NULL, 'Hospital', NULL, 'Y', '', 'Advice Only'),
(377, '01764261341', '18', '2015-10-24 08:36:33', 'Medical', 'upper abdominal pain', 'Rural Area', 69, NULL, NULL, 23, 4, 'M', 'Regular', 8, 2, NULL, NULL, 'No Referral', NULL, 'Y', '', 'Medicine and Advice'),
(378, '01869722291', '12', '2015-10-24 09:17:00', 'Medical', '', 'Urban Area', 45, NULL, NULL, 1, 0, 'F', 'Regular', 6, NULL, NULL, NULL, 'Specialist', '4', 'Y', '', 'Advice Only'),
(379, '01737608848', '17', '2015-10-24 09:59:02', 'Medical', 'skin problem', 'Rural Area', 35, 318, NULL, 30, 0, 'M', 'Regular', 7, 5, 8, NULL, 'Specialist', '4', 'Y', '', 'Medicine and Advice'),
(380, '01767246665', '12', '2015-10-24 10:19:24', 'Medical', '', 'Urban Area', 61, NULL, NULL, 19, 0, 'F', 'Regular', 7, NULL, NULL, NULL, 'No Referral', NULL, 'Y', '', 'Advice Only'),
(381, '01758570835', '63', '2015-10-24 10:43:07', 'Medical', '', 'Rural Area', 28, NULL, NULL, 19, 0, 'F', 'Regular', 6, NULL, NULL, NULL, 'No Referral', NULL, 'Y', '', 'Medicine'),
(382, '01980242414', '63', '2015-10-24 10:49:44', 'Medical', '', 'Urban Area', 25, NULL, NULL, 23, 0, 'F', 'Regular', 9, NULL, NULL, NULL, 'No Referral', NULL, 'Y', '', 'Medicine'),
(383, '01921474060', '17', '2015-10-24 11:03:07', 'Medical', 'urination problem', 'Rural Area', 49, 401, NULL, 50, 0, 'M', 'Regular', 7, NULL, NULL, NULL, 'Specialist', '8', 'Y', '', 'Advice Only'),
(384, '01734309461', '63', '2015-10-24 11:16:10', 'Medical', '', 'Rural Area', 41, NULL, NULL, 21, 0, 'F', 'Regular', 2, NULL, NULL, NULL, 'No Referral', NULL, 'Y', '', 'Medicine'),
(385, '01734309461', '63', '2015-10-24 11:17:32', 'Medical', 'abortion', 'Rural Area', 41, NULL, NULL, 21, 0, 'F', 'Regular', 1, NULL, NULL, NULL, 'No Referral', NULL, 'Y', '', 'Advice Only'),
(386, '01773346566', '63', '2015-10-24 11:20:54', NULL, '', 'Rural Area', 24, NULL, NULL, 0, 10, 'M', 'Regular', 4, NULL, NULL, NULL, 'No Referral', NULL, 'Y', '', 'Medicine'),
(387, '01793885531', '17', '2015-10-24 11:22:02', 'Medical', 'pain related', 'Rural Area', 69, 567, NULL, 37, 0, 'M', 'Regular', 9, NULL, NULL, NULL, 'Hospital', NULL, 'Y', '', 'Advice Only'),
(388, '01689149192', '17', '2015-10-24 11:40:43', 'Medical', 'menstrual problem', 'Urban Area', 28, 618, NULL, 19, 0, 'F', 'Regular', 7, NULL, NULL, NULL, 'No Referral', NULL, 'Y', '', 'Advice Only'),
(389, '01718389411', '17', '2015-10-24 11:46:10', 'Medical', 'weakness, weightloss enening rise of temp', 'Rural Area', 72, 592, NULL, 18, 0, 'M', 'Regular', 7, NULL, NULL, NULL, 'Hospital', NULL, 'Y', '', 'Advice Only'),
(390, '01980891282', '17', '2015-10-24 11:50:03', 'Medical', 'costipation', 'Rural Area', 51, 416, NULL, 15, 0, 'M', 'Regular', 7, NULL, NULL, NULL, 'No Referral', NULL, 'Y', '', 'Medicine and Advice'),
(391, '01765518898', '63', '2015-10-24 11:57:56', 'Medical', 'rta', 'Rural Area', 76, NULL, NULL, 36, 0, 'M', 'Regular', 9, NULL, NULL, NULL, 'No Referral', NULL, 'Y', '', 'Medicine'),
(392, '01749752073', '17', '2015-10-24 12:23:05', 'Medical', 'weakness,', 'Rural Area', 24, 217, NULL, 19, 0, 'F', 'Regular', 7, 10, NULL, NULL, 'No Referral', NULL, 'Y', '', 'Medicine and Advice'),
(393, '01954354193', '63', '2015-10-24 12:28:18', 'Medical', '', 'Rural Area', 19, NULL, NULL, 0, 6, 'M', 'Regular', 3, NULL, NULL, NULL, 'No Referral', NULL, 'Y', '', 'Advice Only'),
(394, '01754127325', '17', '2015-10-24 12:33:37', 'Medical', 'quiry about vaccination', 'Rural Area', 51, 427, NULL, 30, 0, 'M', 'Regular', 1, NULL, NULL, NULL, 'No Referral', NULL, 'Y', '', 'Advice Only'),
(395, '01914985044', '63', '2015-10-24 12:35:01', NULL, '', 'Rural Area', 69, NULL, NULL, 40, 0, 'M', 'Regular', 9, NULL, NULL, NULL, 'No Referral', NULL, 'Y', '', 'Advice Only'),
(396, '01956818033', '17', '2015-10-24 13:04:18', 'Medical', 'bnoe pain', 'Rural Area', 28, NULL, NULL, 24, 0, 'F', 'Regular', 7, 10, NULL, NULL, 'No Referral', NULL, 'Y', '', 'Medicine and Advice'),
(397, '01744378581', '63', '2015-10-24 13:13:43', 'Medical', '', 'Rural Area', 70, NULL, NULL, 35, 0, 'M', 'Regular', 8, NULL, NULL, NULL, 'No Referral', NULL, 'Y', '', 'Medicine'),
(398, '01951794153', '17', '2015-10-24 13:17:28', 'Medical', 'weakness', 'Rural Area', 35, 317, NULL, 24, 0, 'F', 'Regular', 7, NULL, NULL, NULL, 'No Referral', NULL, 'Y', '', 'Medicine and Advice'),
(399, '01962158956', '63', '2015-10-24 13:24:39', NULL, '', 'Rural Area', 54, NULL, NULL, 40, 0, 'M', 'Regular', 8, NULL, NULL, NULL, 'No Referral', NULL, 'Y', '', 'Medicine'),
(400, '01915420300', '63', '2015-10-24 13:29:05', 'Medical', '', 'Urban Area', NULL, NULL, NULL, 36, 0, 'M', 'Regular', 9, NULL, NULL, NULL, 'No Referral', NULL, 'Y', '', 'Advice Only'),
(401, '01959723284', '63', '2015-10-24 13:34:06', 'Medical', '', 'Rural Area', 74, NULL, NULL, 28, 0, 'M', 'Regular', 11, NULL, NULL, NULL, 'No Referral', NULL, 'Y', '', 'Medicine'),
(402, '01729692539', '17', '2015-10-24 13:35:36', 'Medical', 'hyperacidity', 'Rural Area', 51, 427, NULL, 35, 0, 'M', 'Regular', 7, 1, NULL, NULL, 'No Referral', NULL, 'Y', '', 'Medicine and Advice'),
(403, '01959723284', '63', '2015-10-24 13:41:17', 'Medical', '', 'Urban Area', 78, NULL, NULL, 0, 3, 'M', 'Regular', 7, NULL, NULL, NULL, 'No Referral', NULL, 'Y', '', 'Advice Only'),
(404, '01749446104', '17', '2015-10-24 13:50:09', 'Medical', 'skin rash', 'Rural Area', 31, 292, NULL, 30, 0, 'M', 'Regular', 7, 8, 8, NULL, 'No Referral', NULL, 'Y', '', 'Medicine and Advice'),
(405, '01797482154', '63', '2015-10-24 13:52:02', 'Medical', '', 'Rural Area', NULL, NULL, NULL, 19, 0, 'F', 'Regular', 11, NULL, NULL, NULL, 'No Referral', NULL, 'Y', '', 'Advice Only'),
(406, '01704404424', '17', '2015-10-24 13:55:59', 'Medical', 'skin problem', 'Urban Area', 78, NULL, NULL, 28, 0, 'F', 'Regular', 7, 8, NULL, NULL, 'No Referral', NULL, 'Y', '', 'Medicine and Advice'),
(407, '01990920027', '17', '2015-10-24 14:14:16', 'Medical', 'premature ejaculation', 'Urban Area', 32, NULL, NULL, 22, 0, 'M', 'Regular', 7, NULL, NULL, NULL, 'No Referral', NULL, 'Y', '', 'Medicine and Advice'),
(408, '01733629865', '17', '2015-10-24 14:25:43', 'Medical', 'feeding problem', 'Urban Area', 49, 397, NULL, 23, 0, 'M', 'Regular', 7, NULL, NULL, NULL, 'No Referral', NULL, 'Y', '', 'Advice Only'),
(409, '01739244506', '17', '2015-10-24 14:33:28', 'Medical', 'loss of memory', 'Urban Area', 78, NULL, NULL, 48, 0, 'F', 'Regular', 7, NULL, NULL, NULL, 'No Referral', NULL, 'Y', '', 'Advice Only'),
(410, '01725669744', '63', '2015-10-24 14:36:39', 'Medical', '', 'Rural Area', 55, NULL, NULL, 0, 9, 'F', 'Regular', 5, NULL, NULL, NULL, 'No Referral', NULL, 'Y', '', 'Advice Only'),
(411, '01725669744', '63', '2015-10-24 14:56:01', 'Medical', '', 'Rural Area', 56, NULL, NULL, 28, 0, 'M', 'Regular', 11, NULL, NULL, NULL, 'No Referral', NULL, 'Y', '', 'Advice Only'),
(412, '01625764300', '53', '2015-10-24 15:13:51', 'Medical', 'tooth ache', 'Rural Area', 27, 244, NULL, 9, 0, 'F', 'Regular', 7, 8, NULL, NULL, 'No Referral', NULL, 'Y', 'Diclofenac, warm compression for LBP', 'Medicine'),
(413, '01713375187', '53', '2015-10-24 15:30:40', 'Medical', 'dryness of mouth ', 'Urban Area', 27, 244, NULL, 56, 0, 'F', 'Regular', 7, 8, NULL, NULL, 'No Referral', NULL, 'Y', 'Tab.Omidon', 'Medicine'),
(414, '01761259295', '53', '2015-10-24 15:48:28', 'Medical', 'call aborted', 'Rural Area', 68, NULL, NULL, 0, 8, 'M', 'Regular', 7, NULL, NULL, NULL, 'No Referral', NULL, 'N', 'call aborted', 'Advice Only'),
(415, ' 01720637495', '16', '2015-10-24 17:04:25', NULL, '', 'Not Defined', NULL, NULL, NULL, 0, 0, 'M', 'Regular', 1, NULL, NULL, NULL, 'No Referral', NULL, 'Y', '', 'Medicine'),
(416, '01913184473', '53', '2015-10-24 17:18:39', 'Medical', 'Drug info regarding Setra', 'Urban Area', 18, NULL, NULL, 25, 0, 'M', 'Regular', 7, NULL, NULL, NULL, 'No Referral', NULL, 'Y', 'Drug info', 'Advice Only'),
(417, '01913184473', '53', '2015-10-24 17:24:31', 'Medical', 'Heart burn', 'Urban Area', 18, NULL, NULL, 27, 0, 'M', 'Regular', 7, 1, NULL, NULL, 'No Referral', NULL, 'Y', 'Cap.Losectil', 'Medicine and Advice'),
(418, '01751662374', '53', '2015-10-24 18:19:36', 'False Call', '', 'Not Defined', NULL, NULL, NULL, 0, 0, 'M', 'Regular', 7, NULL, NULL, NULL, 'No Referral', NULL, 'N', 'missed call', 'Health Information'),
(419, ' 01750662929', '16', '2015-10-24 19:02:43', 'False Call', '', 'Not Defined', NULL, NULL, NULL, 0, 0, 'F', 'Regular', 7, NULL, NULL, NULL, 'No Referral', NULL, 'N', 'TEST CALL', ''),
(420, '01956002169', '53', '2015-10-24 19:06:20', 'Medical', 'watering of eye', 'Rural Area', 38, NULL, NULL, 23, 0, 'M', 'Regular', 7, 8, NULL, NULL, 'Specialist', '', 'Y', 'Systear', 'Medicine'),
(421, '01726978246', '17', '2015-10-25 01:58:03', 'Medical', 'vague complain', 'Rural Area', 74, 615, NULL, 18, 0, 'M', 'Regular', 7, NULL, NULL, NULL, 'No Referral', NULL, 'Y', '', 'Advice Only'),
(422, '01747252553', '12', '2015-10-25 02:30:20', 'Medical', 'weakness following paralysis', 'Rural Area', 11, NULL, NULL, 55, 0, 'F', 'Regular', 11, NULL, NULL, NULL, 'No Referral', NULL, 'N', '', 'Advice Only'),
(423, '01711275042', '17', '2015-10-25 02:33:32', 'Medical', 'diarrhoea', 'Urban Area', 43, 368, NULL, 35, 0, 'M', 'Regular', 4, NULL, NULL, NULL, 'No Referral', NULL, 'Y', '', 'Advice Only'),
(424, '01911725253', '12', '2015-10-25 02:45:50', 'Medical', 'diarrhoea,nausea,abdominal pain', 'Urban Area', NULL, NULL, NULL, 30, 0, 'F', 'Regular', 4, NULL, NULL, NULL, 'No Referral', NULL, 'Y', '', 'Medicine and Advice'),
(425, '01846815507', '17', '2015-10-25 03:24:42', NULL, 'develoemental problem', 'Rural Area', 67, 558, NULL, 23, 0, 'M', 'Regular', 7, NULL, NULL, NULL, 'Hospital', NULL, 'Y', '', 'Advice Only'),
(426, '01932966927', '17', '2015-10-25 03:31:28', 'Medical', 'vomiting', 'Rural Area', 51, NULL, NULL, 30, 0, 'M', 'Regular', 1, 3, NULL, NULL, 'No Referral', NULL, 'Y', '', 'Medicine'),
(427, '01726140525', '17', '2015-10-25 03:33:00', 'Medical', 'abdominal distention', 'Urban Area', 43, 368, NULL, 35, 0, 'F', 'Regular', 7, NULL, NULL, NULL, 'No Referral', NULL, 'Y', '', 'Advice Only'),
(428, '01787097574', '17', '2015-10-25 03:47:23', 'Medical', 'headache,eye problem', 'Rural Area', 29, NULL, NULL, 30, 0, 'F', 'Regular', 7, 7, 8, NULL, 'Specialist', '', 'Y', '', 'Medicine and Advice'),
(429, '01878089985', '17', '2015-10-25 04:06:53', 'Medical', 'pg  with leucorrhoea', 'Urban Area', 13, 119, NULL, 20, 0, 'F', 'Regular', 7, 5, 8, NULL, 'No Referral', NULL, 'Y', '', 'Medicine and Advice'),
(430, '01725187622', '12', '2015-10-25 04:48:11', 'Medical', 'back pain,', 'Rural Area', 63, NULL, NULL, 28, 0, 'F', 'Regular', 1, 9, NULL, NULL, 'Hospital', NULL, 'N', '', 'Medicine and Advice'),
(431, '01987025899', '17', '2015-10-25 05:07:54', 'Medical', 'rhinitis', 'Rural Area', 22, 200, 4152, 28, 0, 'M', 'Regular', 3, 8, NULL, NULL, 'No Referral', NULL, 'Y', '', 'Medicine and Advice'),
(432, '01675162368', '12', '2015-10-25 05:11:22', 'Medical', 'sleepy for whole day', 'Not Defined', NULL, NULL, NULL, 30, 0, 'M', 'Regular', 7, NULL, NULL, NULL, 'No Referral', NULL, 'Y', '', 'Advice Only'),
(433, '01765109414', '17', '2015-10-25 05:38:30', 'Medical', 'weakness', 'Rural Area', 45, 379, 1723, 18, 0, 'F', 'Regular', 7, 10, NULL, NULL, 'No Referral', NULL, 'Y', '', 'Medicine and Advice'),
(434, '01932107313', '12', '2015-10-25 05:43:33', 'Medical', 'seasonal cold', 'Urban Area', 28, NULL, NULL, 18, 0, 'M', 'Regular', 3, 5, NULL, NULL, 'No Referral', NULL, 'Y', '', 'Medicine and Advice'),
(435, '01721242100', '12', '2015-10-25 05:45:32', 'Medical', 'backache', 'Urban Area', 35, 317, NULL, 25, 0, 'F', 'Regular', 1, 9, NULL, NULL, 'No Referral', NULL, 'Y', '', 'Medicine and Advice'),
(436, '01969555795', '17', '2015-10-25 06:12:24', 'Medical', 'hair fall', 'Urban Area', 22, 193, NULL, 26, 0, 'M', 'Regular', 7, 10, 8, NULL, 'No Referral', NULL, 'Y', '', 'Medicine and Advice'),
(437, '01861596157', '17', '2015-10-25 07:02:29', 'Medical', 'sexual problem', 'Urban Area', 28, NULL, NULL, 26, 0, 'F', 'Regular', 1, 10, NULL, NULL, 'No Referral', NULL, 'Y', '', 'Medicine and Advice'),
(438, '01965168503', '17', '2015-10-25 07:27:24', 'Medical', 'food poisoning', 'Urban Area', 35, 317, NULL, 22, 0, 'F', 'Regular', 4, NULL, NULL, NULL, 'No Referral', NULL, 'Y', '', 'Advice Only'),
(439, '01716737685', '17', '2015-10-25 07:41:30', 'Medical', 'vaccination related', 'Rural Area', 60, 500, NULL, 25, 0, 'F', 'Regular', 7, NULL, NULL, NULL, 'No Referral', NULL, 'Y', '', 'Advice Only'),
(440, '01626418306', '17', '2015-10-25 08:37:54', 'Medical', 'vaccination related', 'Urban Area', 28, 277, NULL, 22, 0, 'F', 'Regular', 7, NULL, NULL, NULL, 'Hospital', NULL, 'Y', '', 'Advice Only'),
(441, '01915794542', '55', '2015-10-25 09:27:23', 'Medical', 'feeding problem\r\nvertigo', 'Rural Area', 38, NULL, NULL, 26, 0, 'F', 'Regular', 11, 10, NULL, NULL, 'No Referral', NULL, 'Y', 'tab B50 Forte\r\npt was irritating and talking irrelevant talks', 'Medicine and Advice'),
(442, '01991383231', '55', '2015-10-25 09:44:34', 'Medical', 'nutritional problem', 'Rural Area', 51, NULL, NULL, 16, 0, 'M', 'Regular', 11, NULL, NULL, NULL, 'No Referral', NULL, 'Y', 'advise only', 'Advice Only'),
(443, '01961858927', '55', '2015-10-25 09:57:48', 'Medical', 'occasional fever\r\nheadache', 'Rural Area', 63, NULL, NULL, 19, 0, 'M', 'Regular', 7, NULL, NULL, NULL, 'Specialist', '', 'N', 'referred to ophthalmologist', 'Advice Only'),
(444, '01785808087', '55', '2015-10-25 10:31:04', 'Medical', 'advise', 'Urban Area', 78, NULL, NULL, 18, 0, 'M', 'Regular', 7, NULL, NULL, NULL, 'Specialist', '', 'Y', 'advise', 'Advice Only'),
(445, '01914317848', '55', '2015-10-25 10:38:44', 'Medical', 'pain in the operative area', 'Rural Area', 54, NULL, NULL, 42, 0, 'F', 'Regular', 7, 8, NULL, NULL, 'Specialist', '9', 'Y', 'tab algin\r\ntab ceevit', 'Medicine and Advice'),
(446, '01966261679', '55', '2015-10-25 11:14:42', 'Medical', 'cough', 'Urban Area', 78, NULL, NULL, 24, 0, 'M', 'Regular', 3, 8, NULL, NULL, 'No Referral', NULL, 'Y', 'tab bukof\r\nmenthol', 'Medicine'),
(447, '01704790757', '55', '2015-10-25 11:30:37', 'Medical', 'sweating of palmnd sole', 'Urban Area', 74, NULL, NULL, 13, 0, 'F', 'Regular', 7, NULL, NULL, NULL, 'No Referral', NULL, 'N', '', ''),
(448, '01927445009', '55', '2015-10-25 11:47:57', NULL, 'feverish feeling\r\ncommon cold', 'Rural Area', 34, NULL, NULL, 30, 0, 'M', 'Regular', 5, 5, NULL, NULL, 'No Referral', NULL, 'Y', 'tab fexo', 'Medicine'),
(449, '01979551144', '55', '2015-10-25 12:06:48', 'Medical', 'advise about contraception', 'Rural Area', 34, NULL, NULL, 35, 0, 'M', 'Regular', 1, NULL, NULL, NULL, 'Hospital', NULL, 'Y', 'referred\r\n', 'Advice Only'),
(450, '01719618641', '55', '2015-10-25 13:00:37', 'Medical', 'repeated abortion', 'Rural Area', 41, NULL, NULL, 24, 0, 'F', 'Regular', 7, NULL, NULL, NULL, 'Specialist', '9', 'Y', 'referred to gynocologist', 'Advice Only'),
(451, '01980077488', '55', '2015-10-25 13:06:17', 'Medical', 'headache', 'Urban Area', 18, NULL, NULL, 17, 0, 'M', 'Regular', 7, 8, NULL, NULL, 'No Referral', NULL, 'Y', 'tab promtil', 'Medicine'),
(452, '01957493081', '55', '2015-10-25 13:14:34', 'Medical', 'abdominal pain\r\nnausea\r\nconstipation', 'Urban Area', 35, NULL, NULL, 25, 0, 'F', 'Regular', 7, NULL, NULL, NULL, 'Specialist', '9', 'Y', 'referred to gynocologist', 'Advice Only'),
(453, '01957493081', '55', '2015-10-25 13:14:34', 'Medical', 'abdominal pain\r\nnausea\r\nconstipation', 'Urban Area', 35, NULL, NULL, 25, 0, 'F', 'Regular', 7, NULL, NULL, NULL, 'Specialist', '9', 'Y', 'referred to gynocologist', 'Advice Only'),
(454, '01935746319', '55', '2015-10-25 13:38:13', 'Medical', 'menstrual problem', 'Rural Area', 15, NULL, NULL, 22, 0, 'F', 'Regular', 7, NULL, NULL, NULL, 'Specialist', '9', 'Y', 'referred to gynocologist', 'Advice Only'),
(455, '01772367343', '55', '2015-10-25 13:44:35', NULL, 'itching in finger gaps', 'Rural Area', 51, NULL, NULL, 37, 0, 'M', 'Regular', 7, NULL, NULL, NULL, 'Specialist', '4', 'Y', 'referred to skin', 'Advice Only'),
(456, '01914154565', '55', '2015-10-25 13:52:38', 'Medical', 'breastfeeding problem', 'Rural Area', 43, NULL, NULL, 20, 0, 'F', 'Regular', 7, NULL, NULL, NULL, 'Hospital', NULL, 'Y', 'referred to hospital', 'Advice Only'),
(457, '01928567080', '55', '2015-10-25 14:09:01', 'Medical', 'gynocomastia', 'Urban Area', 30, NULL, NULL, 19, 0, 'M', 'Regular', 7, NULL, NULL, NULL, 'Specialist', '6', 'Y', 'referred to medicine', 'Advice Only'),
(458, '01795306999', '55', '2015-10-25 14:16:47', 'Medical', 'lower abdominal pain with pregnancy\r\nheadache', 'Rural Area', 35, NULL, NULL, 21, 0, 'F', 'Regular', 7, NULL, NULL, NULL, 'Specialist', '9', 'N', 'referred togynocologist', 'Advice Only'),
(459, '01946565833', '55', '2015-10-25 14:36:47', 'Medical', 'dysmenorrhoea', 'Urban Area', 78, NULL, NULL, 28, 0, 'F', 'Regular', 9, 6, NULL, NULL, 'No Referral', NULL, 'Y', 'tab algin', 'Medicine and Advice'),
(460, '01626372170', '20', '2015-10-26 02:41:04', 'Medical', 'ill health', 'Urban Area', 18, NULL, NULL, 24, 0, 'M', 'Regular', 7, 10, 8, NULL, 'Specialist', '4', 'Y', '', 'Medicine and Advice'),
(461, '01720533879', '20', '2015-10-26 03:25:00', 'Medical', 'allergic rhinitis, sneezing', 'Not Defined', NULL, NULL, NULL, 30, 0, 'M', 'Regular', 3, 5, 8, NULL, 'No Referral', NULL, 'Y', '', 'Medicine and Advice'),
(462, '01915858213', '20', '2015-10-26 04:27:29', 'Medical', 'ill health, loss of appettite', 'Rural Area', 37, NULL, NULL, 16, 0, 'M', 'Regular', 7, 10, 1, NULL, 'No Referral', NULL, 'Y', '', 'Medicine and Advice'),
(463, '01991660838', '20', '2015-10-26 04:31:04', 'Medical', 'inquiry about infertility', 'Urban Area', 28, NULL, NULL, 23, 0, 'F', 'Regular', 1, NULL, NULL, NULL, 'Specialist', '9', 'Y', '', 'Advice Only'),
(464, '01920300947', '20', '2015-10-26 04:40:15', 'Medical', 'passage of loose watery stool', 'Urban Area', 28, NULL, NULL, 0, 4, 'M', 'Regular', 4, 8, 8, NULL, 'No Referral', NULL, 'Y', '', 'Medicine and Advice'),
(465, '01750425232', '20', '2015-10-26 04:52:59', 'Medical', 'ankle pain, tenderness', 'Urban Area', 69, NULL, NULL, 28, 0, 'F', 'Regular', 7, NULL, NULL, NULL, 'No Referral', NULL, 'N', 'call interrupted', 'Health Information'),
(466, '01988296808', '20', '2015-10-26 05:19:50', 'Medical', 'dull complexion', 'Urban Area', 51, NULL, NULL, 30, 0, 'F', 'Regular', 6, NULL, NULL, NULL, 'Specialist', '', 'Y', '', 'Health Information'),
(467, '01913031558', '20', '2015-10-26 06:33:18', 'Medical', 'ill health', 'Urban Area', 28, NULL, NULL, 20, 0, 'M', 'Regular', 11, NULL, NULL, NULL, 'No Referral', NULL, 'N', 'poor network support, call dropped', 'Health Information'),
(468, '01913031558', '62', '2015-10-26 06:42:44', 'Medical', 'Itching ', 'Rural Area', 39, 342, NULL, 19, 0, 'M', 'Regular', 1, 8, 5, NULL, 'General Practitioner', NULL, 'Y', '', 'Medicine and Advice'),
(469, '01948006098', '62', '2015-10-26 07:30:00', 'Medical', 'Cough, Nasal congestion for 5 days', 'Urban Area', 28, 271, NULL, 32, 0, 'M', 'Regular', 3, 5, 9, NULL, 'No Referral', NULL, 'Y', '', 'Medicine'),
(470, '01966776741', '20', '2015-10-26 07:38:06', 'Medical', 'inquiry about contraception', 'Not Defined', NULL, NULL, NULL, 22, 2, 'F', 'Regular', 1, NULL, NULL, NULL, 'Specialist', '9', 'Y', 'adv given', 'Advice Only'),
(471, '01713820695', '20', '2015-10-26 08:02:38', 'Medical', 'oral ulcer, itchy red lesions around anus', 'Not Defined', NULL, NULL, NULL, 0, 7, 'M', 'Regular', 6, 10, NULL, NULL, 'Specialist', '', 'Y', '', 'Medicine and Advice');

-- --------------------------------------------------------

--
-- Table structure for table `hlink_district`
--

CREATE TABLE IF NOT EXISTS `hlink_district` (
  `id` int(4) NOT NULL,
  `name` varchar(100) COLLATE utf8_unicode_ci NOT NULL
) ENGINE=InnoDB AUTO_INCREMENT=79 DEFAULT CHARSET=utf8 COLLATE=utf8_unicode_ci;

--
-- Dumping data for table `hlink_district`
--

INSERT INTO `hlink_district` (`id`, `name`) VALUES
(11, 'BARGUNA'),
(12, 'BARISAL'),
(13, 'BHOLA'),
(14, 'JHALOKATI'),
(15, 'PATUAKHALI'),
(16, 'PIROJPUR'),
(17, 'BANDARBAN'),
(18, 'CHITTAGONG'),
(19, 'COXS BAZAR'),
(20, 'FENI'),
(21, 'KHAGRACHHARI'),
(22, 'NOAKHALI'),
(23, 'RANGAMATI'),
(24, 'BRAHMANBARIA'),
(25, 'CHANDPUR'),
(26, 'COMILLA'),
(27, 'LAKSHMIPUR'),
(28, 'DHAKA'),
(29, 'FARIDPUR'),
(30, 'GAZIPUR'),
(31, 'GOPALGANJ'),
(32, 'MADARIPUR'),
(33, 'MANIKGANJ'),
(34, 'MUNSHIGANJ'),
(35, 'NARAYANGANJ'),
(36, 'NARSINGDI'),
(37, 'RAJBARI'),
(38, 'SHARIATPUR'),
(39, 'BAGERHAT'),
(40, 'CHUADANGA'),
(41, 'JESSORE'),
(42, 'JHENAIDAH'),
(43, 'KHULNA'),
(44, 'KUSHTIA'),
(45, 'MAGURA'),
(46, 'MEHERPUR'),
(47, 'NARAIL'),
(48, 'SATKHIRA'),
(49, 'JAMALPUR'),
(50, 'KISHOREGANJ'),
(51, 'MYMENSINGH'),
(52, 'NETRAKONA'),
(53, 'SHERPUR'),
(54, 'TANGAIL'),
(55, 'BOGRA'),
(56, 'CHAPAINAWABGANJ'),
(57, 'JOYPURHAT'),
(58, 'NAOGAON'),
(59, 'NATORE'),
(60, 'PABNA'),
(61, 'RAJSHAHI'),
(62, 'SIRAJGANJ'),
(63, 'DINAJPUR'),
(64, 'GAIBANDHA'),
(65, 'KURIGRAM'),
(66, 'LALMONIRHAT'),
(67, 'NILPHAMARI'),
(68, 'PANCHAGARH'),
(69, 'RANGPUR'),
(70, 'THAKURGAON'),
(71, 'HABIGANJ'),
(72, 'MAULVIBAZAR'),
(73, 'SUNAMGANJ'),
(74, 'SYLHET'),
(75, 'NAWABGANJ'),
(76, 'NARSINGDI'),
(78, 'DHAKA');

-- --------------------------------------------------------

--
-- Table structure for table `hlink_doctor_compiled_info`
--

CREATE TABLE IF NOT EXISTS `hlink_doctor_compiled_info` (
  `id` int(11) NOT NULL,
  `calldate` varchar(50) DEFAULT NULL,
  `total_calls` int(11) DEFAULT NULL,
  `agent` varchar(10) DEFAULT NULL,
  `total_answered` int(11) DEFAULT NULL,
  `total_alarm` int(11) DEFAULT NULL,
  `total_crm_completed` int(11) DEFAULT NULL
) ENGINE=MyISAM AUTO_INCREMENT=54 DEFAULT CHARSET=latin1;

--
-- Dumping data for table `hlink_doctor_compiled_info`
--

INSERT INTO `hlink_doctor_compiled_info` (`id`, `calldate`, `total_calls`, `agent`, `total_answered`, `total_alarm`, `total_crm_completed`) VALUES
(6, '2015-09-02', 17, '3001', 0, 5, 0),
(5, '2015-09-01', 3, 'No agent', 0, 0, 0),
(7, '2015-09-03', 18, 'No agent', 0, 0, 0),
(8, '2015-09-08', 25, '3001', 2, 12, 0),
(9, '2015-09-08', 25, '3002', 1, 12, 0),
(10, '2015-09-08', 25, '3004', 2, 12, 0),
(11, '2015-09-09', 59, '3001', 7, 1, 0),
(12, '2015-09-09', 59, '3003', 1, 1, 0),
(13, '2015-09-09', 59, '3004', 5, 1, 0),
(14, '2015-09-10', 24, '3003', 1, 1, 0),
(15, '2015-09-11', 17, 'No agent', 0, 0, 0),
(16, '2015-09-12', 26, '3002', 3, 3, 0),
(17, '2015-09-12', 26, '3003', 1, 3, 0),
(18, '2015-09-13', 26, '3004', 6, 1, 0),
(19, '2015-09-14', 24, '3003', 1, 1, 0),
(20, '2015-09-14', 24, '3004', 2, 1, 0),
(21, '2015-09-14', 24, '3005', 2, 1, 0),
(22, '2015-09-15', 53, '3001', 3, 1, 0),
(23, '2015-09-15', 53, '3002', 6, 1, 0),
(24, '2015-09-15', 53, '3003', 3, 1, 0),
(25, '2015-09-15', 53, '3004', 2, 1, 0),
(26, '2015-09-15', 53, '3013', 2, 1, 0),
(27, '2015-09-15', 53, '3036', 1, 1, 0),
(28, '2015-09-16', 9, '3014', 2, 6, 0),
(29, '2015-09-17', 31, '2004', 1, 2, 0),
(30, '2015-09-17', 31, '3002', 5, 2, 0),
(31, '2015-09-17', 31, '3003', 1, 2, 0),
(32, '2015-09-17', 31, '3014', 1, 2, 0),
(33, '2015-09-17', 31, '3015', 1, 2, 0),
(34, '2015-09-17', 31, '3035', 1, 2, 0),
(35, '2015-09-17', 31, '3040', 2, 2, 0),
(36, '2015-09-17', 31, '3051', 2, 2, 0),
(37, '2015-09-18', 54, '2003', 7, 1, 0),
(38, '2015-09-18', 54, '3017', 1, 1, 0),
(39, '2015-09-18', 54, '3043', 2, 1, 0),
(40, '2015-09-18', 54, '3050', 2, 1, 0),
(41, '2015-09-18', 54, '3051', 3, 1, 0),
(42, '2015-09-18', 54, '3061', 2, 1, 0),
(43, '2015-09-19', 5, '3040', 1, 0, 0),
(44, '2015-09-19', 5, '3060', 1, 0, 0),
(45, '2015-09-20', 14, '3036', 1, 0, 0),
(46, '2015-09-20', 14, '3054', 1, 0, 0),
(47, '2015-09-20', 14, '3064', 1, 0, 0),
(48, '2015-09-21', 32, '3002', 3, 6, 0),
(49, '2015-09-21', 32, '3050', 1, 6, 0),
(50, '2015-09-21', 32, '3053', 1, 6, 0),
(51, '2015-09-21', 32, '3054', 1, 6, 0),
(52, '2015-09-21', 32, '3060', 1, 6, 0),
(53, '2015-09-21', 32, 'trc0', 1, 6, 0);

-- --------------------------------------------------------

--
-- Table structure for table `hlink_drugs`
--

CREATE TABLE IF NOT EXISTS `hlink_drugs` (
  `id` int(11) NOT NULL,
  `provisional_diagnosis_id` int(11) DEFAULT NULL,
  `name` varchar(255) DEFAULT NULL
) ENGINE=InnoDB AUTO_INCREMENT=11 DEFAULT CHARSET=latin1;

--
-- Dumping data for table `hlink_drugs`
--

INSERT INTO `hlink_drugs` (`id`, `provisional_diagnosis_id`, `name`) VALUES
(1, 0, 'Anti Ulcer'),
(2, NULL, 'Anti Ulcer'),
(3, NULL, 'Anti-Emetics'),
(4, NULL, 'Anti-Helminthics'),
(5, NULL, 'Anti-histamin'),
(6, NULL, 'Atni-spasmodics'),
(7, NULL, 'NSAIDs'),
(8, NULL, 'Others'),
(9, NULL, 'Paracetamol'),
(10, NULL, 'Vitamins');

-- --------------------------------------------------------

--
-- Table structure for table `hlink_message`
--

CREATE TABLE IF NOT EXISTS `hlink_message` (
  `id` int(11) NOT NULL,
  `to_user_id` int(11) NOT NULL,
  `all` tinyint(1) NOT NULL DEFAULT '0',
  `from_user_id` int(11) NOT NULL,
  `message` varchar(1000) NOT NULL,
  `sent_on` timestamp NULL DEFAULT NULL ON UPDATE CURRENT_TIMESTAMP,
  `subject` text NOT NULL,
  `category` varchar(20) NOT NULL,
  `read` tinyint(1) NOT NULL DEFAULT '0'
) ENGINE=InnoDB AUTO_INCREMENT=49 DEFAULT CHARSET=latin1;

--
-- Dumping data for table `hlink_message`
--

INSERT INTO `hlink_message` (`id`, `to_user_id`, `all`, `from_user_id`, `message`, `sent_on`, `subject`, `category`, `read`) VALUES
(1, 1, 0, 2, 'Test Message', '2015-10-07 12:56:39', '', '2', 1),
(2, 1, 0, 2, 'Test Message 3 Test Message 3 Test Message 3 Test Message 3 Test Message 3 Test Message 3 Test Message 3 Test Message 3 Test Message 3 Test Message 3 Test Message 3 Test Message 3 Test Message 3 Test Message 3 Test Message 3 Test Message 3 Test Message 3 Test Message 3 Test Message 3 Test Message 3 Test Message 3 Test Message 3 Test Message 3 Test Message 3 Test Message 3 Test Message 3 Test Message 3 Test Message 3 Test Message 3 Test Message 3 ', '2015-10-07 12:59:35', '', '1', 1),
(3, 1, 0, 2, 'Test Message', '2015-10-07 12:33:44', '', '3', 1),
(4, 3, 0, 2, 'Dear Doctor,\r\nPlease Take steps for the role''s.', '2015-10-08 08:59:59', '', '1', 1),
(5, 3, 0, 1, 'Test Message', '2015-10-07 11:37:35', '', '2', 0),
(6, 3, 0, 1, 'test\r\n', '2015-10-07 11:37:38', 'test', '3', 0),
(7, 2, 0, 1, 'test', '2015-10-07 13:09:43', 'test', '2', 1),
(9, 18, 0, 1, 'testing', '2015-10-13 04:06:43', 'testing', '3', 1),
(10, 2, 1, 1, 'Very special problem.', '2015-10-11 06:31:09', 'testing', '3', 1),
(11, 2, 1, 1, 'Very alarming.', '2015-10-11 06:31:17', 'testing', '1', 1),
(12, 24, 0, 1, 'Hello Ashraf....', '2015-10-12 12:14:01', 'Test msg', '3', 1),
(13, 1, 0, 24, 'HI vaia', '2015-10-13 12:42:48', 'test', '', 1),
(14, 2, 1, 1, 'hey test', '2015-10-13 06:11:47', 'testing', '3', 1),
(15, 1, 1, 26, 'test', '2015-10-13 06:11:43', 'testing', '', 1),
(16, 16, 0, 1, 'working', '2015-10-13 06:11:38', 'testing', '3', 1),
(17, 1, 0, 14, 'test purpose', '2015-10-13 13:01:52', 'testing', '', 1),
(18, 9, 0, 1, 'You were absent in your duty on 12 October, 15 in Evening duty. It it happen further, your duty will be permanently removed from roster. ', NULL, 'Absent in Duty', '1', 0),
(19, 38, 0, 37, 'you were late in night duty on 12.10.15, but you have written in signature sheet that you did log-in in 9.0 pm. Which is a serious misconduct! From 12.00 am till morning you did not respond to call which you have received..! this is a serious issue. We hope this is your last warning from us.', NULL, 'being MUTE in attending Call', '1', 0),
(20, 40, 0, 37, 'You are absent in 09.10.15 friday morning without any replacement. This is your warning from us...', NULL, 'Regarding Absent in duty', '1', 0),
(21, 26, 0, 37, 'Dear Doctors, dont give any proxy log in for others. This is serious misconduct. Anyone of us did that on monday, 12.10.15 night duty for dr.bishwajit. Dont do it further.', '2015-10-16 15:28:00', 'Regarding proxy log in', '2', 1),
(22, 65, 0, 37, 'Dear Doctors, dont give any proxy log in for others. This is serious misconduct. Anyone of us did that on monday, 12.10.15 night duty for dr.bishwajit. Dont do it further. ', '2015-10-16 22:02:23', 'Regarding proxy log in', '2', 1),
(23, 12, 0, 1, 'You were late in your duty on 14 October Morning. Please be careful and dont do that again.', '2015-10-19 03:36:44', 'Late log in', '2', 1),
(24, 43, 0, 1, 'You were late in your Login on 14 October Evening duty. Please be careful and dont do that again.', NULL, 'Late log in', '2', 0),
(25, 63, 0, 1, 'You have to be more alert in your call answering especially at night shift. This is a gentle reminder for you. Hope you will overcome this issue and deliver utmost service ', '2015-10-21 05:09:11', 'Alertnes', '2', 1),
(26, 46, 0, 1, 'You have to be more alert in your call answering especially at night shift. This is a gentle reminder for you. Hope you will overcome this issue and deliver utmost service ', NULL, 'Alertnes', '3', 0),
(27, 59, 0, 1, 'You were late for about 30 mins in your duty on 17th October in Morning duty. This should not be repeat and you have to be punctual.', '2015-10-22 03:46:39', 'Late entry', '2', 1),
(28, 43, 0, 1, 'You were late for about 30 mins in your duty on 17th October in Morning duty. This should not be repeat and you have to be punctual.', NULL, 'Late Entry', '2', 0),
(29, 54, 0, 1, 'You were late for about 38 mins in your duty on 17th October in Night duty. This should not be repeat and you have to be punctual.', NULL, 'Late entry', '2', 0),
(30, 1, 0, 12, 'on 14th october i logged in into trc at 8:10 am.the system is showing my log in time as 11:23 am.i have to mention that,on that day at around 10:30am we had to use an emergency exit due to fire in this building.then we remain about 1 hour outside the office.dr.dipu(manager m health) was present there.he is clearly informed about the whole situation.so i will request u to find out the problems of this system which is sending wrong informations about log in,log out times,pause times,working hour for several times.', '2015-10-21 06:06:30', 'i was not late on 14th october', '', 1),
(33, 55, 0, 36, 'Confidential: Don''t share: \r\nI am very much enlightened to inform you that you are one of the strong contenders for the best employee of the month October, 2015. Please, be punctual, patient, polite, decent, calm & quiet in dealing with the clients as you are maintaining till now.\r\nWith Thanks:\r\nDr. Dipu\r\nManager (Doctor)\r\nmHealth, Synesis IT', '2015-10-21 09:04:47', 'Confidential: Words of appreciation', '3', 1),
(34, 17, 0, 36, 'Confidential: Don''t share: \r\nI am very much enlightened to inform you that you are one of the strong contenders for the best employee of the month October, 2015. Please, be punctual, patient, polite, decent, calm & quiet in dealing with the clients as you are maintaining till now.\r\nWith Thanks:\r\nDr. Dipu\r\nManager (Doctor)\r\nmHealth, Synesis IT', '2015-10-23 09:05:58', 'Confidential: Words of appreciation', '3', 1),
(35, 27, 0, 36, 'Confidential: Don''t share: \r\nI am very much enlightened to inform you that you are one of the strong contenders for the best employee of the month October, 2015. Please, be punctual, patient, polite, decent, calm & quiet in dealing with the clients as you are maintaining till now.\r\nWith Thanks:\r\nDr. Dipu\r\nManager (Doctor)\r\nmHealth, Synesis IT', NULL, 'Confidential: Words of appreciation', '3', 0),
(36, 63, 0, 36, 'Confidential: Don''t share: \r\nI am very much enlightened to inform you that you are one of the strong contenders for the best employee of the month October, 2015. Please, be punctual, patient, polite, decent, calm & quiet in dealing with the clients as you are maintaining till now.\r\nWith Thanks:\r\nDr. Dipu\r\nManager (Doctor)\r\nmHealth, Synesis IT', '2015-10-22 15:45:06', 'Confidential: Words of appreciation', '3', 1),
(37, 22, 0, 36, 'Confidential: Don''t share: \r\nI am very much enlightened to inform you that you are one of the strong contenders for the best employee of the month October, 2015. Please, be punctual, patient, polite, decent, calm & quiet in dealing with the clients as you are maintaining till now.\r\nWith Thanks:\r\nDr. Dipu\r\nManager (Doctor)\r\nmHealth, Synesis IT', NULL, 'Confidential: Words of appreciation', '2', 0),
(38, 11, 0, 36, 'Confidential: Don''t share: \r\nI am very much enlightened to inform you that you are one of the strong contenders for the best employee of the month October, 2015. Please, be punctual, patient, polite, decent, calm & quiet in dealing with the clients as you are maintaining till now.\r\nWith Thanks:\r\nDr. Dipu\r\nManager (Doctor)\r\nmHealth, Synesis IT', '2015-10-21 06:05:24', 'Confidential: Words of appreciation', '3', 1),
(39, 56, 0, 36, 'Confidential: Don''t share: \r\nI am very much enlightened to inform you that you are one of the strong contenders for the best employee of the month October, 2015. Please, be punctual, patient, polite, decent, calm & quiet in dealing with the clients as you are maintaining till now.\r\nWith Thanks:\r\nDr. Dipu\r\nManager (Doctor)\r\nmHealth, Synesis IT', '2015-10-21 09:04:20', 'Confidential: Words of appreciation', '3', 1),
(40, 18, 0, 36, 'Confidential: Don''t share: \r\nI am very much enlightened to inform you that you are one of the strong contenders for the best employee of the month October, 2015. Please, be punctual, patient, polite, decent, calm & quiet in dealing with the clients as you are maintaining till now.\r\nWith Thanks:\r\nDr. Dipu\r\nManager (Doctor)\r\nmHealth, Synesis IT', '2015-10-24 06:08:07', 'Confidential: Words of appreciation', '1', 1),
(41, 1, 0, 59, 'i m extremely sorry for my late login. 17 oct was buet admission test, for this reason road was blocked in DU area. ', '2015-10-26 08:28:45', '', '', 1),
(42, 36, 0, 20, 'vaia,i will like to inform you that,during my evening duty at TRC today, i took 2 pauses for Salah , and it was 7 minutes first time and 13 minutes 2nd time.\r\nbut on performance report, it is showing me unduely offline for 38 minutes in an incorrect time duration. to justify that please check my call log.\r\nthanks for noticing.\r\n\r\nRegards.', '2015-10-25 11:31:31', 'trc faulty technic', '', 1),
(43, 2, 0, 20, 'vaia,i will like to inform you that,during my evening duty at TRC today, i took 2 pauses for Salah , and it was 7 minutes first time and 13 minutes 2nd time. but on performance report, it is showing me unduely offline for 38 minutes in an incorrect time duration. to justify that please check my call log. thanks for noticing. Regards. ', '2015-10-24 11:07:04', 'TRC faulty technic', '', 1),
(44, 36, 0, 18, 'Thanks vaia. I''ll try my level best', '2015-10-26 03:26:17', '', '', 1),
(45, 36, 0, 17, 'dear vaia, with due respect i would like to inform you that on 24.10.2015 at evening i logged in just at 3.00pm. but my performance report is showing logged in time at 3.32pm.  As our guardian, please discuss about the technical problem with the authority and obligue there by.  ', '2015-10-26 03:26:24', 'about technical problem', '', 1),
(46, 18, 0, 36, 'Keep performing. I believe In Sha Allah you will do it very well.', NULL, 'Reply', '2', 0),
(47, 20, 0, 36, 'As an honest and sincere employee keep on working with your level best punctuality. In Sha Allah no false technical errors can harm your reputation.', '2015-10-26 06:12:20', 'Reply', '2', 1),
(48, 17, 0, 36, 'Just be honest with whatever you are saying or sharing with me. In Sha Allah nothing will bother you in the way of your punctuality.', NULL, 'Reply', '2', 0);

-- --------------------------------------------------------

--
-- Table structure for table `hlink_notice`
--

CREATE TABLE IF NOT EXISTS `hlink_notice` (
  `id` int(11) NOT NULL,
  `subject` text NOT NULL,
  `to_user_id` int(11) NOT NULL,
  `all` tinyint(1) NOT NULL,
  `notice` text NOT NULL,
  `sent_on` timestamp NOT NULL DEFAULT CURRENT_TIMESTAMP,
  `read` tinyint(1) NOT NULL DEFAULT '0'
) ENGINE=InnoDB AUTO_INCREMENT=23 DEFAULT CHARSET=latin1;

--
-- Dumping data for table `hlink_notice`
--

INSERT INTO `hlink_notice` (`id`, `subject`, `to_user_id`, `all`, `notice`, `sent_on`, `read`) VALUES
(1, 'hey', 3, 0, 'test', '0000-00-00 00:00:00', 1),
(2, 'he', 2, 0, 'tost', '0000-00-00 00:00:00', 0),
(3, 'le', 4, 0, 'trust', '0000-00-00 00:00:00', 1),
(4, '', 0, 1, 'no trust', '0000-00-00 00:00:00', 1),
(5, '', 0, 1, 'trusty', '0000-00-00 00:00:00', 1),
(6, '', 0, 0, '', '2015-10-08 07:13:28', 1),
(7, '', 0, 0, '', '2015-10-08 07:24:27', 1),
(8, 'no subject', 2, 0, 'Important', '2015-10-08 08:54:14', 0),
(18, 'alarm', 2, 1, 'alarm', '2015-10-11 05:55:11', 1),
(19, 'alarm', 2, 1, 'very important', '2015-10-13 05:27:12', 1),
(20, 'alarm', 2, 1, 'very good', '2015-10-13 05:27:37', 1),
(21, 'alarm', 14, 0, 'alarm', '2015-10-13 06:09:25', 1),
(22, 'Replacement of your roster duty', 2, 1, 'This is for your kind attention that, you have already informed clearly that you are the sole responsible for your roster duty. If you unable to do any duty you have to replace it by your colleague here. Please NEVER REQUEST/CALL TO MR. FAHAD TO MANAGE YOUR DUTY IN ANY CIRCUMSTANCE. I hope you have understood the issue and will cooperate accordingly. Thank you.', '2015-10-18 12:41:47', 1);

-- --------------------------------------------------------

--
-- Table structure for table `hlink_prv_diagnosis`
--

CREATE TABLE IF NOT EXISTS `hlink_prv_diagnosis` (
  `id` int(11) NOT NULL,
  `disease_name` varchar(100) DEFAULT NULL
) ENGINE=InnoDB AUTO_INCREMENT=13 DEFAULT CHARSET=latin1;

--
-- Dumping data for table `hlink_prv_diagnosis`
--

INSERT INTO `hlink_prv_diagnosis` (`id`, `disease_name`) VALUES
(1, 'Contraception/Pregnancy'),
(2, 'Contraception/Pregnancy'),
(3, 'Cough & Cold / RTI'),
(4, 'Diarrhoea/Gastroenteritis'),
(5, 'Fever'),
(6, 'Skin Problem'),
(7, 'Others'),
(8, 'PUD / GERD'),
(9, 'Pain related'),
(10, 'STD / Sexual Problem'),
(11, 'G. Weakness'),
(12, 'Test Disease Updated');

-- --------------------------------------------------------

--
-- Table structure for table `hlink_specialist`
--

CREATE TABLE IF NOT EXISTS `hlink_specialist` (
  `id` int(11) NOT NULL,
  `type` varchar(255) DEFAULT NULL
) ENGINE=InnoDB AUTO_INCREMENT=12 DEFAULT CHARSET=latin1;

--
-- Dumping data for table `hlink_specialist`
--

INSERT INTO `hlink_specialist` (`id`, `type`) VALUES
(1, 'General Surgery'),
(2, 'General Surgery'),
(3, 'Paed. Neurology'),
(4, 'venerology'),
(5, 'Rheumatology'),
(6, 'Medicine'),
(7, 'Surgery'),
(8, 'Urology'),
(9, 'Gynae & Obs.'),
(11, 'Test Specialization Updated');

-- --------------------------------------------------------

--
-- Table structure for table `hlink_thana`
--

CREATE TABLE IF NOT EXISTS `hlink_thana` (
  `id` int(6) NOT NULL,
  `district_id` int(4) NOT NULL,
  `name` varchar(100) COLLATE utf8_unicode_ci NOT NULL
) ENGINE=InnoDB AUTO_INCREMENT=622 DEFAULT CHARSET=utf8 COLLATE=utf8_unicode_ci;

--
-- Dumping data for table `hlink_thana`
--

INSERT INTO `hlink_thana` (`id`, `district_id`, `name`) VALUES
(101, 11, 'AMTALI'),
(102, 11, 'BAMNA'),
(103, 11, 'BARGUNA SADAR'),
(104, 11, 'BETAGI'),
(105, 11, 'PATHARGHATA'),
(106, 12, 'AGAILJHARA'),
(107, 12, 'BABUGANJ'),
(108, 12, 'BAKERGONJ'),
(109, 12, 'BANARIPARA'),
(110, 12, 'BARISAL SADAR'),
(111, 12, 'GOURNADI'),
(112, 12, 'HIZLA'),
(113, 12, 'MEHENDIGANJ'),
(114, 12, 'MULADI'),
(115, 12, 'WAZIRPUR'),
(116, 13, 'BHOLA SADAR'),
(117, 13, 'BORHANUDDIN'),
(118, 13, 'CHARFESSION'),
(119, 13, 'DAULATKHAN'),
(120, 13, 'LALMOHAN'),
(121, 13, 'MONPURA'),
(122, 13, 'TOZUMUDDIN'),
(123, 14, 'JHALAKATHI SADAR'),
(124, 14, 'KATHALIA'),
(125, 14, 'NALCHITY'),
(126, 14, 'RAJAPUR'),
(127, 15, 'BAUPHAL'),
(128, 15, 'DASHMINA'),
(129, 15, 'DUMKI'),
(130, 15, 'GALACHIPA'),
(131, 15, 'KALAPARA'),
(132, 15, 'MIRZAGONJ'),
(133, 15, 'PATUAKHALI'),
(134, 16, 'BHANDARIA'),
(135, 16, 'GIANAGAR'),
(136, 16, 'KAUKHALI'),
(137, 16, 'MATHBARIA'),
(138, 16, 'NAZIRPUR'),
(139, 16, 'NESARABAD'),
(140, 16, 'PIROJPUR SADAR'),
(141, 17, 'ALIKADAM'),
(142, 17, 'BANDARBAN SADAR'),
(143, 17, 'LAMA'),
(144, 17, 'NAIKHONGCHARI'),
(145, 17, 'ROWANGCHHARI'),
(146, 17, 'RUMA'),
(147, 17, 'THANCHI'),
(148, 18, 'ANOWARA'),
(149, 18, 'BANDAR'),
(150, 18, 'BANSKHALI'),
(151, 18, 'BOALKHALI'),
(152, 18, 'CHANDANAISH'),
(153, 18, 'CHANDGAON'),
(154, 18, 'DOUBLE MURING'),
(155, 18, 'FATIKCHARI'),
(156, 18, 'HALISHAHAR'),
(157, 18, 'HATHAZARI'),
(158, 18, 'KHULSI'),
(159, 18, 'KOTOWALI'),
(160, 18, 'LOHAGARA'),
(161, 18, 'MIRSARAI'),
(162, 18, 'PAHARTALI'),
(163, 18, 'PATIYA'),
(164, 18, 'PUNCHLAISH'),
(165, 18, 'RANGUNIA'),
(166, 18, 'RAOZAN'),
(167, 18, 'SANDWIP'),
(168, 18, 'SATKANIA'),
(169, 18, 'SITAKUNDAH'),
(170, 19, 'CHAKARIA'),
(171, 19, 'COX''S BAZAR SADAR'),
(172, 19, 'KUTUBDIA'),
(173, 19, 'MOHESHKHALI'),
(174, 19, 'PEKUA'),
(175, 19, 'RAMU'),
(176, 19, 'TEKNAF'),
(177, 19, 'UKHIYA'),
(178, 20, 'CHHAGALNAIYA'),
(179, 20, 'DAGONBHIYAN'),
(180, 20, 'FENI SADAR'),
(181, 20, 'FULGAJI'),
(182, 20, 'PARSHURAM'),
(183, 20, 'SONAGAJI'),
(184, 21, 'DIGHINALA'),
(185, 21, 'KHAGRA CHARI'),
(186, 21, 'LAXMI CHARI'),
(187, 21, 'MAHALCHARI'),
(188, 21, 'MANIK CHARI'),
(189, 21, 'MATIRANGA'),
(190, 21, 'PAN CHARI'),
(191, 21, 'RAMGARH'),
(192, 22, 'BEGUMGONJ'),
(193, 22, 'CHATKHIL'),
(194, 22, 'COMPANIGONJ'),
(195, 22, 'HATIYA'),
(196, 22, 'KABIRHAT'),
(197, 22, 'NOAKHALI SADAR'),
(198, 22, 'SENBAG'),
(199, 22, 'SONAIMURI'),
(200, 22, 'SUBARNA CHAR'),
(201, 23, 'BAGHAIRCHARI'),
(202, 23, 'BARKAL'),
(203, 23, 'BELAICHARI'),
(204, 23, 'JURAICHORI'),
(205, 23, 'KAPTAI'),
(206, 23, 'KAWKHALI'),
(207, 23, 'LONGADU'),
(208, 23, 'NANNIARCHAR'),
(209, 23, 'RAJASTHALI'),
(210, 23, 'RANGAMATI SADAR'),
(211, 24, 'AKHAURA'),
(212, 24, 'ASHUGONJ'),
(213, 24, 'BANCHNARAMPUR'),
(214, 24, 'BRAHMANBARIA'),
(215, 24, 'KASBA'),
(216, 24, 'NABINAGAR'),
(217, 24, 'NASIRNAGAR'),
(218, 24, 'SARAIL'),
(219, 25, 'CHANDPUR SADAR'),
(220, 25, 'FARIDGANJ'),
(221, 25, 'HAIMCHAR'),
(222, 25, 'HAJIGONJ'),
(223, 25, 'KACHUA'),
(224, 25, 'MATLAB (SOUTH)'),
(225, 25, 'MATLAB(NORTH)'),
(226, 25, 'SHAHRASTI'),
(227, 26, 'ADARSHA SADAR'),
(228, 26, 'BARURA'),
(229, 26, 'BRAHMANPARA'),
(230, 26, 'BURICHANG'),
(231, 26, 'CHANDINA'),
(232, 26, 'CHOUDDAGRAM'),
(233, 26, 'COMILLA SOUTH'),
(234, 26, 'DAUDKANDI'),
(235, 26, 'DEBIDWAR'),
(236, 26, 'HOMNA'),
(237, 26, 'LAKSAM'),
(238, 26, 'MEGHNA'),
(239, 26, 'MONOHORGONG'),
(240, 26, 'MURAD NAGAR'),
(241, 26, 'NANGALKOT'),
(242, 26, 'TITAS'),
(243, 27, 'KOMOLNAGAR'),
(244, 27, 'LAXMIPUR'),
(245, 27, 'RAMGATI'),
(246, 27, 'RAMGONJ'),
(247, 27, 'ROYPUR'),
(248, 28, 'BADDA'),
(249, 28, 'CANTONMENT'),
(250, 28, 'DAKSHINKHAN'),
(251, 28, 'DEMRA'),
(252, 28, 'DHAMRAI'),
(253, 28, 'DHANMONDI'),
(254, 28, 'DOHAR'),
(255, 28, 'GULSHAN'),
(256, 28, 'HAZARIBAG PARK'),
(257, 28, 'JATRABARI'),
(258, 28, 'KAFRUL'),
(259, 28, 'KAMRANGIRCHAR'),
(260, 28, 'KERANIGONJ'),
(261, 28, 'KHILGAON'),
(262, 28, 'KHILKHET'),
(263, 28, 'KOTWALI'),
(264, 28, 'LALBAG'),
(265, 28, 'MOHAMMADPUR'),
(266, 28, 'MOTIJHEEL'),
(267, 28, 'NAWABGANJ'),
(268, 28, 'PALLABI'),
(269, 28, 'RAMNA'),
(270, 28, 'SABUJBAG'),
(271, 28, 'SAVAR'),
(272, 28, 'SHYAMPUR'),
(273, 28, 'SUTRAPUR'),
(274, 28, 'TEJGAON'),
(275, 28, 'TURAG'),
(276, 28, 'UTTAR KHAN'),
(277, 28, 'UTTARA'),
(278, 29, 'ALFADANGA'),
(279, 29, 'BHANGA'),
(280, 29, 'BOALMARI'),
(281, 29, 'CHARBHADRASON'),
(282, 29, 'FARIDPUR SADAR'),
(283, 29, 'MODHUKHALI'),
(284, 29, 'NAGARKANDA'),
(285, 29, 'SADARPUR'),
(286, 30, 'GAZIPUR SADAR'),
(287, 30, 'KALIAKAIR'),
(288, 30, 'KALIGONJ'),
(289, 30, 'KAPASIA'),
(290, 30, 'SRIPUR'),
(291, 30, 'TONGI'),
(292, 31, 'GOPALGANJ SADAR'),
(293, 31, 'KASIANI'),
(294, 31, 'KOTALIPARA'),
(295, 31, 'MUKSUDPUR'),
(296, 31, 'TUNGIPARA'),
(297, 32, 'KALKINI'),
(298, 32, 'MADARIPUR SADAR'),
(299, 32, 'RAJOIR'),
(300, 32, 'SHIBCHAR'),
(301, 33, 'DAULATPUR'),
(302, 33, 'GHIOR'),
(303, 33, 'HARIRAMPUR'),
(304, 33, 'MANIKGANJ SADAR'),
(305, 33, 'SATURIA'),
(306, 33, 'SHIBALAYA'),
(307, 33, 'SINGAIR'),
(308, 34, 'GAZARIA'),
(309, 34, 'LOHAJANG'),
(310, 34, 'MUNSHIGANJ SADAR'),
(311, 34, 'SIRAJDIKHAN'),
(312, 34, 'SREENAGAR'),
(313, 34, 'TONGI BARI'),
(314, 35, 'ARAIHAZAR'),
(315, 35, 'BANDAR'),
(316, 35, 'FATULLAH'),
(317, 35, 'NARAYANGANJ SADAR'),
(318, 35, 'RUPGANJ'),
(319, 35, 'SONARGAON'),
(320, 36, 'BELABO'),
(321, 36, 'MONOHARDI'),
(322, 36, 'NARSINGDI SADAR'),
(323, 36, 'POLASH'),
(324, 36, 'RAIPURA'),
(325, 36, 'SHIBPUR'),
(326, 37, 'BALIAKANDI'),
(327, 37, 'GOALANDA'),
(328, 37, 'PANGSHA'),
(329, 37, 'RAJBARI SADAR'),
(330, 38, 'BHADERGONJ'),
(331, 38, 'DAMODYA'),
(332, 38, 'GOSAIRHAT'),
(333, 38, 'JAJIRA'),
(334, 38, 'NARIA'),
(335, 38, 'SHARIATPUR SADAR'),
(336, 39, 'BAGERHAT SADAR'),
(337, 39, 'CHITALMARY'),
(338, 39, 'FAKIRHAT'),
(339, 39, 'KACHUA'),
(340, 39, 'MOLLAHAT'),
(341, 39, 'MONGLA'),
(342, 39, 'MORRELGONJ'),
(343, 39, 'RAMPAL'),
(344, 39, 'SARANKHOLA'),
(345, 40, 'ALAMDANGA'),
(346, 40, 'CHUADANGA SADAR'),
(347, 40, 'DAMURHUDA'),
(348, 40, 'JIBANNAGAR'),
(349, 41, 'ABHAYNAGAR'),
(350, 41, 'BAGHER PARA'),
(351, 41, 'CHOUGASA'),
(352, 41, 'JESSORE SADAR'),
(353, 41, 'JHIKARGACHA'),
(354, 41, 'KESHABPUR'),
(355, 41, 'MONIRAMPUR'),
(356, 41, 'SARSA'),
(357, 42, 'HARINAKUNDU'),
(358, 42, 'JHENAIDAH SADAR'),
(359, 42, 'KALIGONJ'),
(360, 42, 'KOTCHANDPUR'),
(361, 42, 'MOHESHPUR'),
(362, 42, 'SHAILAKUPA'),
(363, 43, 'BATIAGHATA'),
(364, 43, 'DACOPE'),
(365, 43, 'DIGHALIA'),
(366, 43, 'DUMURIA'),
(367, 43, 'FULTALA'),
(368, 43, 'KHULNA SADAR'),
(369, 43, 'KOYRA'),
(370, 43, 'PAIKGACHA'),
(371, 43, 'RUPSHA'),
(372, 43, 'TEROKHADA'),
(373, 44, 'BHERAMARA'),
(374, 44, 'DAULATPUR'),
(375, 44, 'KHOKSA'),
(376, 44, 'KUMARKHALI'),
(377, 44, 'KUSHTIA SADAR'),
(378, 44, 'MIRPUR'),
(379, 45, 'MAGURA SADAR'),
(380, 45, 'MOHAMMADPUR'),
(381, 45, 'SALIKA'),
(382, 45, 'SREEPUR'),
(383, 46, 'GANGNI'),
(384, 46, 'MEHERPUR SADAR'),
(385, 46, 'MUJIBNAGAR'),
(386, 47, 'KALIA'),
(387, 47, 'LOHAGORA'),
(388, 47, 'NARAIL SADAR'),
(389, 48, 'ASSASUNI'),
(390, 48, 'DEBHATA'),
(391, 48, 'KALAROA'),
(392, 48, 'KALIGANJ'),
(393, 48, 'SATKHIRA SADAR'),
(394, 48, 'SHYAMNAGAR'),
(395, 48, 'TALA'),
(396, 49, 'BAKSIGANJ'),
(397, 49, 'DEWANGANJ'),
(398, 49, 'ISLAMPUR'),
(399, 49, 'JAMALPUR SADAR'),
(400, 49, 'MADER GONJ'),
(401, 49, 'MELANDAH'),
(402, 49, 'SARISHABARI'),
(403, 50, 'AUSTAGRAM'),
(404, 50, 'BAJITPUR'),
(405, 50, 'BHAIRAB'),
(406, 50, 'HOSSAINPUR'),
(407, 50, 'ITNA'),
(408, 50, 'KARIMGANJ'),
(409, 50, 'KATIADI'),
(410, 50, 'KISHOREGANJ SADAR'),
(411, 50, 'KULIARCHAR'),
(412, 50, 'MITAMAIN'),
(413, 50, 'NIKLI'),
(414, 50, 'PAKUNDIA'),
(415, 50, 'TARAIL'),
(416, 51, 'BHALUKA'),
(417, 51, 'DHOBAURA'),
(418, 51, 'FULBARIA'),
(419, 51, 'GAFARGAON'),
(420, 51, 'GOURIPUR'),
(421, 51, 'HALUAGHAT'),
(422, 51, 'ISHWARGANJ'),
(423, 51, 'MUKTAGACHA'),
(424, 51, 'MYMENSINGH SADAR'),
(425, 51, 'NANDAIL'),
(426, 51, 'PHULPUR'),
(427, 51, 'TRISHAL'),
(428, 52, 'ATPARA'),
(429, 52, 'BARHATTA'),
(430, 52, 'DURGAPUR'),
(431, 52, 'KALMAKANDA'),
(432, 52, 'KENDUA'),
(433, 52, 'KHALIAJURY'),
(434, 52, 'MADAN'),
(435, 52, 'MOHANGANJ'),
(436, 52, 'NETRAKONA'),
(437, 52, 'PURBADHALA'),
(438, 53, 'JHENAIGATI'),
(439, 53, 'NAKLA'),
(440, 53, 'NALITABARI'),
(441, 53, 'SHERPUR SADAR'),
(442, 53, 'SREEBORDI'),
(443, 54, 'BASAIL'),
(444, 54, 'BHUAPUR'),
(445, 54, 'DELDUAR'),
(446, 54, 'DHANBARI'),
(447, 54, 'GHATAIL'),
(448, 54, 'GOPALPUR'),
(449, 54, 'KALIHATI'),
(450, 54, 'MADHUPUR'),
(451, 54, 'MIRZAPUR'),
(452, 54, 'NAGARPUR'),
(453, 54, 'SAKHIPUR'),
(454, 54, 'TANGAIL SADAR'),
(455, 55, 'ADAMDIGHI'),
(456, 55, 'BOGRA SADAR'),
(457, 55, 'DHUNAT'),
(458, 55, 'DUPCHANCHIA'),
(459, 55, 'GABTALI'),
(460, 55, 'KAHALOO'),
(461, 55, 'NANDIGRAM'),
(462, 55, 'SAJAHANPUR'),
(463, 55, 'SHARIAKANDI'),
(464, 55, 'SHERPUR'),
(465, 55, 'SHIBGONJ'),
(466, 55, 'SONATALA'),
(467, 56, 'BHOLAHAT'),
(468, 56, 'CHAPAINAWABGANJ SADAR'),
(469, 56, 'GOMASTAPUR'),
(470, 56, 'NACHOLE'),
(471, 56, 'SHIBGANJ'),
(472, 57, 'AKKELPUR'),
(473, 57, 'JOYPURHAT SADAR'),
(474, 57, 'KALAI'),
(475, 57, 'KHETLAL'),
(476, 57, 'PANCHBIBI'),
(477, 58, 'ATRAI'),
(478, 58, 'BADALGACHI'),
(479, 58, 'DHAMOIRHAT'),
(480, 58, 'MANDA'),
(481, 58, 'MOHADEVPUR'),
(482, 58, 'NAOGAON SADAR'),
(483, 58, 'NIAMATPUR'),
(484, 58, 'PATNITOLA'),
(485, 58, 'PORSHA'),
(486, 58, 'RANI NAGAR'),
(487, 58, 'SAPAHAR'),
(488, 59, 'BAGATIPARA'),
(489, 59, 'BARAI GRAM'),
(490, 59, 'GURUDASPUR'),
(491, 59, 'LALPUR'),
(492, 59, 'NATORE SADAR'),
(493, 59, 'SINGRA'),
(494, 60, 'ATGHARIA'),
(495, 60, 'BERA'),
(496, 60, 'BHANGOOR'),
(497, 60, 'CHATMOHAR'),
(498, 60, 'FARIDPUR'),
(499, 60, 'ISHURDI'),
(500, 60, 'PABNA SADAR'),
(501, 60, 'SANTHIA'),
(502, 60, 'SUJANAGAR'),
(503, 61, 'BAGHA'),
(504, 61, 'BAGMARA'),
(505, 61, 'BOALIA'),
(506, 61, 'CHARGHAT'),
(507, 61, 'DURGAPUR'),
(508, 61, 'GODAGARI'),
(509, 61, 'MOHONPUR'),
(510, 61, 'PABA'),
(511, 61, 'PUTHIA'),
(512, 61, 'TANORE'),
(513, 62, 'BELKUCHI'),
(514, 62, 'CHOWHALI'),
(515, 62, 'KAMARKHAND'),
(516, 62, 'KAZIPUR'),
(517, 62, 'RAIGONJ'),
(518, 62, 'SHAHZADPUR'),
(519, 62, 'SIRAJGANJ'),
(520, 62, 'TARASH'),
(521, 62, 'ULLAPARA'),
(522, 63, 'BIRAMPUR'),
(523, 63, 'BIRGANJ'),
(524, 63, 'BIROL'),
(525, 63, 'BOCHAGANJ'),
(526, 63, 'CHIRIRBANDAR'),
(527, 63, 'DINAJPUR SADAR'),
(528, 63, 'GHORAGHAT'),
(529, 63, 'HAKIMPUR'),
(530, 63, 'KAHAROL'),
(531, 63, 'KHANSAMA'),
(532, 63, 'NAWABGONJ'),
(533, 63, 'PARBATIPUR'),
(534, 63, 'PHULBARI'),
(535, 64, 'FULCHHARI'),
(536, 64, 'GAIBANDHA'),
(537, 64, 'GOBINDAGANJ'),
(538, 64, 'PALASHBARI'),
(539, 64, 'SADULLAPUR'),
(540, 64, 'SHAGHATA'),
(541, 64, 'SUNDARGANJ'),
(542, 65, 'BHURUNGAMARI'),
(543, 65, 'CHILMARI'),
(544, 65, 'FULBARI'),
(545, 65, 'KURIGRAM SADAR'),
(546, 65, 'NAGESWARI'),
(547, 65, 'RAJARHAT'),
(548, 65, 'RAJIBPUR'),
(549, 65, 'ROWMARI'),
(550, 65, 'ULIPUR'),
(551, 66, 'ADITMARI'),
(552, 66, 'HATIBANDHA'),
(553, 66, 'KALIGANJ'),
(554, 66, 'LALMONIRHAT SADAR'),
(555, 66, 'PATGRAM'),
(556, 67, 'DIMLA'),
(557, 67, 'DOMAR'),
(558, 67, 'JALDHAKA'),
(559, 67, 'KISHOREGANJ'),
(560, 67, 'NILPHAMARI SADAR'),
(561, 67, 'SAIDPUR'),
(562, 68, 'ATWARI'),
(563, 68, 'BODA'),
(564, 68, 'DEBIGANJ'),
(565, 68, 'PANCHAGARH SADAR'),
(566, 68, 'TETULIA'),
(567, 69, 'BADARGANJ'),
(568, 69, 'GANGACHARA'),
(569, 69, 'KAUNIA'),
(570, 69, 'MITHAPUKUR '),
(571, 69, 'PIRGACHA'),
(572, 69, 'PIRGANJ'),
(573, 69, 'RANGPUR SADAR'),
(574, 69, 'TARAGONJ'),
(575, 70, 'BALIADANGI'),
(576, 70, 'HARIPUR'),
(577, 70, 'PIRGANJ'),
(578, 70, 'RANISANKAIL'),
(579, 70, 'THAKURGAON SADAR'),
(580, 71, 'AJMIRIGANJ'),
(581, 71, 'BAHUBAL'),
(582, 71, 'BANIYACHONJ'),
(583, 71, 'CHUNARUGHAT'),
(584, 71, 'HABIGONJ SADAR'),
(585, 71, 'LAKHAI'),
(586, 71, 'MADHABPUR'),
(587, 71, 'NABIGONJ'),
(588, 72, 'BARLEKHA'),
(589, 72, 'JURI'),
(590, 72, 'KAMALGANJ'),
(591, 72, 'KULAURA'),
(592, 72, 'MOULVIBAZAR'),
(593, 72, 'RAJNAGAR'),
(594, 72, 'SRIMANGAL'),
(595, 73, 'BISWAMBARPUR'),
(596, 73, 'CHHATAK'),
(597, 73, 'DERAI'),
(598, 73, 'DHARMA PASHA'),
(599, 73, 'DUARABAZAR'),
(600, 73, 'JAGANNATHPUR'),
(601, 73, 'JAMALGONJ'),
(602, 73, 'SULLA'),
(603, 73, 'SUNAMGANJ SADAR'),
(604, 73, 'TAHIRPUR'),
(605, 74, 'BALAGANJ'),
(606, 74, 'BEANIBAZAR'),
(607, 74, 'BISWANATH'),
(608, 74, 'COMPANIGONJ'),
(609, 74, 'DAKSHIN SURMA'),
(610, 74, 'FENCHUGANJ'),
(611, 74, 'GOLAPGANJ'),
(612, 74, 'GOWAINGHAT'),
(613, 74, 'JAINTAPUR'),
(614, 74, 'KANAIGHAT'),
(615, 74, 'SYLHET SADAR'),
(616, 74, 'ZAKIGANJ'),
(617, 18, 'BAYEZID BOSTAMI'),
(618, 28, 'MIRPUR'),
(619, 28, 'PALTAN'),
(620, 22, 'BOYAR CHAR'),
(621, 78, 'DHANMONDI');

-- --------------------------------------------------------

--
-- Table structure for table `hlink_union`
--

CREATE TABLE IF NOT EXISTS `hlink_union` (
  `id` int(8) NOT NULL,
  `thana_id` int(6) NOT NULL,
  `name` varchar(120) COLLATE utf8_unicode_ci NOT NULL
) ENGINE=InnoDB AUTO_INCREMENT=4982 DEFAULT CHARSET=utf8 COLLATE=utf8_unicode_ci;

--
-- Dumping data for table `hlink_union`
--

INSERT INTO `hlink_union` (`id`, `thana_id`, `name`) VALUES
(55, 399, 'CHAR ISWER1'),
(58, 195, 'BURIR CHAR'),
(64, 141, 'ALIK-2'),
(65, 141, 'ALIK-4'),
(67, 141, 'ALIK-5'),
(68, 101, 'AMTALI'),
(70, 192, 'BEGOM-01'),
(71, 192, 'BEGOM-12'),
(72, 192, 'BEGOM-03'),
(75, 195, 'NALCHIRA'),
(76, 195, 'SUKHCHAR'),
(81, 468, 'ISLAMPUR'),
(82, 468, 'BOTTOLA HAT'),
(83, 328, 'KALIKAPUR'),
(84, 441, 'BOYRA'),
(85, 441, 'KAMARIA'),
(92, 253, 'SODOR THANA'),
(95, 248, 'BADDA THANA'),
(100, 324, 'MUSAPUR '),
(103, 170, 'DULAHAZARA'),
(104, 170, 'FASIAKHALI'),
(105, 170, 'HARBANG'),
(106, 170, 'KAKHARA'),
(107, 170, 'KAIARBIL'),
(108, 170, 'KHUNTAKHALI'),
(109, 174, 'MAGNAMA'),
(110, 174, 'PEKUA'),
(111, 174, 'RAJAKHALI'),
(112, 170, 'PASCHIM BARA BHEOLA'),
(113, 171, 'WARD NO-01'),
(114, 171, 'WARD NO-02'),
(115, 171, 'WARD NO-03'),
(116, 171, 'BHARUAKHALI'),
(117, 171, 'CHAUFALDANDI'),
(118, 171, 'IDGAON'),
(119, 171, 'JHILWANJA'),
(120, 171, 'KHURUSHKUL'),
(121, 171, 'PATALI MACHHUAKHALI'),
(122, 172, 'BARAGHOP'),
(123, 228, 'ADRA'),
(124, 228, 'DAKSHIN BHABANIPUR'),
(125, 228, 'UTTAR DEORA'),
(126, 228, 'DAKSHIN DEORA'),
(127, 228, 'GALIMPUR'),
(128, 228, 'UTTAR JALAM'),
(129, 228, 'DAKSHIN JALAM'),
(130, 228, 'UTTAR KHOSBAS'),
(131, 228, 'DAKSHIN KHOSBAS'),
(132, 228, 'UTTAR PAYALGACHHA'),
(133, 228, 'DAKSHIN PAYALGACHHA'),
(134, 228, 'UTTAR SHILMURI'),
(135, 229, 'BRAHMAN PARA'),
(136, 229, 'DULALPUR'),
(137, 229, 'CHANDLA'),
(138, 207, 'ADARAK CHHARA'),
(139, 207, 'GULSHAKHALI'),
(140, 207, 'KALAPAKURJYA'),
(141, 207, 'LANGADU'),
(142, 207, 'MAYANIMUKH'),
(143, 208, 'BURIGHAT'),
(144, 208, 'GHILA CHHARI'),
(145, 208, 'SABEKHYONG'),
(146, 209, 'KAKRA CHHARI(B.HALIA)'),
(147, 209, 'GHILA CHHARI'),
(148, 209, 'GAINDA'),
(149, 210, 'WARD NO-01'),
(150, 210, 'WARD NO-02'),
(151, 210, 'WARD NO-03'),
(152, 210, 'BANDUK BHANGA'),
(153, 210, 'BALUKHALI'),
(154, 210, 'JIBTALI'),
(155, 240, 'ANDIKOT'),
(156, 240, 'PURBA BANGARA'),
(157, 264, 'WARD NO-22'),
(158, 264, 'WARD NO-23'),
(159, 264, 'WARD NO-24'),
(160, 264, 'WARD NO-25'),
(161, 264, 'WARD NO-26'),
(162, 264, 'WARD NO-27'),
(163, 264, 'WARD NO-28'),
(164, 264, 'WARD NO-29 (PART)'),
(165, 264, 'WARD NO-64 (PART)'),
(166, 618, 'WARD NO-03'),
(167, 618, 'WARD NO-04'),
(168, 618, 'WARD NO-05'),
(169, 618, 'WARD NO-06'),
(170, 618, 'WARD NO-07'),
(171, 618, 'WARD NO-08'),
(172, 618, 'WARD NO-10  (PART)'),
(173, 618, 'HARIRAMPUR'),
(174, 265, 'WARD NO-11'),
(175, 265, 'WARD NO-12'),
(176, 265, 'WARD NO-13'),
(177, 265, 'WARD NO-14'),
(178, 265, 'WARD NO-15'),
(179, 265, 'WARD NO-16'),
(180, 265, 'WARD NO-69 (PART)'),
(181, 619, 'WARD NO-52 (PART)'),
(182, 619, 'WARD NO-54'),
(183, 266, 'WARD NO-60'),
(184, 266, 'WARD NO-61 (PART)'),
(185, 266, 'WARD NO-62'),
(186, 266, 'WARD NO-63 (PART)'),
(187, 267, 'AGLA'),
(188, 267, 'BAKSHNAGAR'),
(189, 267, 'BANDURA'),
(190, 267, 'BARUAKHALI'),
(191, 185, 'BHAIBONCHHARA'),
(192, 185, 'GOLABARI'),
(193, 185, 'KAMALCHHARI'),
(194, 229, 'SAHEBABAD'),
(195, 229, 'SHASHIDAL'),
(196, 230, 'BAKSIMAIL'),
(197, 230, 'BHARELLA'),
(198, 230, 'BURICHANG'),
(199, 230, 'MAINAMATI'),
(200, 230, 'MOKAM'),
(201, 230, 'PIR JATRAPUR'),
(202, 230, 'RAJAPUR'),
(203, 230, 'SHOLANAL'),
(204, 231, 'UTTAR BARERA'),
(205, 231, 'DAKSHIN BARERA'),
(206, 231, 'UTTAR BARA KARAI'),
(207, 231, 'DAKSHIN BARAKARAI'),
(208, 231, 'PASCHIM CHANDINA'),
(209, 231, 'UTTAR GALLAI'),
(210, 231, 'DAKSHIN GALLAI'),
(211, 231, 'MAHICHAL'),
(212, 231, 'PURBA SUHILPUR'),
(213, 234, 'UTTAR BALARAMPUR'),
(214, 234, 'DAKSHIN BALARAMPUR'),
(215, 238, 'BARAKANDA'),
(216, 234, 'BITIKANDI'),
(217, 238, 'UTTAR DAUDKANDI (CHALIBHANGA)'),
(218, 234, 'DAKSHIN DAUDKANDI'),
(219, 234, 'DAKSHIN ELLIOTGANJ'),
(220, 234, 'GOALMARI'),
(221, 238, 'GOBINDAPUR'),
(222, 234, 'PURBA GAURIPUR'),
(223, 226, 'SUCHIPARA'),
(224, 226, 'UTTAR MEHER'),
(225, 226, 'DAKSHIN MEHER'),
(226, 226, 'DAKSHIN ROYSREE'),
(227, 226, 'UTTAR SUCHI PARA'),
(228, 226, 'DAKSHIN SUCHI PARA'),
(229, 226, 'TAMTA'),
(230, 148, 'ANOWARA'),
(231, 148, 'BAIRAG'),
(232, 148, 'BARAKHAIN'),
(233, 148, 'BARASAT'),
(234, 148, 'BURUMCHHARA'),
(235, 148, 'BATTALI'),
(236, 148, 'CHATARI'),
(237, 148, 'HAILDHAR'),
(238, 148, 'PARAIKORA'),
(239, 148, 'ROYPUR'),
(240, 142, 'WARD NO-01'),
(241, 142, 'WARD NO-02'),
(242, 142, 'WARD NO-03'),
(243, 142, 'BANDARBAN'),
(244, 142, 'KUHALONG'),
(245, 142, 'RAJBILA'),
(246, 142, 'SHOLAKA'),
(247, 142, 'TANKABATI'),
(248, 143, 'AZIZNAGAR'),
(249, 143, 'FASYAKHALI'),
(250, 143, 'GAJALIA'),
(251, 143, 'SARAI'),
(252, 145, 'ALIKHONG'),
(253, 145, 'NOWA PATANG'),
(254, 132, 'AMRAGACHHIA'),
(255, 132, 'DEULI SUBIDKHALI'),
(256, 132, 'KARABUNIA'),
(257, 132, 'MADHABKHALI'),
(258, 132, 'MAJIDBARI'),
(259, 132, 'MIRZAGANJ'),
(260, 252, 'BALIA'),
(261, 252, 'BHARARIA'),
(262, 252, 'CHAUHAT'),
(263, 252, 'DHAMRAI'),
(264, 252, 'GANGUTIA'),
(265, 252, 'JADABPUR'),
(266, 252, 'KULLA'),
(267, 252, 'KUSHURA'),
(268, 252, 'NANNAR'),
(269, 252, 'ROWAIL'),
(270, 252, 'SANORA'),
(271, 252, 'SOMBHAG'),
(272, 252, 'SUAPUR'),
(273, 252, 'SUTI PARA'),
(274, 253, 'WARD NO-17'),
(275, 621, 'WARD NO-17'),
(276, 253, 'WARD NO-18'),
(277, 621, 'WARD NO-18'),
(278, 253, 'WARD NO-19'),
(279, 621, 'WARD NO-19'),
(280, 253, 'WARD NO-20'),
(281, 621, 'WARD NO-20'),
(282, 254, 'JOYPARA'),
(283, 254, 'KUSHUMHATI'),
(284, 254, 'MAHMUDPUR'),
(285, 267, 'CHURAIN'),
(286, 267, 'GALIMPUR'),
(287, 267, 'JANTRAIL'),
(288, 151, 'AHLA KARALDANGA'),
(289, 151, 'AMCHIA'),
(290, 151, 'PURBA GOMDANDI'),
(291, 157, 'HATHAZARI'),
(292, 157, 'MEKHAL'),
(293, 157, 'MIRZAPUR'),
(294, 157, 'SHIKARPUR'),
(295, 157, 'UTTAR MADARSA'),
(296, 160, 'ADHUNAGAR'),
(297, 160, 'AMIRABAD'),
(298, 160, 'BARAHATIA'),
(299, 160, 'CHARAMBA'),
(300, 160, 'CHUNATI'),
(301, 160, 'KALAUZAN'),
(302, 160, 'PADUA'),
(303, 162, 'WARD NO-21'),
(304, 162, 'WARD NO-23'),
(305, 162, 'WARD NO-34'),
(306, 267, 'JOYKRISHNAPUR'),
(307, 267, 'KALAKOPA'),
(308, 267, 'NAYANSREE'),
(309, 267, 'SHIKARI PARA'),
(310, 267, 'SHOLLA'),
(311, 269, 'WARD NO-63 (PART)'),
(312, 269, 'WARD NO-64 (PART)'),
(313, 269, 'WARD NO-65'),
(314, 269, 'WARD NO-66'),
(315, 269, 'WARD NO-67'),
(316, 271, 'WARD NO-01'),
(317, 271, 'WARD NO-02'),
(318, 271, 'WARD NO-03'),
(319, 134, 'BHANDARIA'),
(320, 134, 'BHITABARIA'),
(321, 134, 'DHAOA'),
(322, 134, 'GAURIPUR'),
(323, 134, 'NUDMULLA'),
(324, 134, 'TELIKHALI'),
(325, 119, 'BHABANIPUR'),
(326, 119, 'CHAR KHALIFA'),
(327, 285, 'BHASHANCHAR'),
(328, 285, 'CHAR BISHNUPUR'),
(329, 285, 'CHAR MANAIR'),
(330, 285, 'CHAR NASIRPUR'),
(331, 285, 'KRISHNAPUR'),
(332, 285, 'NARIKELBARIA'),
(333, 285, 'SADARPUR'),
(334, 215, 'BADAIR'),
(335, 215, 'BAYEK'),
(336, 215, 'BINAUTI'),
(337, 215, 'GOPINATHPUR'),
(338, 215, 'KAIMPUR'),
(339, 215, 'KASBA'),
(340, 215, 'KHERERA'),
(341, 215, 'KUTI'),
(342, 215, 'MEHARI'),
(343, 240, 'PASCHIM BANGARA'),
(344, 240, 'CHAPITALA'),
(345, 240, 'DARORA (PURBA)'),
(346, 240, 'CHHALIAKANDI'),
(347, 240, 'DHAMGHAR'),
(348, 240, 'PURBA JATRAPUR'),
(349, 240, 'PASCHIM JATRAPUR'),
(350, 240, 'MURADNAGAR'),
(351, 240, 'PURBA NABIPUR'),
(352, 240, 'PASCHIM NABIPUR'),
(353, 240, 'DAKSHIN PAHARPUR'),
(354, 240, 'PURBA PURBADHAIR'),
(355, 240, 'PASCHIM PURBADHAIR'),
(356, 240, 'DAKSHIN RAMCHANDRAPUR'),
(357, 167, 'HUDRAKHALI'),
(358, 167, 'IZZATPUR'),
(359, 167, 'KALAPANIA'),
(360, 167, 'KATHGHAR'),
(361, 167, 'MAGDHARA'),
(362, 167, 'NEAMASTI'),
(363, 167, 'RAHMATPUR'),
(364, 167, 'SANTOSHPUR'),
(365, 167, 'SARIKAIT'),
(366, 167, 'URIRCHAR'),
(367, 168, 'AMILAIS'),
(368, 168, 'EOCHIA'),
(369, 168, 'BAZALIA'),
(370, 168, 'CHARATI'),
(371, 168, 'PURBA DHEMSA'),
(372, 168, 'DHARMAPUR'),
(373, 168, 'KALIAIS'),
(374, 168, 'KANCHANA'),
(375, 168, 'KEOCHIA'),
(376, 168, 'KHAGARIA'),
(377, 168, 'MADARSA'),
(378, 168, 'NALUA'),
(379, 168, 'PURANAGAR'),
(380, 168, 'SADAHA'),
(381, 168, 'SATKANIA'),
(382, 168, 'SONAKANIA'),
(383, 289, 'DURGAPUR'),
(384, 289, 'KAPASIA'),
(385, 289, 'KARIHATA'),
(386, 116, 'WARD NO-03'),
(387, 116, 'BAPTA'),
(388, 116, 'CHAR SAMAIA'),
(389, 116, 'ILLISHA'),
(390, 116, 'BHEDARIA'),
(391, 116, 'BHELU MIAH'),
(392, 107, 'CHANDPASHA'),
(393, 107, 'DEHERGATI'),
(394, 107, 'KEDARPUR'),
(395, 107, 'MADHAB PASHA'),
(396, 228, 'ADDA'),
(397, 234, 'PASCHIM GAURIPUR'),
(398, 234, 'DAKSHIN JAGATPUR'),
(399, 234, 'MARUKA'),
(400, 234, 'MAJIDPUR'),
(401, 234, 'MOHAMMADPUR'),
(402, 234, 'PASCHIM PANCHGACHHIA'),
(403, 234, 'PURBA SUNDALPUR'),
(404, 234, 'PASCHIM SUNDALPUR'),
(405, 235, 'UTTAR BARA SHALGHAR'),
(406, 235, 'DAKSHIN BARA SHALGHAR'),
(407, 235, 'UTTAR BARKAMTA'),
(408, 235, 'DAKSHIN BARKAMTA'),
(409, 235, 'DEBIDWAR'),
(410, 235, 'UTTAR DHAMTI'),
(411, 235, 'DAKSHIN DHAMTI'),
(412, 235, 'FATEHABAD'),
(413, 235, 'UTTAR GUNAIGHAR'),
(414, 235, 'DAKSHIN GUNAIGHAR'),
(415, 235, 'UTTAR JAFARGANJ'),
(416, 235, 'DAKSHIN JAFARGANJ'),
(417, 235, 'UTTAR RAJAMEHAR'),
(418, 235, 'RASULPUR'),
(419, 235, 'SUBIL'),
(420, 236, 'BHASANIA'),
(421, 238, 'CHANDANPUR'),
(422, 236, 'PURBA CHANDER CHAR'),
(423, 236, 'PASCHIM CHANDER CHAR'),
(424, 236, 'PURBA GHAGUTIA'),
(425, 236, 'PASCHIM GHAGUTIA'),
(426, 236, 'UTTAR HOMNA'),
(427, 236, 'DAKSHIN HOMNA'),
(428, 236, 'NILAKHI'),
(429, 238, 'RADHANAGAR'),
(430, 151, 'KANDHURKHIL'),
(431, 151, 'POPADIA'),
(432, 151, 'SAKPURA'),
(433, 152, 'BAILTALI'),
(434, 152, 'BARKAL'),
(435, 152, 'BARAMA'),
(436, 152, 'DHOPACHHARI'),
(437, 152, 'DOHAZARI'),
(438, 152, 'HARALA'),
(439, 152, 'JOARA'),
(440, 152, 'KANCHANABAD'),
(441, 152, 'SATBARIA'),
(442, 153, 'WARD NO-27'),
(443, 153, 'WARD NO-28'),
(444, 153, 'WARD NO-29'),
(445, 263, 'WARD NO-30 (PART)'),
(446, 263, 'WARD NO-31'),
(447, 263, 'WARD NO-32'),
(448, 165, 'POMARA'),
(449, 165, 'RAJANAGAR'),
(450, 165, 'RANGUNIA'),
(451, 165, 'SARAPBHATA'),
(452, 165, 'SILAK'),
(453, 166, 'BAGOAN'),
(454, 166, 'BINAJURI'),
(455, 166, 'DABUA'),
(456, 245, 'CHAR ABDULLAH'),
(457, 245, 'CHAR ALEXANDAR'),
(458, 245, 'CHAR ALGI'),
(459, 245, 'CHAR GAZI'),
(460, 245, 'CHAR KADIRA'),
(461, 245, 'CHAR KALKINI'),
(462, 245, 'CHAR LAWRENCE'),
(463, 245, 'HAJIRHAT'),
(464, 199, 'AMBARNAGAR'),
(465, 199, 'AMISHA PARA'),
(466, 199, 'BARAGAON'),
(467, 199, 'BAZRA'),
(468, 199, 'DEOTI'),
(469, 199, 'JAYAG'),
(470, 202, 'BARA HARINA'),
(471, 202, 'BARKAL'),
(472, 202, 'BHUSHAN CHHARA'),
(473, 202, 'SHUBLONG'),
(474, 205, 'CHANDRAGHONA'),
(475, 205, 'CHITMARAM'),
(476, 205, 'KAPTAI'),
(477, 205, 'RAIKHALI'),
(478, 205, 'CANTONMENT'),
(479, 163, 'JIRI'),
(480, 165, 'BETAGI'),
(481, 165, 'CHANDRAGHONA KADAMTALI'),
(482, 165, 'HOSNABAD'),
(483, 165, 'MARIAMNAGAR'),
(484, 165, 'PADUA'),
(485, 165, 'PARUA'),
(486, 240, 'SREEKAIL'),
(487, 170, 'BADARKHALI'),
(488, 174, 'BARA BAKIA'),
(489, 170, 'BARAITALI'),
(490, 170, 'BHEOLA MANIK CHAR'),
(491, 170, 'CHIRINGA'),
(492, 180, 'LEMUA'),
(493, 180, 'MATABI'),
(494, 180, 'PANCHGACHHIYA'),
(495, 180, 'SANUA'),
(496, 180, 'SARISHADI'),
(497, 182, 'CHITHALIA'),
(498, 182, 'BAKSH MOHAMMAD'),
(499, 182, 'PARSHURAM'),
(500, 184, 'BABUCHHARA'),
(501, 184, 'BOALKHALI'),
(502, 184, 'DIGHINALA'),
(503, 184, 'KABAKHALI'),
(504, 184, 'MERUNG'),
(505, 184, 'CANTONMENT'),
(506, 185, 'WARD NO-01'),
(507, 185, 'WARD NO-02'),
(508, 185, 'WARD NO-03'),
(509, 101, 'ARPANGASHIA'),
(510, 101, 'ATHARAGASHIA'),
(511, 101, 'BARABAGI'),
(512, 101, 'GULISAKHALI'),
(513, 101, 'HALDIA'),
(514, 101, 'KARAIBARIA'),
(515, 101, 'KUKUA'),
(516, 101, 'PANCHA KORALIA'),
(517, 102, 'BAMNA'),
(518, 102, 'BUKABUNIA'),
(519, 102, 'DAUATALA'),
(520, 103, 'WARD NO-01'),
(521, 103, 'BADARKHALI'),
(522, 103, 'BARGUNA'),
(523, 103, 'BURIR CHAR'),
(524, 103, 'GAURICHANNA'),
(525, 103, 'KEORABUNIA'),
(526, 103, 'M.BALIATALI'),
(527, 103, 'NALTONA'),
(528, 104, 'BETAGI'),
(529, 104, 'BIBICHINI'),
(530, 104, 'BURA MAZUMDAR'),
(531, 104, 'HOSNABAD'),
(532, 104, 'KAZIRABAD'),
(533, 104, 'MOKAMIA'),
(534, 105, 'KAKCHIRA'),
(535, 105, 'KALMEGHA'),
(536, 105, 'KANTHALTALI'),
(537, 105, 'NACHNA PARA'),
(538, 105, 'PATHARGHATA'),
(539, 106, 'BAGDHA'),
(540, 106, 'BAKAL'),
(541, 106, 'RAJIHER'),
(542, 106, 'RATNAPUR'),
(543, 107, 'AGARPUR'),
(544, 215, 'MULGRAM'),
(545, 216, 'BARIKANDI'),
(546, 216, 'BIDDYAKUT'),
(547, 216, 'BIRGAON'),
(548, 216, 'PASCHIM JUNEDPUR'),
(549, 216, 'KAITALA'),
(550, 216, 'KRISHNANAGAR'),
(551, 216, 'LAUR FATEHPUR'),
(552, 216, 'NATGHAR'),
(553, 216, 'PASCHIM NABINAGAR'),
(554, 216, 'PURBA NABINAGAR'),
(555, 216, 'RATANPUR'),
(556, 195, 'CHANDNANDI'),
(557, 195, 'CHAR ISHWAR'),
(558, 195, 'CHAR KING'),
(559, 195, 'HARNI'),
(560, 195, 'JAHAJMARA'),
(561, 195, 'NALCHIRA'),
(562, 195, 'SONADIA'),
(563, 180, 'WARD NO-01'),
(564, 180, 'WARD NO-02'),
(565, 180, 'WARD NO-03'),
(566, 279, 'AZIMNAGAR'),
(567, 279, 'BHANGA'),
(568, 279, 'CHANDRA'),
(569, 279, 'GHARUA'),
(570, 219, 'WARD NO-04'),
(571, 219, 'ASHIKATI'),
(572, 219, 'KALYANPUR'),
(573, 219, 'BALIA'),
(574, 219, 'BISHNUPUR'),
(575, 219, 'CHANDRA'),
(576, 219, 'HANAR CHAR'),
(577, 219, 'IBRAHIMPUR'),
(578, 219, 'RAJRAJESHWAR'),
(579, 219, 'SHAH MAHMUDPUR'),
(580, 219, 'RAMPUR'),
(581, 219, 'SAKHUA'),
(582, 219, 'TARPUR CHANDI'),
(583, 220, 'PURBA BALUTHUPA'),
(584, 220, 'PASCHIM CHAR DUKHIA'),
(585, 220, 'UTTAR FARIDGANJ'),
(586, 220, 'DAKSHIN FARIDGANJ'),
(587, 220, 'UTTAR GOBINDAPUR'),
(588, 220, 'DAKSHIN GOBINDAPUR'),
(589, 220, 'PURBA GUPTI'),
(590, 220, 'PASCHIM GUPTI'),
(591, 220, 'UTTAR PAIKPARA'),
(592, 220, 'DAKSHIN PAIK PARA'),
(593, 220, 'UTTAR RUPSA'),
(594, 220, 'DAKSHIN RUPSA'),
(595, 220, 'PURBA SUBIDPUR'),
(596, 220, 'PASCHIM SUBIDPUR'),
(597, 140, 'DURGAPUR'),
(598, 140, 'KADAMTALA'),
(599, 140, 'KALAKHALI'),
(600, 140, 'SHANKARPASHA'),
(601, 140, 'SARIKTALA'),
(602, 216, 'SALIMGANJ'),
(603, 216, 'SATMURA'),
(604, 216, 'SHIBPUR'),
(605, 216, 'SHYAMGRAM'),
(606, 216, 'SREERAMPUR'),
(607, 217, 'BOLAKOT'),
(608, 217, 'BURISHWAR'),
(609, 217, 'CHATALPAR'),
(610, 217, 'DHAR MANDAL'),
(611, 217, 'FANDAUK'),
(612, 217, 'GOALNAGAR'),
(613, 217, 'GOKARNA'),
(614, 217, 'GUNIAK'),
(615, 217, 'HARIPUR'),
(616, 217, 'KUNDA'),
(617, 217, 'NASIRNAGAR'),
(618, 217, 'PURBABAGH'),
(619, 218, 'AORAIL'),
(620, 218, 'CHUNTA'),
(621, 218, 'KALIKACHCHHA'),
(622, 218, 'NOAGAON'),
(623, 218, 'PAK SHIMUL'),
(624, 218, 'SARAIL'),
(625, 218, 'SHAHBAZPUR'),
(626, 125, 'MAGAR'),
(627, 125, 'SIDDHAKATI'),
(628, 125, 'SUBIDPUR'),
(629, 126, 'BARUIA'),
(630, 126, 'GALUA'),
(631, 126, 'MATHBARI'),
(632, 126, 'RAJAPUR'),
(633, 126, 'SATURIA'),
(634, 127, 'ADABARIA'),
(635, 127, 'BAGA'),
(636, 127, 'BAUPHAL'),
(637, 127, 'DHULIA'),
(638, 127, 'KANCHI PARA'),
(639, 127, 'KALAIYA'),
(640, 127, 'KALISURI'),
(641, 127, 'KANAKDIA'),
(642, 127, 'KESHABPUR'),
(643, 127, 'MADANPURA'),
(644, 127, 'NOAMALA'),
(645, 127, 'NAZIRPUR'),
(646, 128, 'ALIPUR'),
(647, 128, 'BETAGI SANKIPURA'),
(648, 128, 'DASHMINA'),
(649, 167, 'AZIMPUR'),
(650, 167, 'BATAJORA'),
(651, 167, 'BAURIA'),
(652, 167, 'DIRGHAPAR'),
(653, 167, 'GACHHUA'),
(654, 167, 'HARAMIA'),
(655, 167, 'HARISPUR'),
(656, 140, 'SIKDAR MALLIK'),
(657, 140, 'TONA'),
(658, 279, 'HAMIRDI'),
(659, 279, 'KALAMRIDHA'),
(660, 279, 'MANIKDAHA'),
(661, 279, 'NASIRABAD'),
(662, 279, 'NURULLAGANJ'),
(663, 279, 'TUZARPUR'),
(664, 280, 'CHANDPUR'),
(665, 280, 'DADPUR'),
(666, 280, 'GHOSHPUR'),
(667, 280, 'GUNBAHA'),
(668, 280, 'MOYNA'),
(669, 280, 'PARAMESHWARDI'),
(670, 280, 'RUPAPAT'),
(671, 280, 'SATAIR'),
(672, 280, 'SHEKHAR'),
(673, 282, 'WARD NO-01'),
(674, 282, 'WARD NO-02'),
(675, 282, 'WARD NO-03'),
(676, 282, 'ALIABAD'),
(677, 282, 'AMBIKAPUR'),
(678, 282, 'CHAR MADHABDIA'),
(679, 282, 'DECREERCHAR'),
(680, 282, 'ISHAN GOPALPUR'),
(681, 210, 'KUTUK CHHARI'),
(682, 210, 'MAGBAN'),
(683, 210, 'SAPCHHARI'),
(684, 210, 'CANTONMENT'),
(685, 618, 'WARD NO-01 (PART)'),
(686, 249, 'WARD NO-75 (PART)'),
(687, 249, 'CANTT.(RESTRICTED) AREA'),
(688, 251, 'WARD NO-47'),
(689, 251, 'WARD NO-48'),
(690, 251, 'WARD NO-49'),
(691, 251, 'WARD NO-50'),
(692, 251, 'WARD NO-51'),
(693, 251, 'DEMRA (PART)'),
(694, 251, 'SHYAMPUR'),
(695, 252, 'AMTA'),
(696, 252, 'BAISAKANDA'),
(697, 141, 'ALIKADAM'),
(698, 141, 'CHOKHYONG'),
(699, 141, 'CANTONMENT'),
(700, 431, 'BARA KHARPAN'),
(701, 431, 'KAILATI'),
(702, 431, 'KALMAKANDA'),
(703, 431, 'KHARNAI'),
(704, 431, 'LENGURA'),
(705, 431, 'NAZIRPUR'),
(706, 431, 'POGLA'),
(707, 431, 'RANGCHHATI'),
(708, 432, 'ASUJIA'),
(709, 432, 'BALAISHIMUL'),
(710, 328, 'HABASPUR'),
(711, 328, 'JASHAI'),
(712, 328, 'KALIKAPUR'),
(713, 328, 'KASBA MAJHAIL'),
(714, 328, 'MACHH PARA'),
(715, 328, 'MAJHBARI'),
(716, 328, 'MADAPUR'),
(717, 328, 'MAURAT'),
(718, 328, 'MRIGI'),
(719, 328, 'PANGSHA'),
(720, 328, 'PATTA'),
(721, 328, 'RATANDIA'),
(722, 328, 'SARISHA'),
(723, 328, 'SAORAIL'),
(724, 329, 'WARD NO-01'),
(725, 329, 'WARD NO-02'),
(726, 329, 'WARD NO-03'),
(727, 329, 'ALIPUR'),
(728, 329, 'BANIBAHA'),
(729, 329, 'BASANTAPUR'),
(730, 329, 'DADSHI'),
(731, 364, 'BAJUA'),
(732, 340, 'CHUNKHOLA'),
(733, 340, 'GANGNI'),
(734, 340, 'GAOLA'),
(735, 340, 'KODALIA'),
(736, 340, 'KULIA'),
(737, 340, 'UDAYPUR'),
(738, 341, 'WARD NO-01'),
(739, 341, 'WARD NO-02'),
(740, 341, 'WARD NO-03'),
(741, 341, 'CHANDPI'),
(742, 341, 'BURIRDANGA'),
(743, 341, 'MITHAKHALI'),
(744, 341, 'SUNILTALA'),
(745, 341, 'CHANDPAI RANGE'),
(746, 451, 'JAMURKI'),
(747, 451, 'MAHERA'),
(748, 451, 'MIRZAPUR'),
(749, 451, 'TARAFPUR'),
(750, 451, 'UARSI'),
(751, 452, 'BHADRA'),
(752, 452, 'BHARA'),
(753, 452, 'DUPTIAIR'),
(754, 325, 'PUTIA'),
(755, 325, 'SADHAR CHAR'),
(756, 428, 'BANIAJAN'),
(757, 428, 'DUAZ'),
(758, 428, 'LONESHWAR'),
(759, 428, 'SARMAISA'),
(760, 428, 'SUKHARI'),
(761, 428, 'SONAI'),
(762, 428, 'TELIGATI'),
(763, 429, 'ASMA'),
(764, 429, 'BARHATTA'),
(765, 429, 'BAUSI'),
(766, 429, 'CHHIRAM'),
(767, 429, 'ROYPUR'),
(768, 308, 'HOSSAINDI'),
(769, 308, 'IMAMPUR'),
(770, 294, 'BANDHABARI'),
(771, 294, 'GHAGAR'),
(772, 294, 'HIRAN'),
(773, 294, 'KALABARI'),
(774, 294, 'KANDI'),
(775, 314, 'MAHMUDPUR'),
(776, 314, 'SADASARDI'),
(777, 314, 'SATGRAM'),
(778, 314, 'UCHITPUR'),
(779, 319, 'AMINPUR'),
(780, 319, 'BAIDYER BAZAR'),
(781, 319, 'BARADI'),
(782, 319, 'JAMPUR'),
(783, 319, 'KACHPUR'),
(784, 319, 'MUGRA PARA'),
(785, 322, 'KANTHALIA'),
(786, 322, 'MAHISHASURA'),
(787, 322, 'NAZARPUR'),
(788, 322, 'PAIKAR CHAR'),
(789, 417, 'GUATALA'),
(790, 417, 'GHOSHGAON'),
(791, 417, 'PORA KANDULIA'),
(792, 418, 'ACHIM PATULI'),
(793, 418, 'BAKTA'),
(794, 418, 'BALIAN'),
(795, 418, 'BHABANIPUR'),
(796, 418, 'DEOKHOLA'),
(797, 418, 'ENAYETPUR'),
(798, 418, 'FULBARIA'),
(799, 418, 'KALADAHA'),
(800, 418, 'PUTIJANA'),
(801, 418, 'RADHAKANAI'),
(802, 119, 'CHAR PATA'),
(803, 119, 'HAJIPUR'),
(804, 119, 'MADANPUR'),
(805, 119, 'MEDUA'),
(806, 119, 'UTTAR JOYNAGAR'),
(807, 119, 'SAIDPUR'),
(808, 120, 'BADARPUR'),
(809, 120, 'CHAR BHUTA'),
(810, 120, 'DHALI GAURNAGAR'),
(811, 120, 'FARAZGANJ'),
(812, 120, 'KALMA'),
(813, 120, 'LALMOHAN'),
(814, 120, 'LORD HARDINJE'),
(815, 120, 'PASCHIM CHAR UMED'),
(816, 145, 'ROWANGCHHARI'),
(817, 145, 'TARACHHA'),
(818, 146, 'GHALANGYA'),
(819, 146, 'PAINDU'),
(820, 146, 'REMAKRI PRANSA'),
(821, 146, 'RUMA'),
(822, 147, 'BALI PARA'),
(823, 147, 'REMAKRI'),
(824, 147, 'THANCHI'),
(825, 147, 'TINDU'),
(826, 211, 'DAKSHIN AKHAURA'),
(827, 211, 'DHARKHAR'),
(828, 211, 'MANIAND'),
(829, 211, 'MOGRA'),
(830, 112, 'GUABARIA'),
(831, 271, 'BANAGRAM'),
(832, 271, 'BIRALIA'),
(833, 271, 'DHAMSANA'),
(834, 271, 'KAUNDIA'),
(835, 271, 'WARD NO-76(AMIN BZ.W-07P)'),
(836, 271, 'SHIMULIA'),
(837, 271, 'TETULJHORA'),
(838, 271, 'YEARPUR'),
(839, 271, 'SAVAR CANTOMENT'),
(840, 273, 'WARD NO-36 (PART)'),
(841, 429, 'SAHATA'),
(842, 429, 'SINGDHA'),
(843, 538, 'PABNAPUR'),
(844, 538, 'PALASHBARI'),
(845, 539, 'BHATGRAM'),
(846, 539, 'DHAPERHAT'),
(847, 539, 'IDILPUR'),
(848, 539, 'JAMALPUR'),
(849, 539, 'KHURDA KAMARPUR'),
(850, 539, 'KUMAR PARA'),
(851, 457, 'GOSAINBARI'),
(852, 457, 'KALER PARA'),
(853, 457, 'MATHURAPUR'),
(854, 457, 'NIMGACHHI'),
(855, 502, 'HATKHALI'),
(856, 502, 'MANIKHAT'),
(857, 502, 'SAGARKANDI'),
(858, 502, 'SATBARIA'),
(859, 569, 'WARD NO-03'),
(860, 569, 'HARAGACHH'),
(861, 569, 'KAUNIA BALA PARA'),
(862, 569, 'KURSHA'),
(863, 569, 'SARAI'),
(864, 569, 'SHAHIDBAGH'),
(865, 569, 'TEPA MADHUPUR'),
(866, 573, 'WARD NO-01'),
(867, 573, 'WARD NO-03'),
(868, 573, 'WARD NO-04'),
(869, 573, 'WARD NO-06'),
(870, 487, 'SHIRANTI'),
(871, 487, 'TILNA'),
(872, 273, 'WARD NO-37'),
(873, 273, 'WARD NO-38'),
(874, 282, 'KAIJURI'),
(875, 282, 'KANAIPUR'),
(876, 282, 'KRISHNANAGAR'),
(877, 125, 'WARD NO-02'),
(878, 125, 'WARD NO-03'),
(879, 125, 'DAPDAPIA'),
(880, 125, 'KULKATI'),
(881, 125, 'KUSANGHAL'),
(882, 263, 'WARD NO-33'),
(883, 263, 'WARD NO-34'),
(884, 263, 'WARD NO-35'),
(885, 263, 'WARD NO-36 (PART)'),
(886, 410, 'WARD NO-04'),
(887, 410, 'BINNATI'),
(888, 410, 'CHAUDDASATA'),
(889, 410, 'DANA PATALI'),
(890, 410, 'JASODAL'),
(891, 410, 'KORSHA KARIAIL'),
(892, 410, 'MAHINANDA'),
(893, 410, 'MAIJ KHAPAN'),
(894, 273, 'WARD NO-39'),
(895, 273, 'WARD NO-40'),
(896, 273, 'WARD NO-41'),
(897, 273, 'WARD NO-42'),
(898, 273, 'WARD NO-43'),
(899, 273, 'WARD NO-44'),
(900, 273, 'WARD NO-45'),
(901, 273, 'WARD NO-46'),
(902, 274, 'WARD NO-68'),
(903, 274, 'WARD NO-69 (PART)'),
(904, 274, 'WARD NO-70'),
(905, 274, 'WARD NO-71'),
(906, 277, 'DAKSHINKHAN (PART)'),
(907, 277, 'UTTAR KHAN'),
(908, 278, 'ALFADANGA'),
(909, 278, 'BANA'),
(910, 278, 'BURAICH'),
(911, 278, 'PANCHURIA'),
(912, 278, 'TAGARBANDA'),
(913, 279, 'ALGI'),
(914, 302, 'PAILA'),
(915, 302, 'SINGJURI'),
(916, 223, 'PURBA SAHADEBPUR'),
(917, 223, 'PASCHIM SAHADEBPUR'),
(918, 223, 'BITARA'),
(919, 223, 'UTTAR GOHAT'),
(920, 112, 'HARINATHPUR'),
(921, 112, 'HIZLA GAURABDI'),
(922, 112, 'MEMANIA'),
(923, 304, 'BETILA MITARA'),
(924, 292, 'WARD NO-01'),
(925, 292, 'WARD NO-02'),
(926, 292, 'WARD NO-03'),
(927, 292, 'BORASI'),
(928, 292, 'BAULTALI'),
(929, 292, 'CHANDRA DIGHALIA'),
(930, 292, 'DURGAPUR'),
(931, 292, 'GOBRA'),
(932, 156, 'WARD NO-24'),
(933, 156, 'WARD NO-25'),
(934, 162, 'WARD NO-35'),
(935, 156, 'WARD NO-26'),
(936, 163, 'WARD NO-01'),
(937, 163, 'WARD NO-03'),
(938, 163, 'ASIA'),
(939, 163, 'BARALIA'),
(940, 163, 'BARA UTHAN'),
(941, 163, 'CHANHARA'),
(942, 163, 'CHAR LAKSHYA'),
(943, 163, 'CHAR PATHARGHATA'),
(944, 163, 'DHALGHAT'),
(945, 163, 'HABILAS DWIP'),
(946, 163, 'JANGLUKHAIN'),
(947, 163, 'JULDHA'),
(948, 163, 'KACHUAI'),
(949, 163, 'KASIAIS'),
(950, 163, 'KELISHAHAR'),
(951, 163, 'KHARANA'),
(952, 163, 'KOLAGAON'),
(953, 163, 'KUSUMPURA'),
(954, 163, 'PATIYA'),
(955, 163, 'SIKALBAHA'),
(956, 163, 'SOBHANDANDI'),
(957, 163, 'SUCHAKRADANDI'),
(958, 430, 'BAKALJORA'),
(959, 430, 'CHANDIGARH'),
(960, 430, 'DURGAPUR'),
(961, 430, 'GAOKANDIA'),
(962, 430, 'KAKAIRGARA'),
(963, 322, 'WARD NO-02'),
(964, 322, 'WARD NO-03'),
(965, 322, 'ALOKBALI'),
(966, 322, 'AMDIA'),
(967, 322, 'CHAR DIGHALDI'),
(968, 322, 'CHINISHPUR'),
(969, 322, 'HAJIPUR'),
(970, 300, 'SHIB CHAR'),
(971, 300, 'SIRUAIL'),
(972, 329, 'KHANKHANAPUR'),
(973, 329, 'KHANGANJ'),
(974, 329, 'MIZANPUR'),
(975, 329, 'MULGHAR'),
(976, 329, 'RAMKANTAPUR'),
(977, 329, 'SHAHID WAHABPUR'),
(978, 329, 'SULTANPUR'),
(979, 440, 'BAGHBER KALASPAR'),
(980, 440, 'JOGANIA'),
(981, 440, 'NALITABARI KAKARKANDI'),
(982, 440, 'NUNNI PORAGAON'),
(983, 440, 'RAJNAGAR'),
(984, 440, 'RAMCHANDRAKURA MANDALIA'),
(985, 440, 'RUPNARAYANKURA MARICHPURA'),
(986, 441, 'WARD NO-01'),
(987, 441, 'BAJITKHILA'),
(988, 441, 'BALAIR CHAR'),
(989, 334, 'CHAMTA'),
(990, 334, 'DINGA MANIK'),
(991, 334, 'FATEH JANGAPUR'),
(992, 334, 'GHARISAR'),
(993, 334, 'JAPSA'),
(994, 426, 'BAOLA'),
(995, 426, 'DHAKUA'),
(996, 426, 'GALAGAON'),
(997, 426, 'KAMARIA'),
(998, 426, 'PAYARI'),
(999, 426, 'PHULPUR'),
(1000, 426, 'RAHINGANJ'),
(1001, 426, 'RUPASI'),
(1002, 426, 'SAWDHARA'),
(1003, 426, 'SINGHESHWAR'),
(1004, 427, 'AMIRABARI'),
(1005, 427, 'BAILAR'),
(1006, 427, 'BALI PARA'),
(1007, 427, 'DHANIKHOLA'),
(1008, 292, 'GOPINATHPUR'),
(1009, 292, 'HARIDASPUR'),
(1010, 292, 'JALALABAD'),
(1011, 292, 'KAJULIA'),
(1012, 292, 'KARPARA'),
(1013, 447, 'DEULABARI'),
(1014, 447, 'DEOPARA'),
(1015, 447, 'DHALA PARA'),
(1016, 447, 'DIGALKANDI'),
(1017, 447, 'DIGAR'),
(1018, 447, 'GHATAIL'),
(1019, 447, 'LAKHER PARA'),
(1020, 447, 'RASULPUR'),
(1021, 447, 'GHATAIL CANTT.'),
(1022, 448, 'WARD NO-01'),
(1023, 448, 'WARD NO-03'),
(1024, 448, 'DHOPAKANDI'),
(1025, 448, 'HADIRA'),
(1026, 448, 'HEMNAGAR'),
(1027, 315, 'MUSAPUR'),
(1028, 317, 'WARD NO-01'),
(1029, 317, 'WARD NO-02'),
(1030, 317, 'WARD NO-03'),
(1031, 317, 'WARD NO-04'),
(1032, 317, 'WARD NO-05'),
(1033, 317, 'WARD NO-06'),
(1034, 317, 'WARD NO-07'),
(1035, 317, 'WARD NO-08'),
(1036, 317, 'ALIRTEK'),
(1037, 317, 'BAKTABALLI'),
(1038, 317, 'ENAYETNAGAR'),
(1039, 317, 'FATULLAH'),
(1040, 317, 'GODNAIL'),
(1041, 317, 'GOGNAGAR'),
(1042, 317, 'KASHIPUR'),
(1043, 317, 'KUTUBPUR'),
(1044, 317, 'SIDDIRGANJ'),
(1045, 317, 'SUMIL PARA'),
(1046, 318, 'BHOLABA'),
(1047, 318, 'BULTA'),
(1048, 318, 'DAUDPUR'),
(1049, 318, 'GOLAKANDAIL'),
(1050, 427, 'KANIHARI'),
(1051, 427, 'KANTHAL'),
(1052, 427, 'MATHBARI'),
(1053, 427, 'MOKSHAPUR'),
(1054, 427, 'RAMPUR'),
(1055, 427, 'TRISHAL'),
(1056, 314, 'BISHNANDI'),
(1057, 314, 'BRAHMANDI'),
(1058, 314, 'DUPTARA'),
(1059, 314, 'FATEHPUR'),
(1060, 314, 'HAIZADI'),
(1061, 314, 'KALA PAHARIA'),
(1062, 314, 'KHAGAKANDA'),
(1063, 338, 'MULGHAR'),
(1064, 338, 'NALDHA MAUBHOG'),
(1065, 338, 'PILJANGA'),
(1066, 338, 'SUBHADIA'),
(1067, 339, 'BADHAL'),
(1068, 339, 'DHOPAKHALI'),
(1069, 339, 'GAZALIA'),
(1070, 339, 'GOPALPUR'),
(1071, 339, 'KACHUA'),
(1072, 339, 'MAGHIA'),
(1073, 339, 'RARI PARA'),
(1074, 340, 'ATJURI'),
(1075, 441, 'BHATSALA'),
(1076, 441, 'CHAR PAKSHIMARI'),
(1077, 441, 'DHALA'),
(1078, 441, 'GHAZIR KHAMAR'),
(1079, 441, 'KAMARER CHAR'),
(1080, 441, 'KAMARIA'),
(1081, 441, 'LAKSHMANPUR'),
(1082, 441, 'PAKURIA'),
(1083, 441, 'RAUHA BETMARI'),
(1084, 443, 'KANCHANPUR'),
(1085, 443, 'KASHIL'),
(1086, 443, 'KAOALJANI'),
(1087, 444, 'ARJUNA'),
(1088, 444, 'BIRHATI'),
(1089, 444, 'FALDA'),
(1090, 444, 'GABSARA'),
(1091, 444, 'GOBINDASI'),
(1092, 318, 'KANCHAN'),
(1093, 318, 'MURA PARA'),
(1094, 318, 'RUPGANJ'),
(1095, 343, 'HURKA'),
(1096, 343, 'MALLIKER BER'),
(1097, 343, 'PERIKHALI'),
(1098, 343, 'RAJNAGAR'),
(1099, 343, 'UJALKUR'),
(1100, 344, 'DHANSAGAR'),
(1101, 344, 'DAKSHINKHALI'),
(1102, 344, 'SHARANKHOLA RANGE'),
(1103, 345, 'WARD NO-01'),
(1104, 345, 'WARD NO-03'),
(1105, 345, 'BELGACHHI'),
(1106, 345, 'DAUKI'),
(1107, 345, 'GANGNI'),
(1108, 345, 'HARDI'),
(1109, 345, 'JAMJAMI'),
(1110, 345, 'JEHALA'),
(1111, 345, 'KHADIMPUR'),
(1112, 237, 'WARD NO-01'),
(1113, 237, 'WARD NO-03'),
(1114, 237, 'BAGHMARA'),
(1115, 237, 'BAISHGAON'),
(1116, 237, 'HASNABAD'),
(1117, 237, 'BAKAI'),
(1118, 237, 'BHOLAIN'),
(1119, 237, 'GOBINDAPUR'),
(1120, 237, 'UTTAR JHALAM'),
(1121, 237, 'DAKSHIN JHALAM'),
(1122, 237, 'LAKSAM'),
(1123, 237, 'LAKSHMANPUR'),
(1124, 237, 'MUDAFARGANJ'),
(1125, 237, 'PASCHIMGAON'),
(1126, 237, 'SARASHPUR'),
(1127, 237, 'AJGARA'),
(1128, 237, 'UTTARDAH'),
(1129, 237, 'KHILA'),
(1130, 240, 'AKUBPUR'),
(1131, 172, 'DAKSHIN DHURUNG'),
(1132, 172, 'KAIYARBIL'),
(1133, 185, 'KHAGRACHHARI'),
(1134, 185, 'PERACHHARA'),
(1135, 185, 'CANTONMENT'),
(1136, 189, 'BARANALA'),
(1137, 189, 'BELCHHARI'),
(1138, 189, 'GUIMARA'),
(1139, 189, 'GUMTI'),
(1140, 189, 'TAINDANG'),
(1141, 191, 'HAPCHHARI'),
(1142, 191, 'PATHACHHARA'),
(1143, 191, 'RAMGARH'),
(1144, 199, 'NADANA'),
(1145, 199, 'NATESHWAR'),
(1146, 199, 'SONAIMURI'),
(1147, 199, 'SONAPUR'),
(1148, 193, 'BADALKUT'),
(1149, 193, 'CHATKHIL'),
(1150, 193, 'KHIL PARA'),
(1151, 193, 'MOHAMMADPUR'),
(1152, 193, 'NAYAKHOLA'),
(1153, 193, 'PANCHGAON'),
(1154, 193, 'PARKOTE'),
(1155, 193, 'RAMNARAYANPUR'),
(1156, 193, 'SAHAPUR'),
(1157, 172, 'UTTAR DHURUNG'),
(1158, 175, 'FATEKHARKUL'),
(1159, 175, 'IDGAR'),
(1160, 175, 'JOARIANALA'),
(1161, 175, 'KACHHAPIA'),
(1162, 175, 'KHUNIAPALONG'),
(1163, 175, 'KAUARKHOP'),
(1164, 175, 'RAJARKUL'),
(1165, 175, 'DAKSHIN MITHACHHARI'),
(1166, 176, 'BAHARCHHARA'),
(1167, 176, 'NHILLA'),
(1168, 176, 'ST.MARTIN DWIP'),
(1169, 176, 'TEKNAF'),
(1170, 176, 'WHYKONG'),
(1171, 178, 'CHHAGALNAIYA'),
(1172, 178, 'MOHAMAYA'),
(1173, 178, 'PATHANNAGAR'),
(1174, 178, 'RADHANAGAR'),
(1175, 178, 'SUBHAPUR'),
(1176, 180, 'BALIGAON'),
(1177, 180, 'BARAHIPUR'),
(1178, 180, 'DHALIA'),
(1179, 180, 'DHARMAPUR'),
(1180, 180, 'FARHADNAGAR'),
(1181, 180, 'FAZILPUR'),
(1182, 180, 'KALIDAH'),
(1183, 180, 'KAZIRBAG'),
(1184, 297, 'BANSHGARI'),
(1185, 297, 'CHAR DAULAT KHAN'),
(1186, 297, 'ENAYETNAGAR'),
(1187, 297, 'GOPALPUR'),
(1188, 297, 'KAYARIA'),
(1189, 297, 'KAZIBAKAI'),
(1190, 297, 'LAKSHMIPUR'),
(1191, 297, 'NABAGRAM'),
(1192, 297, 'SHIKAR MANGAL'),
(1193, 304, 'BHARARIA'),
(1194, 304, 'DIGHI'),
(1195, 304, 'GARPARA'),
(1196, 304, 'HATI PARA'),
(1197, 304, 'JAIGIR'),
(1198, 304, 'KRISHNAPUR'),
(1199, 304, 'NABAGRAM'),
(1200, 304, 'PUTAIL'),
(1201, 305, 'BARAID'),
(1202, 305, 'DARAGRAM'),
(1203, 305, 'DIGHALIA'),
(1204, 305, 'DHANKORA'),
(1205, 305, 'FUKURHATI'),
(1206, 305, 'HARGAZ'),
(1207, 305, 'SATURIA'),
(1208, 305, 'TILLI'),
(1209, 306, 'ARUA'),
(1210, 306, 'SHIMULIA'),
(1211, 404, 'MAIJ CHAR'),
(1212, 404, 'PIRIJPUR'),
(1213, 405, 'WARD NO-01'),
(1214, 405, 'WARD NO-02'),
(1215, 405, 'WARD NO-03'),
(1216, 405, 'AGANAGAR'),
(1217, 405, 'GAZARIA'),
(1218, 405, 'KALIKA PRASAD'),
(1219, 405, 'SADAKPUR'),
(1220, 405, 'SHIMULKANDI'),
(1221, 407, 'ELONGJURI'),
(1222, 407, 'BADLA'),
(1223, 289, 'BARISHABA'),
(1224, 289, 'CHANDPUR'),
(1225, 413, 'DAMPARA'),
(1226, 413, 'GURAI'),
(1227, 413, 'KARPASHA'),
(1228, 112, 'BARA JALIA'),
(1229, 218, 'SHAHJADAPUR'),
(1230, 218, 'UTTAR PANISAR'),
(1231, 219, 'WARD NO-01'),
(1232, 219, 'WARD NO-02'),
(1233, 219, 'WARD NO-03'),
(1234, 294, 'PINJURI'),
(1235, 294, 'RADHAGANJ'),
(1236, 294, 'RAMSHIL'),
(1237, 294, 'SADULLAPUR'),
(1238, 294, 'SUAGRAM'),
(1239, 295, 'BHABRASUR'),
(1240, 295, 'BAHUGRAM'),
(1241, 295, 'BANSHBARIA'),
(1242, 295, 'BATIKAMARI'),
(1243, 295, 'DIGNAGAR'),
(1244, 295, 'GOBINDAPUR'),
(1245, 295, 'GOHALA'),
(1246, 295, 'JALIRPAR'),
(1247, 295, 'KASALIA'),
(1248, 295, 'MAHARAJPUR'),
(1249, 295, 'MOCHNA'),
(1250, 295, 'NANIKSHIR'),
(1251, 295, 'PASARGATI'),
(1252, 295, 'RAGHDI'),
(1253, 295, 'TENGRAKHOLA'),
(1254, 295, 'UJANI'),
(1255, 407, 'BARIBARI'),
(1256, 407, 'DHANPUR'),
(1257, 407, 'ITNA'),
(1258, 407, 'JOY SIDDHI'),
(1259, 407, 'MRIGA'),
(1260, 407, 'RAITUTI'),
(1261, 408, 'BARAGHARIA'),
(1262, 408, 'DEHUNDA'),
(1263, 408, 'GUNDHAR'),
(1264, 408, 'GUJADIA'),
(1265, 408, 'JOYKA'),
(1266, 408, 'KADIR JANGAL'),
(1267, 416, 'BHALUKA'),
(1268, 416, 'BHARADOBA'),
(1269, 416, 'BIRUNIA'),
(1270, 416, 'DAKATIA'),
(1271, 416, 'DHITPUR'),
(1272, 416, 'HABIRBARI'),
(1273, 416, 'MEDUARY'),
(1274, 416, 'RAJAI'),
(1275, 417, 'BAGHBER'),
(1276, 417, 'DAKSHIN MAIJ PARA'),
(1277, 417, 'DOBAURA'),
(1278, 417, 'GAMARITALA'),
(1279, 300, 'BHADRASAN'),
(1280, 300, 'BHANDARIKANDI'),
(1281, 300, 'CHAR JANAJAT'),
(1282, 300, 'DATTA PARA'),
(1283, 300, 'DITIYAKHANDA'),
(1284, 300, 'KADIRPUR'),
(1285, 300, 'KANTHALBARI'),
(1286, 300, 'MATBARER CHAR'),
(1287, 300, 'NILAKHI'),
(1288, 300, 'PANCH CHAR'),
(1289, 300, 'SANNYASIR CHAR'),
(1290, 308, 'TENGER CHAR'),
(1291, 310, 'WARD NO-01'),
(1292, 310, 'WARD NO-02'),
(1293, 310, 'WARD NO-03'),
(1294, 310, 'ADHARA'),
(1295, 310, 'BAJRA JOGINI'),
(1296, 310, 'CHAR KEWAR'),
(1297, 310, 'CHAR SILAI'),
(1298, 310, 'MAHAKALI'),
(1299, 403, 'KALMA'),
(1300, 403, 'KASTAIL'),
(1301, 404, 'WARD NO-01'),
(1302, 404, 'WARD NO-02'),
(1303, 404, 'WARD NO-03'),
(1304, 404, 'BALIARDI'),
(1305, 404, 'DIGHIRPAR'),
(1306, 404, 'DILALPUR'),
(1307, 404, 'HALIMPUR'),
(1308, 404, 'HUMAIPUR'),
(1309, 303, 'BALLA'),
(1310, 303, 'BALARA'),
(1311, 303, 'BOYRA'),
(1312, 303, 'CHALA'),
(1313, 303, 'DHULSUNRA'),
(1314, 303, 'GALA'),
(1315, 303, 'GOPINATHPUR'),
(1316, 303, 'HARUKANDI'),
(1317, 397, 'PAR RAMRAMPUR'),
(1318, 398, 'BELGACHHA'),
(1319, 398, 'CHAR GOALINI'),
(1320, 398, 'CHAR PUTIMARI'),
(1321, 398, 'CHINADULLI'),
(1322, 398, 'GAIBANDHA'),
(1323, 398, 'GOALER CHAR'),
(1324, 291, 'WARD NO-04(TONGI W.NO-01)'),
(1325, 291, 'WARD NO-05(TONGI W.NO-02)'),
(1326, 286, 'BASAN'),
(1327, 286, 'BARIA'),
(1328, 286, 'GACHHA'),
(1329, 286, 'KASHIMPUR'),
(1330, 286, 'KAYALTIA'),
(1331, 286, 'KONABARI'),
(1332, 286, 'MIRZAPUR'),
(1333, 286, 'PUBAIL'),
(1334, 286, 'RAJENDRAPUR CANTT.'),
(1335, 287, 'ATABAHA'),
(1336, 287, 'BOALI'),
(1337, 287, 'CHAPAIR'),
(1338, 287, 'DHALJORA'),
(1339, 287, 'FULBARIA'),
(1340, 287, 'MADHYAPARA'),
(1341, 287, 'MOUCHAT'),
(1342, 287, 'SREEFALTALI'),
(1343, 287, 'SUTRAPUR'),
(1344, 300, 'UMEDPUR'),
(1345, 301, 'BAGHUTIA'),
(1346, 301, 'CHAK MIRPUR'),
(1347, 301, 'CHAR KATARI'),
(1348, 301, 'DHAMSAR'),
(1349, 301, 'KALIA'),
(1350, 301, 'KHALSI'),
(1351, 302, 'BANIAJURI'),
(1352, 302, 'BARATIA'),
(1353, 310, 'MOLLAHKANDI'),
(1354, 310, 'PANCHASAR'),
(1355, 310, 'RAMPAL'),
(1356, 310, 'REKABI BAZAR'),
(1357, 166, 'NOAJISPUR'),
(1358, 166, 'NOA PARA'),
(1359, 166, 'PAHARTALI'),
(1360, 166, 'RAOZAN'),
(1361, 166, 'SULTANPUR'),
(1362, 166, 'URKIRCHAR'),
(1363, 166, 'PASCHIM GUZARA'),
(1364, 167, 'AMANULLAH'),
(1365, 421, 'JUGLI'),
(1366, 421, 'KAICHAPUR'),
(1367, 421, 'SAKUAI'),
(1368, 421, 'SWADESHI'),
(1369, 422, 'ATHARABARI'),
(1370, 422, 'BARAHIT'),
(1371, 422, 'ISHWARGANJ'),
(1372, 422, 'MAIJBAGH'),
(1373, 422, 'MAGTALA'),
(1374, 422, 'SOHAGI'),
(1375, 422, 'TARUNDIA'),
(1376, 424, 'WARD NO-01'),
(1377, 424, 'WARD NO-02'),
(1378, 424, 'WARD NO-03'),
(1379, 424, 'WARD NO-04'),
(1380, 424, 'WARD NO-05'),
(1381, 424, 'WARD NO-06'),
(1382, 397, 'BAHADURABAD'),
(1383, 397, 'CHAR AOMKHAOA'),
(1384, 397, 'CHIKAJANI'),
(1385, 397, 'CHUKAIBARI'),
(1386, 397, 'HATEBHANGA'),
(1387, 418, 'RANGAMATIA'),
(1388, 437, 'AGIA'),
(1389, 437, 'BAIRATI'),
(1390, 437, 'BISHKAKUNI'),
(1391, 437, 'DHALA MULGAON'),
(1392, 437, 'GHAGRA'),
(1393, 437, 'GOHALAKANDA'),
(1394, 437, 'HOGLA'),
(1395, 437, 'JARIA'),
(1396, 437, 'KHALISHAUR'),
(1397, 437, 'NARANDIA'),
(1398, 437, 'PURBADHALA'),
(1399, 302, 'NALI'),
(1400, 432, 'CHIRANG'),
(1401, 432, 'DALPA'),
(1402, 432, 'GARADOBA'),
(1403, 432, 'GANDA'),
(1404, 432, 'MASHKA'),
(1405, 432, 'MUZAFFARPUR'),
(1406, 432, 'ROAILBARI'),
(1407, 432, 'SANDIKONA'),
(1408, 434, 'FATEHPUR'),
(1409, 434, 'GOBINDASREE'),
(1410, 434, 'JAHANGIRPUR'),
(1411, 434, 'KAITAIL'),
(1412, 434, 'MADAN'),
(1413, 434, 'MAGHAN'),
(1414, 425, 'ACHARGAON'),
(1415, 425, 'BETAGAIR'),
(1416, 425, 'CHANDIPASHA'),
(1417, 425, 'GANGAIL'),
(1418, 425, 'JAHANGIRPUR'),
(1419, 425, 'MOAZZEMPUR'),
(1420, 425, 'MUSULI'),
(1421, 425, 'NANDAIL'),
(1422, 425, 'SHERPUR'),
(1423, 425, 'SINGRAIL'),
(1424, 426, 'BALIA'),
(1425, 426, 'BANIHALA'),
(1426, 426, 'BHAITKANDI'),
(1427, 426, 'BISHKA'),
(1428, 408, 'KARIMGANJ'),
(1429, 408, 'NIAMATPUR'),
(1430, 408, 'NOABAD'),
(1431, 408, 'SUTAR PARA'),
(1432, 409, 'ACHMITA'),
(1433, 409, 'BANAGRAM'),
(1434, 409, 'CHANDPUR'),
(1435, 409, 'JALALPUR'),
(1436, 409, 'KARGAON'),
(1437, 409, 'LOHAJURI'),
(1438, 409, 'MASUA'),
(1439, 409, 'SHAHASRAM DHULDIA'),
(1440, 410, 'WARD NO-02'),
(1441, 410, 'WARD NO-03'),
(1442, 320, 'AMLABA'),
(1443, 320, 'BAJNABA'),
(1444, 320, 'BELABO'),
(1445, 320, 'BINYABAID'),
(1446, 320, 'NARAYANPUR'),
(1447, 320, 'PATULI'),
(1448, 320, 'SALLABAD'),
(1449, 434, 'NAYEKPUR'),
(1450, 434, 'TIASREE'),
(1451, 435, 'WARD NO-01'),
(1452, 328, 'WARD NO-02'),
(1453, 328, 'WARD NO-03'),
(1454, 328, 'BOALIA'),
(1455, 334, 'KEDARPUR'),
(1456, 334, 'MUKTARER CHAR'),
(1457, 421, 'AMTAIL'),
(1458, 421, 'BHUBANKURA'),
(1459, 421, 'DHARA'),
(1460, 421, 'DHURAIL'),
(1461, 421, 'GAZIR BHITA'),
(1462, 421, 'HALUAGHAT'),
(1463, 318, 'TARABO'),
(1464, 448, 'JHAOAIL'),
(1465, 448, 'MIRZAPUR'),
(1466, 448, 'NAGDA SIMLA'),
(1467, 282, 'MAJCHAR'),
(1468, 282, 'UTTAR CHANNEL'),
(1469, 284, 'ATGHAR'),
(1470, 284, 'BALLABHDI'),
(1471, 284, 'BHAWAL'),
(1472, 284, 'CHAR JASORDI'),
(1473, 284, 'DANGI'),
(1474, 284, 'PHULSUTI'),
(1475, 284, 'GATTI'),
(1476, 284, 'JADUNANDI'),
(1477, 284, 'KAICHAIL'),
(1478, 284, 'LASKARDIA'),
(1479, 128, 'RANGOPALDI'),
(1480, 130, 'AMKHOLA'),
(1481, 130, 'BAKULBARIA'),
(1482, 130, 'CHALITABUNIA'),
(1483, 130, 'CHHOTA BAISDIA'),
(1484, 130, 'DAKUA'),
(1485, 130, 'GALACHIPA'),
(1486, 130, 'PANPATTY'),
(1487, 130, 'RANGABALI'),
(1488, 130, 'RATANDI TALTALI'),
(1489, 113, 'ALIMABAD'),
(1490, 113, 'ANDHAR MANIK'),
(1491, 113, 'BHASAN CHAR'),
(1492, 113, 'BIDYANANDAPUR'),
(1493, 113, 'CHANDPUR'),
(1494, 113, 'GOBINDAPUR'),
(1495, 113, 'CHAR EKKARIA'),
(1496, 113, 'CHAR GOPALPUR'),
(1497, 113, 'DARI CHAR KHAJURIA'),
(1498, 113, 'JANGALIA'),
(1499, 113, 'LATA'),
(1500, 113, 'MEHENDIGANJ'),
(1501, 113, 'ULANIA'),
(1502, 114, 'BATAMARA'),
(1503, 114, 'CHAR KALEKHAN'),
(1504, 114, 'GACHHUA'),
(1505, 114, 'KAZIR CHAR'),
(1506, 114, 'MULADI'),
(1507, 114, 'SAFIPUR'),
(1508, 115, 'BAMRAIL'),
(1509, 115, 'BARA KOTHA'),
(1510, 490, 'WARD NO-01'),
(1511, 490, 'WARD NO-02'),
(1512, 490, 'WARD NO-03'),
(1513, 490, 'BIAGHAT'),
(1514, 490, 'CHAPILA'),
(1515, 490, 'DHARABARISHA'),
(1516, 490, 'GURUDASPUR'),
(1517, 490, 'MOSHINDA'),
(1518, 490, 'NAZIRPUR'),
(1519, 491, 'BILMARIA'),
(1520, 491, 'DUARIA'),
(1521, 491, 'DURDURIA'),
(1522, 491, 'GOPALPUR'),
(1523, 491, 'ISHWARDI'),
(1524, 491, 'KADAM CHILAN'),
(1525, 491, 'LALPUR'),
(1526, 492, 'WARD NO-01'),
(1527, 556, 'PURBA CHHATNAI'),
(1528, 556, 'TEPA KHARIBARI'),
(1529, 557, 'BAMUNIA'),
(1530, 557, 'BHOGDABARI'),
(1531, 557, 'DOMAR'),
(1532, 557, 'GOMNATI'),
(1533, 557, 'JORABARI'),
(1534, 557, 'KETKIBARI'),
(1535, 557, 'PANGA MATUKPUR'),
(1536, 558, 'BALAGRAM'),
(1537, 558, 'DAOABARI'),
(1538, 558, 'DHARMAPAL'),
(1539, 558, 'GOLMUNDA'),
(1540, 558, 'GOLNA'),
(1541, 558, 'JALDHAKA'),
(1542, 558, 'KAIMARI'),
(1543, 558, 'KANTHALI'),
(1544, 558, 'MIRGANJ'),
(1545, 497, 'HANDIAL'),
(1546, 497, 'MULGRAM'),
(1547, 497, 'NIMAICHARA'),
(1548, 497, 'PARSHADANGA'),
(1549, 498, 'BANWARINAGAR'),
(1550, 498, 'BRI-LAHIRIBARI'),
(1551, 498, 'DEMRA'),
(1552, 498, 'HADAL'),
(1553, 498, 'PUNGALI'),
(1554, 500, 'WARD NO-01'),
(1555, 500, 'WARD NO-02'),
(1556, 500, 'WARD NO-03'),
(1557, 500, 'WARD NO-04'),
(1558, 500, 'WARD NO-05'),
(1559, 500, 'WARD NO-06'),
(1560, 500, 'BHARARA'),
(1561, 500, 'CHAR TARAPUR'),
(1562, 572, 'BARA DARGAH'),
(1563, 572, 'BHENDABARI'),
(1564, 572, 'CHAITRAKUL'),
(1565, 572, 'KABILPUR'),
(1566, 572, 'KUMEDPUR'),
(1567, 572, 'MADANKHALI'),
(1568, 572, 'MITHAPUR'),
(1569, 572, 'PANCHGACHHA'),
(1570, 572, 'PIRGANJ'),
(1571, 558, 'SHIMULBARI'),
(1572, 559, 'ALAM BIDITAR'),
(1573, 559, 'BARABHITA'),
(1574, 559, 'CHANDKHANA'),
(1575, 559, 'GARAGRAM'),
(1576, 559, 'KISHOREGANJ'),
(1577, 559, 'MAGURA'),
(1578, 559, 'NITAI'),
(1579, 559, 'NOHALI'),
(1580, 559, 'PUTIMARI'),
(1581, 559, 'RANACHANDI'),
(1582, 560, 'WARD NO-01'),
(1583, 560, 'WARD NO-02'),
(1584, 560, 'WARD NO-03'),
(1585, 560, 'CHAPRA SARAMJANI'),
(1586, 560, 'CHARAIKHOLA'),
(1587, 560, 'CHAORA BARGACHHA'),
(1588, 502, 'TANTIBANDA'),
(1589, 562, 'ALOWA KHOWA'),
(1590, 562, 'BALARAMPUR'),
(1591, 562, 'DHAMOR'),
(1592, 562, 'RADHANAGAR'),
(1593, 562, 'TARIA'),
(1594, 115, 'GUTHIA'),
(1595, 115, 'JALLA'),
(1596, 115, 'SATLA'),
(1597, 115, 'SHIKARPUR'),
(1598, 115, 'SHOLAK'),
(1599, 116, 'WARD NO-01'),
(1600, 116, 'WARD NO-02'),
(1601, 271, 'ASHULIA'),
(1602, 202, 'AIBA CHHARA'),
(1603, 398, 'ISLAMPUR'),
(1604, 398, 'NOAPARA'),
(1605, 398, 'PALBANDHA'),
(1606, 398, 'PATHARSI'),
(1607, 398, 'SAPDHARI'),
(1608, 399, 'WARD NO-01'),
(1609, 399, 'WARD NO-04'),
(1610, 399, 'BANSHCHARA'),
(1611, 254, 'MUKSUDPUR'),
(1612, 254, 'NARISHA'),
(1613, 254, 'NAYABARI'),
(1614, 254, 'ROYPARA'),
(1615, 254, 'SUTAR PARA'),
(1616, 255, 'WARD NO-58'),
(1617, 255, 'WARD NO-72'),
(1618, 255, 'WARD NO-73'),
(1619, 255, 'WARD NO-74'),
(1620, 255, 'WARD NO-75 (PART)'),
(1621, 452, 'DHUBARIA'),
(1622, 452, 'GAYHATA'),
(1623, 452, 'MAMUDNAGAR'),
(1624, 452, 'MOKHNA'),
(1625, 452, 'NAGARPUR'),
(1626, 452, 'PAKUTIA'),
(1627, 452, 'SAHABATPUR'),
(1628, 452, 'SALIMABAD'),
(1629, 453, 'BAHERATAIL'),
(1630, 453, 'HATIBANDHA'),
(1631, 453, 'JADABPUR'),
(1632, 453, 'KAKRAJAN'),
(1633, 453, 'KALIA'),
(1634, 454, 'WARD NO-01'),
(1635, 454, 'WARD NO-02'),
(1636, 454, 'WARD NO-03'),
(1637, 454, 'WARD NO-04'),
(1638, 454, 'WARD NO-05'),
(1639, 454, 'DANYA'),
(1640, 454, 'HUGRA'),
(1641, 454, 'KARATIA'),
(1642, 454, 'KATULI'),
(1643, 454, 'SILIMPUR'),
(1644, 424, 'CANTONMENT'),
(1645, 444, 'NIKRAIL'),
(1646, 445, 'ATIA'),
(1647, 445, 'DEOLI'),
(1648, 445, 'DUBAIL'),
(1649, 445, 'ELASIN'),
(1650, 364, 'BANISHANTA'),
(1651, 364, 'LAUDUBI'),
(1652, 364, 'CHALNA'),
(1653, 364, 'DACOPE'),
(1654, 364, 'KAILASGANJ'),
(1655, 360, 'WARD NO-01'),
(1656, 360, 'WARD NO-02'),
(1657, 360, 'WARD NO-03'),
(1658, 360, 'BALUHAR'),
(1659, 360, 'ELANGI'),
(1660, 360, 'SABDALPUR'),
(1661, 363, 'AMIRPUR'),
(1662, 363, 'BALIADANGA'),
(1663, 363, 'BATIAGHATA'),
(1664, 363, 'BHANDERKOTE'),
(1665, 363, 'GANGARAMPUR'),
(1666, 345, 'KHASKARA'),
(1667, 345, 'KUMARI'),
(1668, 345, 'NAGDAHA'),
(1669, 346, 'WARD NO-01'),
(1670, 346, 'WARD NO-02'),
(1671, 346, 'WARD NO-03'),
(1672, 346, 'ALOKDIA'),
(1673, 346, 'BEGAMPUR'),
(1674, 346, 'MAMINPUR'),
(1675, 346, 'SHANKAR CHANDRA'),
(1676, 346, 'TITUDAHA'),
(1677, 445, 'FAZILHATI'),
(1678, 445, 'LAUHATI'),
(1679, 445, 'PATHRAIL'),
(1680, 447, 'ANEHOLA'),
(1681, 292, 'KATI'),
(1682, 292, 'LATIFPUR'),
(1683, 292, 'MAJHIGATI'),
(1684, 292, 'NIZRA'),
(1685, 292, 'PAIKKANDI'),
(1686, 292, 'RAGHUNATHPUR'),
(1687, 292, 'SAHAPUR'),
(1688, 292, 'SATPAR'),
(1689, 292, 'SUKTAIL'),
(1690, 292, 'ULPUR'),
(1691, 292, 'URAFI'),
(1692, 223, 'DAKSHIN GOHAT'),
(1693, 223, 'DAKSHIN KACHUA'),
(1694, 223, 'KADLA'),
(1695, 223, 'KARAIA'),
(1696, 223, 'PURBA PATHAIR'),
(1697, 157, 'BURIR CHAR'),
(1698, 157, 'CHHIBATALI'),
(1699, 157, 'CHIKANDANDI'),
(1700, 157, 'FATEHPUR'),
(1701, 157, 'FORHADABAD'),
(1702, 157, 'GARDUARA'),
(1703, 157, 'GUMAN MARDAN'),
(1704, 137, 'AMRAGACHHIA'),
(1705, 137, 'BARA MACHHUA'),
(1706, 137, 'BETMORE RAJPARA'),
(1707, 137, 'DAUDKHALI'),
(1708, 137, 'DHANISAFA'),
(1709, 137, 'GULISHAKHALI'),
(1710, 137, 'MATHBARIA'),
(1711, 137, 'MIRUKHALI'),
(1712, 137, 'TIKIKATA'),
(1713, 138, 'DIRGHA'),
(1714, 138, 'PURBA DEULBARIDOBRA'),
(1715, 138, 'MALIKHALI'),
(1716, 138, 'MATIBHANGA'),
(1717, 138, 'NAZIRPUR'),
(1718, 138, 'SHANKHARIKATI'),
(1719, 138, 'SREERAMKATI'),
(1720, 140, 'WARD NO-03'),
(1721, 166, 'PURBA GUZARA'),
(1722, 379, 'KASUNDI'),
(1723, 379, 'KUCHIAMORA'),
(1724, 379, 'MAGHI'),
(1725, 379, 'RAGHAB DAIR'),
(1726, 379, 'SATRUJITPUR'),
(1727, 380, 'BABUKHALI'),
(1728, 380, 'BALIDIA'),
(1729, 380, 'BINODEPUR'),
(1730, 380, 'DIGHA'),
(1731, 380, 'MOHAMMADPUR'),
(1732, 380, 'RAJAPUR'),
(1733, 382, 'AMALSAR'),
(1734, 382, 'DARIAPUR'),
(1735, 382, 'GAYESHPUR'),
(1736, 382, 'NAKOL'),
(1737, 382, 'SABDALPUR'),
(1738, 303, 'KANCHANPUR'),
(1739, 303, 'LESRAGANJ'),
(1740, 303, 'RAMKRISHNAPUR'),
(1741, 303, 'SUTALARI'),
(1742, 304, 'WARD NO-01'),
(1743, 304, 'WARD NO-02'),
(1744, 304, 'WARD NO-03'),
(1745, 298, 'WARD NO-01'),
(1746, 298, 'WARD NO-02'),
(1747, 298, 'BAHADURPUR'),
(1748, 298, 'CHILAR CHAR'),
(1749, 298, 'DHURAIL'),
(1750, 298, 'DUDKHALI'),
(1751, 298, 'GHATMAJHI'),
(1752, 298, 'JHAUDI'),
(1753, 298, 'KALIKAPUR'),
(1754, 298, 'KENDUA'),
(1755, 298, 'MUSTAFAPUR'),
(1756, 298, 'PANCHKHOLA'),
(1757, 298, 'PEARPUR'),
(1758, 298, 'RASTI'),
(1759, 298, 'SIRKHARA'),
(1760, 299, 'AMGRAM'),
(1761, 299, 'BAJITPUR'),
(1762, 299, 'HOSSAINPUR'),
(1763, 299, 'KABIRAJPUR'),
(1764, 299, 'KADAMBARI'),
(1765, 299, 'KHALIA'),
(1766, 299, 'PAIK PARA'),
(1767, 299, 'RAJOIR'),
(1768, 300, 'BANDARKHOLA'),
(1769, 300, 'BANSHKANDI'),
(1770, 300, 'BAYRATALA'),
(1771, 166, 'GAHIRA'),
(1772, 166, 'HALADIA'),
(1773, 166, 'KADALPUR'),
(1774, 399, 'DIGPAITH'),
(1775, 399, 'GHORADHAP'),
(1776, 399, 'ITAIL'),
(1777, 399, 'LAKSHMIR CHAR'),
(1778, 399, 'MESHTA'),
(1779, 399, 'NARUNDI'),
(1780, 399, 'RANAGACHHA'),
(1781, 399, 'RASHIDPUR'),
(1782, 399, 'SHARIFPUR'),
(1783, 399, 'SREEPUR'),
(1784, 399, 'TULSIR CHAR'),
(1785, 402, 'WARD NO-01'),
(1786, 402, 'WARD NO-02'),
(1787, 402, 'WARD NO-03'),
(1788, 402, 'BHATARA'),
(1789, 402, 'KAMRABAD'),
(1790, 402, 'MAHADAN'),
(1791, 402, 'PINGNA'),
(1792, 402, 'POGALDIGHA'),
(1793, 402, 'SATPOA'),
(1794, 403, 'ADAMPUR'),
(1795, 403, 'AUSTAGRAM'),
(1796, 403, 'BANGAL PARA'),
(1797, 403, 'DEOGHAR'),
(1798, 286, 'WARD NO-01'),
(1799, 286, 'WARD NO-02'),
(1800, 289, 'RAYED'),
(1801, 289, 'SANMANIA'),
(1802, 289, 'SINGASREE'),
(1803, 289, 'TARGAON'),
(1804, 289, 'TOKE'),
(1805, 413, 'NIKLI'),
(1806, 413, 'SINGPUR'),
(1807, 414, 'BARUDIA'),
(1808, 414, 'CHANDI PASHA'),
(1809, 414, 'CHAR FARADI'),
(1810, 414, 'HOSENDI'),
(1811, 414, 'JANGALIA'),
(1812, 414, 'NARANDI'),
(1813, 414, 'PAKUNDIA'),
(1814, 415, 'DHALA'),
(1815, 415, 'DIGDAIR'),
(1816, 415, 'JAWAR'),
(1817, 415, 'RAUTI'),
(1818, 415, 'TALGANGA'),
(1819, 415, 'TARAIL SACHAIL'),
(1820, 297, 'ALINAGAR'),
(1821, 297, 'BALIGRAM'),
(1822, 438, 'KANGSA DHANSAIL'),
(1823, 438, 'NALKURA GAURIPUR'),
(1824, 439, 'BANESHWARDI'),
(1825, 439, 'CHANDRAKONA'),
(1826, 439, 'CHAR ASHTADHAR'),
(1827, 439, 'GANAPADDI'),
(1828, 439, 'KURSA BADAGAIR'),
(1829, 439, 'PATHAKATA'),
(1830, 439, 'URPHA'),
(1831, 319, 'NOAGAON'),
(1832, 319, 'PIRIJPUR'),
(1833, 319, 'SHAMBHUPURA'),
(1834, 319, 'SANMANDI'),
(1835, 315, 'WARD NO-09'),
(1836, 315, 'WARD NO-10'),
(1837, 315, 'WARD NO-11'),
(1838, 315, 'WARD NO-12'),
(1839, 315, 'DHAMGAR'),
(1840, 315, 'MADANPUR'),
(1841, 450, 'DHOPAKHALI'),
(1842, 450, 'GOLABARI'),
(1843, 450, 'MADHUPUR'),
(1844, 450, 'MUSUDDI'),
(1845, 450, 'PAISKA'),
(1846, 451, 'AJGANA'),
(1847, 451, 'BAHURIA'),
(1848, 451, 'BANAIL'),
(1849, 451, 'BANSHTAIL'),
(1850, 451, 'BHATGRAM'),
(1851, 451, 'FATEHPUR'),
(1852, 451, 'GORAI'),
(1853, 464, 'GARIDAHA'),
(1854, 464, 'KHAMARKANDI'),
(1855, 464, 'KHANPUR'),
(1856, 464, 'KUSUMBI'),
(1857, 464, 'SHIMABARI'),
(1858, 464, 'SUGHAT'),
(1859, 393, 'BALLI'),
(1860, 393, 'BANSHDAHA'),
(1861, 393, 'BRAHMA RAJPUR'),
(1862, 393, 'FINGRI'),
(1863, 393, 'DHULIHAR'),
(1864, 393, 'GHONA'),
(1865, 393, 'JHAUDANGA'),
(1866, 393, 'KUSKHALI'),
(1867, 393, 'LABSA'),
(1868, 550, 'PANDUL'),
(1869, 550, 'SAHEBER ALGA'),
(1870, 379, 'WARD NO-02'),
(1871, 379, 'ATHARAKHADA'),
(1872, 525, 'CHHATAIL'),
(1873, 525, 'ISHANIA'),
(1874, 525, 'MUSHIDHAT'),
(1875, 525, 'RANGAON'),
(1876, 526, 'ABDULPUR'),
(1877, 526, 'ALOKDIHI'),
(1878, 526, 'AMARPUR'),
(1879, 526, 'AULIA PUKUR'),
(1880, 526, 'BHIAIL'),
(1881, 526, 'FATEHJANAPUR'),
(1882, 550, 'TABAKPUR'),
(1883, 550, 'THETROY'),
(1884, 550, 'ULIPUR'),
(1885, 551, 'BHELABARI'),
(1886, 551, 'DURGAPUR'),
(1887, 551, 'KAMALABARI'),
(1888, 551, 'MAHISHKHOCHA'),
(1889, 551, 'PALASHI'),
(1890, 551, 'SAPTIBARI'),
(1891, 552, 'BARAKHATA'),
(1892, 552, 'BHALAGURI'),
(1893, 552, 'DAOABARI'),
(1894, 552, 'GODDIMARI'),
(1895, 552, 'GOTAMARI'),
(1896, 552, 'NOWDABASH'),
(1897, 552, 'PATIKA PARA'),
(1898, 552, 'SHINGIMARI'),
(1899, 552, 'SINDURNA'),
(1900, 553, 'CHANDRAPUR'),
(1901, 553, 'DALAGRAM'),
(1902, 553, 'KAKINA'),
(1903, 553, 'MADATI'),
(1904, 553, 'TUSHBHANDAR'),
(1905, 554, 'WARD NO-01'),
(1906, 554, 'WARD NO-02'),
(1907, 554, 'BARABARI'),
(1908, 554, 'GOKUNDA'),
(1909, 554, 'KHUNIAGACHH'),
(1910, 554, 'KULAGHAT'),
(1911, 554, 'MOGALHAT'),
(1912, 528, 'BULAKIPUR'),
(1913, 528, 'GHORAGHAT'),
(1914, 528, 'SINGRA'),
(1915, 393, 'SHIBPUR'),
(1916, 394, 'ATULIA'),
(1917, 394, 'BHURULIA'),
(1918, 394, 'GABURA'),
(1919, 394, 'ISHWARIPUR'),
(1920, 394, 'KAIKHALI'),
(1921, 394, 'KASHIMARI'),
(1922, 394, 'MUNSHIGANJ'),
(1923, 394, 'PADMA PUKUR'),
(1924, 394, 'SHYAMNAGAR'),
(1925, 394, 'BURI GOALINI RANGE'),
(1926, 395, 'DHANDIA'),
(1927, 395, 'KHALILNAGAR'),
(1928, 395, 'KHALISHKHALI'),
(1929, 395, 'KHESRA'),
(1930, 395, 'MAGURA'),
(1931, 460, 'URAIL'),
(1932, 460, 'PAIKAR'),
(1933, 461, 'BHATGRAM'),
(1934, 461, 'BHATRA'),
(1935, 461, 'BURAIL'),
(1936, 461, 'NANDIGRAM'),
(1937, 461, 'THALTA MAJHGRAM'),
(1938, 456, 'FAPORE'),
(1939, 456, 'GOKUL'),
(1940, 456, 'LAHIRI PARA'),
(1941, 456, 'NAMUJA'),
(1942, 456, 'NISHINDARA'),
(1943, 456, 'NOONGOLA'),
(1944, 456, 'RAJAPUR'),
(1945, 456, 'SHABGRAM'),
(1946, 456, 'SHAKHARIA'),
(1947, 456, 'BOGRA CANTT.'),
(1948, 457, 'BHANDARBARI'),
(1949, 457, 'CHAUKIBARI'),
(1950, 457, 'CHIKASHI'),
(1951, 457, 'DHUNAT'),
(1952, 457, 'GOPALNAGAR'),
(1953, 522, 'DEOR'),
(1954, 522, 'JOTBANI'),
(1955, 522, 'KATLA'),
(1956, 522, 'PALI PRAYAGPUR'),
(1957, 523, 'BHOGNAGAR'),
(1958, 523, 'MOHAMMADPUR'),
(1959, 523, 'MOHANPUR'),
(1960, 554, 'MAHENDRANAGAR'),
(1961, 529, 'ALIHAT'),
(1962, 529, 'HILI-HAKIMPUR'),
(1963, 529, 'KHATTA MADHAB PARA'),
(1964, 531, 'ALOKJHARI'),
(1965, 531, 'ANGAR PARA'),
(1966, 531, 'BHABKI'),
(1967, 531, 'BHERBHERI'),
(1968, 479, 'AGRA DIGUN'),
(1969, 479, 'ALAMPUR'),
(1970, 479, 'ARANAGAR'),
(1971, 479, 'ISABPUR'),
(1972, 479, 'JAHANPUR'),
(1973, 479, 'KHELNA'),
(1974, 479, 'OMAR'),
(1975, 480, 'BHARSO'),
(1976, 455, 'ADAM DIGHI'),
(1977, 455, 'CHAMPAPUR'),
(1978, 455, 'KUNDAGRAM'),
(1979, 455, 'NASRATPUR'),
(1980, 455, 'SHANTAHAR'),
(1981, 456, 'WARD NO-01'),
(1982, 456, 'WARD NO-03'),
(1983, 533, 'WARD NO-02'),
(1984, 533, 'WARD NO-03'),
(1985, 533, 'CHANDIPUR'),
(1986, 533, 'HABRA'),
(1987, 533, 'HAMIDPUR'),
(1988, 533, 'HARIRAMPUR'),
(1989, 533, 'MANMATHAPUR'),
(1990, 533, 'MOMINPUR'),
(1991, 533, 'PALASHBARI'),
(1992, 533, 'RAMPUR'),
(1993, 535, 'ERENDABARI'),
(1994, 535, 'FAZLUPUR'),
(1995, 535, 'FULCHHARI'),
(1996, 541, 'DAHABANDA'),
(1997, 541, 'DHOPADANGA'),
(1998, 541, 'HARIPUR'),
(1999, 541, 'KANCHIBARI'),
(2000, 541, 'KAPASIA'),
(2001, 541, 'RAMJIBAN'),
(2002, 497, 'CHATMOHAR'),
(2003, 497, 'DANTHIA BAMANGRAM'),
(2004, 497, 'FAILJANA'),
(2005, 554, 'RAJPUR'),
(2006, 555, 'JAGATBER'),
(2007, 555, 'JONGRA'),
(2008, 555, 'KUCHLIBARI'),
(2009, 555, 'PATGRAM'),
(2010, 555, 'SREERAMPUR'),
(2011, 542, 'BOLDIA'),
(2012, 542, 'BANGASONAHAT'),
(2013, 542, 'CHAR BHURUNGAMARI'),
(2014, 542, 'JOYMANIRHAT'),
(2015, 542, 'PAIKER CHHARA'),
(2016, 542, 'PATHARDUBI'),
(2017, 542, 'SHILKHURI'),
(2018, 542, 'TILAI'),
(2019, 543, 'ASHTAMIR CHAR'),
(2020, 543, 'CHILMARI'),
(2021, 543, 'NAYERHAT'),
(2022, 583, 'RANIGAON'),
(2023, 583, 'SANKHOLA'),
(2024, 583, 'SHATIAJURI'),
(2025, 557, 'BORAGARI'),
(2026, 106, 'GAILA'),
(2027, 550, 'BEGUMGANJ'),
(2028, 125, 'MOLLAHAT'),
(2029, 125, 'WARD NO-01'),
(2030, 422, 'JATIA'),
(2031, 344, 'KHONTAKATA'),
(2032, 538, 'MOHADIPUR'),
(2033, 538, 'MANOHARPUR'),
(2034, 430, 'BIRISIRI'),
(2035, 501, 'NANDANPUR'),
(2036, 430, 'KULLAGORA'),
(2037, 129, 'MURADIA'),
(2038, 129, 'LEBUKHALI'),
(2039, 129, 'PANGASHIA'),
(2040, 238, 'LUTER CHAR'),
(2041, 238, 'MANIKER CHAR'),
(2042, 153, 'WARD NO-32'),
(2043, 398, 'KULKANDI'),
(2044, 409, 'KATIADI'),
(2045, 454, 'KAKUA'),
(2046, 450, 'BIRTARA'),
(2047, 282, 'GREDA'),
(2048, 403, 'KHAYERPUR ABDULLAHPUR'),
(2049, 170, 'LAKHYARCHAR'),
(2050, 575, 'DUDSUD'),
(2051, 575, 'AMJANKHORE'),
(2052, 583, 'UBAHATA'),
(2053, 572, 'ROYPUR'),
(2054, 572, 'RAMNATHPUR'),
(2055, 572, 'SHANERHAT'),
(2056, 572, 'TUKURIA'),
(2057, 502, 'SUJANAGAR'),
(2058, 482, 'CHAK PRASAD'),
(2059, 537, 'KOCHASAHAR'),
(2060, 537, 'SHALMARA'),
(2061, 223, 'ASHRAFPUR'),
(2062, 226, 'UTTAR ROYSREE'),
(2063, 220, 'PASCHIM BALUTHUPA'),
(2064, 223, 'PASCHIM PATHAIR'),
(2065, 228, 'DAKSHIN SHILMURI'),
(2066, 578, 'DHARMAGARH'),
(2067, 578, 'LEHEMBA'),
(2068, 578, 'NEKMARAD'),
(2069, 579, 'WARD NO-01'),
(2070, 579, 'WARD NO-02'),
(2071, 579, 'WARD NO-03'),
(2072, 579, 'AKCHA'),
(2073, 579, 'AKHANAGAR'),
(2074, 579, 'BEGUNBARI'),
(2075, 579, 'BALIA'),
(2076, 378, 'CHITHULIA'),
(2077, 391, 'MURARIKATI'),
(2078, 382, 'KADIR PARA'),
(2079, 416, 'KACHINA'),
(2080, 336, 'RAKHALGACHHI'),
(2081, 374, 'MARICHA'),
(2082, 376, 'CHANDPUR'),
(2083, 127, 'DASPARA'),
(2084, 120, 'RAMGANJ'),
(2085, 103, 'AYLA PATAKATA'),
(2086, 116, 'KACHIA'),
(2087, 130, 'BARA BAISDIA'),
(2088, 522, 'BENAIL'),
(2089, 522, 'KHANPUR'),
(2090, 588, 'PURBA JURI'),
(2091, 588, 'SUJANAGAR'),
(2092, 588, 'UTTAR DAKSHINBHAG'),
(2093, 588, 'UTTAR SHAHABAJPUR'),
(2094, 590, 'ADAMPUR'),
(2095, 590, 'ALINAGAR'),
(2096, 590, 'ISLAMPUR'),
(2097, 600, 'KALKALIA'),
(2098, 600, 'MIRPUR'),
(2099, 600, 'PAILGAON'),
(2100, 600, 'PATALI'),
(2101, 600, 'RANIGANJ'),
(2102, 600, 'SAIDPUR'),
(2103, 456, 'SEKHERKOLA'),
(2104, 271, 'PATHALIA'),
(2105, 291, 'WARD NO-06(TONGI W.NO-03)'),
(2106, 286, 'WARD NO-03'),
(2107, 251, 'MATUAIL (PART)'),
(2108, 312, 'BHAGYAKUL'),
(2109, 618, 'WARD NO-09'),
(2110, 226, 'CHITASI'),
(2111, 219, 'BAGHADI'),
(2112, 315, 'BANDAR'),
(2113, 231, 'MAIJKHARA'),
(2114, 289, 'GHAGOTIA'),
(2115, 234, 'NARAYANDIA'),
(2116, 229, 'MADHABPUR'),
(2117, 231, 'PASCHIM SUHILPUR'),
(2118, 229, 'SIDLAI'),
(2119, 612, 'RUSTAMPUR'),
(2120, 612, 'TOWAKUL'),
(2121, 614, 'BARA CHATUL'),
(2122, 614, 'DAKSHIN BANIGRAM'),
(2123, 596, 'DEOKAPAN'),
(2124, 596, 'DULAR BAZAR'),
(2125, 596, 'DAKSHIN KHURMA'),
(2126, 596, 'DAKSHIN ISLAMPUR'),
(2127, 603, 'LAKSHMANSREE'),
(2128, 603, 'MOHANPUR'),
(2129, 537, 'KATABARI'),
(2130, 482, 'DUBALHATI'),
(2131, 480, 'PRASADPUR'),
(2132, 553, 'GORAL'),
(2133, 497, 'CHHAIKHOLA'),
(2134, 573, 'WARD NO-02'),
(2135, 500, 'DAPUNIA'),
(2136, 178, 'GOPAL'),
(2137, 441, 'CHAR MUCHARIA'),
(2138, 167, 'MUSAPUR'),
(2139, 438, 'JHENAIGATI'),
(2140, 588, 'TALIMPUR'),
(2141, 432, 'NOAPARA'),
(2142, 432, 'PAIKURA'),
(2143, 399, 'SAHABAJPUR'),
(2144, 435, 'MAGHAN SIADHAR'),
(2145, 397, 'DEWANGANJ'),
(2146, 432, 'KANDIURA'),
(2147, 402, 'DOAIL'),
(2148, 414, 'EGARASINDUR'),
(2149, 414, 'PATUABHANGA'),
(2150, 103, 'WARD NO-03'),
(2151, 114, 'NAZIRPUR'),
(2152, 137, 'TUSHKHALI'),
(2153, 284, 'NAGARKANDA'),
(2154, 284, 'PURA PARA'),
(2155, 284, 'RAMKANTAPUR'),
(2156, 284, 'RAMNAGAR'),
(2157, 284, 'SONAPUR'),
(2158, 284, 'TALMA'),
(2159, 285, 'AKTER CHAR'),
(2160, 564, 'CHILAHATI'),
(2161, 564, 'DANDAPAL'),
(2162, 564, 'DEBIDOBA'),
(2163, 564, 'DEBIGANJ'),
(2164, 564, 'PAMULI'),
(2165, 564, 'SALDANGA'),
(2166, 579, 'BARAGAON'),
(2167, 579, 'CHILARANG'),
(2168, 579, 'DEBIPUR'),
(2169, 579, 'GAREYA'),
(2170, 579, 'JAMALPUR'),
(2171, 579, 'MOHAMMADPUR'),
(2172, 579, 'NARGUN'),
(2173, 579, 'RAHIMANPUR'),
(2174, 579, 'ROYPUR'),
(2175, 579, 'RAJAGAON'),
(2176, 579, 'RUHEA'),
(2177, 492, 'KHAJURIA'),
(2178, 492, 'LAKSHMIPUR KHOLABARIA'),
(2179, 492, 'MADHNAGAR'),
(2180, 492, 'PIPRUL'),
(2181, 543, 'RAMNA'),
(2182, 543, 'RANIGANJ'),
(2183, 543, 'THANAHAT'),
(2184, 545, 'WARD NO-01'),
(2185, 545, 'WARD NO-02'),
(2186, 545, 'WARD NO-03'),
(2187, 545, 'BELGACHHA'),
(2188, 545, 'BHOGDANGA'),
(2189, 545, 'GHOGADAHA'),
(2190, 545, 'JATRAPUR'),
(2191, 545, 'KANTHALBARI'),
(2192, 545, 'MOGALBACHHA');
INSERT INTO `hlink_union` (`id`, `thana_id`, `name`) VALUES
(2193, 480, 'BISHNUPUR'),
(2194, 480, 'GANESHPUR'),
(2195, 480, 'KALIKAPUR'),
(2196, 480, 'KANSO PARA'),
(2197, 480, 'KASHAB'),
(2198, 480, 'KUSUMBA'),
(2199, 480, 'MAINANI'),
(2200, 480, 'MANDA'),
(2201, 480, 'NURULLABAD'),
(2202, 480, 'PARANPUR'),
(2203, 480, 'TENTULIA'),
(2204, 535, 'KANCHI PARA'),
(2205, 535, 'UDAKHALI'),
(2206, 482, 'WARD NO-03'),
(2207, 482, 'BAKTIARPUR'),
(2208, 482, 'BALIHAR'),
(2209, 482, 'BARSHAIL'),
(2210, 482, 'BOALIA'),
(2211, 482, 'CHANDIPUR'),
(2212, 482, 'HAPANIA'),
(2213, 482, 'HASHAIGHARI'),
(2214, 482, 'KIRTIPUR'),
(2215, 482, 'SEKHERPUR'),
(2216, 483, 'BAHADURPUR'),
(2217, 483, 'CHANDAN NAGAR'),
(2218, 483, 'NIAMATPUR'),
(2219, 485, 'CHHAOR'),
(2220, 485, 'GANGURIA'),
(2221, 485, 'MASIDPUR'),
(2222, 485, 'NITHPUR'),
(2223, 485, 'TENTULIA'),
(2224, 487, 'AIHAI'),
(2225, 523, 'NIJPARA'),
(2226, 523, 'SHATAGRAM'),
(2227, 523, 'SATAIR'),
(2228, 523, 'SHIBRAMPUR'),
(2229, 525, 'ATGAON'),
(2230, 501, 'GAURIGRAM'),
(2231, 501, 'KASHINATHPUR'),
(2232, 501, 'KHATU PARA'),
(2233, 502, 'AHAMMEDPUR'),
(2234, 502, 'DULAI'),
(2235, 511, 'PUTHIA'),
(2236, 511, 'SILMARIA'),
(2237, 512, 'BADHAIR'),
(2238, 512, 'KALMA'),
(2239, 512, 'KAMARGAON'),
(2240, 535, 'URIA'),
(2241, 537, 'GOBINDAGANJ'),
(2242, 537, 'GUMANIGANJ'),
(2243, 537, 'HARIRAMPUR'),
(2244, 537, 'KAMARDAHA'),
(2245, 537, 'KAMDIA'),
(2246, 537, 'SHAKHAHAR'),
(2247, 537, 'SHIBPUR'),
(2248, 537, 'TALUK KANUPUR'),
(2249, 538, 'BETKAPA'),
(2250, 538, 'HARINATHPUR'),
(2251, 538, 'HOSSAINPUR'),
(2252, 538, 'KISHOREGARI'),
(2253, 464, 'WARD NO-01'),
(2254, 464, 'WARD NO-02'),
(2255, 464, 'WARD NO-03'),
(2256, 464, 'BHABANIPUR'),
(2257, 464, 'BISHALPUR'),
(2258, 526, 'ISABPUR'),
(2259, 526, 'NASRATPUR'),
(2260, 526, 'SAINTARA'),
(2261, 526, 'SATNALA'),
(2262, 526, 'TENTULIA'),
(2263, 560, 'TUPAMARI'),
(2264, 561, 'WARD NO-01'),
(2265, 561, 'WARD NO-03'),
(2266, 561, 'WARD NO-04'),
(2267, 561, 'WARD NO-05'),
(2268, 561, 'BANGALIPUR'),
(2269, 561, 'BOTHLAGARI'),
(2270, 561, 'KAMAR PUKUR'),
(2271, 561, 'KHATA MADHUPUR'),
(2272, 561, 'CANTONMENT'),
(2273, 494, 'CHANDBA'),
(2274, 494, 'DEBOTTAR'),
(2275, 494, 'EKDANTA'),
(2276, 494, 'LAKSHMIPUR'),
(2277, 512, 'SARANJAI'),
(2278, 512, 'TALANDA'),
(2279, 567, 'BADARGANJ'),
(2280, 567, 'BISHNUPUR'),
(2281, 567, 'GOPALPUR'),
(2282, 567, 'KUTUBPUR'),
(2283, 567, 'LOHANI PARA'),
(2284, 567, 'MADHUPUR'),
(2285, 568, 'BARABIL'),
(2286, 568, 'BETGARI'),
(2287, 568, 'GANGACHARA'),
(2288, 568, 'GAJAGHANTA'),
(2289, 568, 'KOLKANDA'),
(2290, 568, 'LAKSHMITARI'),
(2291, 568, 'MARANIA'),
(2292, 569, 'WARD NO-01'),
(2293, 569, 'WARD NO-02'),
(2294, 565, 'HAFIZABAD'),
(2295, 565, 'HARIBHASA'),
(2296, 565, 'MAGURA'),
(2297, 565, 'PANCHAGARH'),
(2298, 565, 'SATMARA'),
(2299, 503, 'ARANI'),
(2300, 503, 'BAUSA'),
(2301, 503, 'PAKURIA'),
(2302, 556, 'BALA PARA'),
(2303, 556, 'DIMLA'),
(2304, 556, 'KHALISA CHAPANI'),
(2305, 556, 'KHOGA KHARIBARI'),
(2306, 556, 'NAOTARA'),
(2307, 494, 'MAJH PARA'),
(2308, 495, 'WARD NO-01'),
(2309, 495, 'WARD NO-03'),
(2310, 495, 'DHALAR CHAR'),
(2311, 495, 'HATURIA NAKALIA'),
(2312, 495, 'JOTSAKHNI'),
(2313, 495, 'PURAN BHARENGA'),
(2314, 495, 'RUPPUR'),
(2315, 531, 'GOALDIHI'),
(2316, 531, 'KHAMAR PARA'),
(2317, 527, 'WARD NO-01'),
(2318, 527, 'WARD NO-02'),
(2319, 527, 'WARD NO-04'),
(2320, 527, 'ASKARPUR'),
(2321, 527, 'AULIAPUR'),
(2322, 527, 'CHEHELGAZI'),
(2323, 527, 'FAZILPUR'),
(2324, 527, 'SHANKARPUR'),
(2325, 527, 'SHASHARA'),
(2326, 527, 'SEKHPURA'),
(2327, 527, 'SUNDARBAN'),
(2328, 527, 'UTHRAIL'),
(2329, 533, 'WARD NO-01'),
(2330, 600, 'ASHARKANDI'),
(2331, 600, 'HALDIPUR'),
(2332, 600, 'JAGANNATHPUR'),
(2333, 477, 'AHSANGANJ'),
(2334, 477, 'BHOPARA'),
(2335, 477, 'HATKALU PARA'),
(2336, 477, 'KALIKAPUR'),
(2337, 477, 'MANIARI'),
(2338, 477, 'PANCHUPUR'),
(2339, 506, 'BHAYA LAKSHMIPUR'),
(2340, 506, 'CHARGHAT'),
(2341, 506, 'YUSUFPUR'),
(2342, 506, 'SALUA'),
(2343, 506, 'SARDAH'),
(2344, 507, 'DELUABARI'),
(2345, 507, 'DHARMAPUR'),
(2346, 507, 'JHALUKA'),
(2347, 507, 'JOYNAGAR'),
(2348, 507, 'MARIA'),
(2349, 507, 'NOAPARA'),
(2350, 508, 'BASUDEBPUR'),
(2351, 508, 'CHAR ASHARIADAHA'),
(2352, 508, 'DEOPARA'),
(2353, 573, 'CHANDANPAT'),
(2354, 573, 'DARSHANA'),
(2355, 573, 'HARIDEBPUR'),
(2356, 573, 'MOMINPUR'),
(2357, 573, 'PASHURAM'),
(2358, 573, 'RAJENDRAPUR'),
(2359, 573, 'SATGARA'),
(2360, 573, 'TAMPHAT'),
(2361, 573, 'TAPODHAN'),
(2362, 573, 'CANTONMENT'),
(2363, 483, 'SREEMANTAPUR'),
(2364, 479, 'DHAMOIRHAT'),
(2365, 456, 'WARD NO-04'),
(2366, 550, 'DHARANIBARI'),
(2367, 126, 'SUKTAGARH'),
(2368, 322, 'WARD NO-01'),
(2369, 550, 'HATIA'),
(2370, 322, 'KARIMPUR'),
(2371, 322, 'MADHABDI'),
(2372, 103, 'DHALUA'),
(2373, 343, 'BANSHTALI'),
(2374, 103, 'PHULJHURY'),
(2375, 510, 'PARILA'),
(2376, 511, 'BANESHWAR'),
(2377, 612, 'NANDIRGAON'),
(2378, 612, 'PASCHIM JAFLONG'),
(2379, 612, 'PURBA JAFLONG'),
(2380, 409, 'MUMURDIA'),
(2381, 404, 'SARAR CHAR'),
(2382, 410, 'LATIBABAD'),
(2383, 426, 'BALIKHAN'),
(2384, 404, 'GAZIR CHAR'),
(2385, 414, 'SUKHIA'),
(2386, 410, 'RASHIDABAD'),
(2387, 404, 'HILACHIA'),
(2388, 410, 'WARD NO-01'),
(2389, 438, 'HATIBANDHA MALIJHIKANDA'),
(2390, 334, 'NASASAN'),
(2391, 334, 'CHAR ATRA'),
(2392, 399, 'KENDUA'),
(2393, 390, 'PARULIA'),
(2394, 383, 'SHOLA TAKA'),
(2395, 389, 'DURGAPUR'),
(2396, 388, 'SHAIKHATI'),
(2397, 377, 'BARAKHADA'),
(2398, 393, 'WARD NO-02'),
(2399, 343, 'RAMPAL'),
(2400, 393, 'BHOMRA'),
(2401, 578, 'BACHOR'),
(2402, 583, 'AHMADABAD'),
(2403, 583, 'DEORGACHH'),
(2404, 583, 'GAZIPUR'),
(2405, 583, 'MIRAHI'),
(2406, 449, 'BALLA'),
(2407, 449, 'BANGRA'),
(2408, 449, 'BIR BASUNDA'),
(2409, 449, 'DURGAPUR'),
(2410, 449, 'ELENGA'),
(2411, 449, 'KALIHATI'),
(2412, 449, 'KOK DAHARA'),
(2413, 449, 'NAGBARI'),
(2414, 449, 'NARANDIA'),
(2415, 449, 'PAIKARA'),
(2416, 449, 'SALLA'),
(2417, 450, 'ALOKDIA'),
(2418, 450, 'ARANKHOLA'),
(2419, 450, 'AUSNARA'),
(2420, 450, 'DHANBARI'),
(2421, 322, 'PANCHDONA'),
(2422, 435, 'WARD NO-02'),
(2423, 435, 'WARD NO-03'),
(2424, 435, 'BAKSHIA BIRAMPUR'),
(2425, 435, 'BARATALI BANIHARI'),
(2426, 435, 'GAGLAJORE'),
(2427, 435, 'SAMAJ SAHILDEO'),
(2428, 435, 'SUAIR'),
(2429, 435, 'TENTULIA'),
(2430, 312, 'ATPARA'),
(2431, 312, 'BAGHRA'),
(2432, 312, 'BARAIKHALI'),
(2433, 312, 'BIRTARA'),
(2434, 312, 'HASARA'),
(2435, 312, 'KOLA PARA'),
(2436, 312, 'KUKUTIA'),
(2437, 312, 'PATABHOG'),
(2438, 312, 'RARIKHAL'),
(2439, 312, 'SREENAGAR'),
(2440, 312, 'SHOLAGHAR'),
(2441, 312, 'SHYAMSIDDHI'),
(2442, 312, 'TANTAR'),
(2443, 332, 'GARIBER CHAR'),
(2444, 332, 'GOSAIRHAT'),
(2445, 332, 'IDILPUR'),
(2446, 332, 'KODALPUR'),
(2447, 332, 'NAGER PARA'),
(2448, 332, 'NALMURI'),
(2449, 332, 'SAMANTASAR'),
(2450, 334, 'BHOJESHWAR'),
(2451, 334, 'BHUMKHARA'),
(2452, 334, 'BIJHARI'),
(2453, 306, 'SHIBALAYA'),
(2454, 306, 'TEOTA'),
(2455, 306, 'ULAIL'),
(2456, 306, 'UTHALI'),
(2457, 307, 'BOYRA'),
(2458, 307, 'BALDHARA'),
(2459, 307, 'CHANDHAR'),
(2460, 307, 'CHARIGRAM'),
(2461, 307, 'JOY MANTAP'),
(2462, 307, 'JAMIRTA'),
(2463, 307, 'JAMSHA'),
(2464, 307, 'SAISTA'),
(2465, 307, 'SINGAIR'),
(2466, 307, 'TALIBPUR'),
(2467, 308, 'BALUAKANDI'),
(2468, 308, 'BAUSIA'),
(2469, 308, 'BHABER CHAR'),
(2470, 308, 'GAZARIA'),
(2471, 308, 'GUAGACHHIA'),
(2472, 322, 'SILMANDI'),
(2473, 325, 'CHAK RADHA'),
(2474, 325, 'DULALPUR'),
(2475, 325, 'JOSAR'),
(2476, 325, 'JOYNAGAR'),
(2477, 325, 'MASIMPUR'),
(2478, 424, 'WARD NO-07'),
(2479, 424, 'ASHTADHAR'),
(2480, 424, 'BAERA (KEWATKHALI)'),
(2481, 424, 'BHABKHALI'),
(2482, 424, 'BORAR CHAR'),
(2483, 424, 'CHAR NILAKSHMIA'),
(2484, 424, 'DAPUNIA'),
(2485, 424, 'GHAGRA'),
(2486, 424, 'KHAGDAHAR'),
(2487, 424, 'KUSHTIA'),
(2488, 334, 'NARIA'),
(2489, 334, 'NOAPARA'),
(2490, 334, 'RAJNAGAR'),
(2491, 395, 'SARULIA'),
(2492, 395, 'TALA'),
(2493, 395, 'TENTULIA'),
(2494, 455, 'WARD NO-01'),
(2495, 455, 'WARD NO-02'),
(2496, 455, 'WARD NO-03'),
(2497, 388, 'KALORA'),
(2498, 388, 'MAIJ PARA'),
(2499, 388, 'MULIA'),
(2500, 388, 'SAHABAD'),
(2501, 388, 'SINGASOLPUR'),
(2502, 388, 'TULARAMPUR'),
(2503, 389, 'ANULIA'),
(2504, 389, 'ASSASUNI'),
(2505, 389, 'BARADAL'),
(2506, 389, 'BUDHHATA'),
(2507, 389, 'KULLA'),
(2508, 389, 'SOBHNALI'),
(2509, 389, 'SREEULA'),
(2510, 390, 'DEBHATA'),
(2511, 390, 'KULIA'),
(2512, 390, 'SAKHIPUR'),
(2513, 391, 'WARD NO-01'),
(2514, 391, 'WARD NO-02'),
(2515, 391, 'WARD NO-03'),
(2516, 547, 'BIDYANANDA'),
(2517, 547, 'CHAKIRPASHAR'),
(2518, 547, 'CHHINAI'),
(2519, 547, 'NAZIMKHAN'),
(2520, 547, 'RAJARHAT'),
(2521, 550, 'BAZRA'),
(2522, 550, 'BURABURI'),
(2523, 550, 'DALDALIA'),
(2524, 550, 'DHAMSERNI'),
(2525, 550, 'DURGAPUR'),
(2526, 550, 'GUNAIGACHH'),
(2527, 392, 'MATHURESHPUR'),
(2528, 392, 'MAUTALA'),
(2529, 392, 'NALTA'),
(2530, 392, 'RATANPUR'),
(2531, 392, 'TARALI'),
(2532, 393, 'WARD NO-01'),
(2533, 393, 'WARD NO-03'),
(2534, 393, 'ALIPUR'),
(2535, 393, 'AGARDARI'),
(2536, 384, 'WARD NO-02'),
(2537, 384, 'WARD NO-03'),
(2538, 384, 'WARD NO-04'),
(2539, 384, 'WARD NO-05'),
(2540, 565, 'KAMAT KAJAL DIGHI'),
(2541, 408, 'JAFARABAD'),
(2542, 563, 'MAIDAN DIGHI'),
(2543, 565, 'WARD NO-02'),
(2544, 575, 'DHANTALA'),
(2545, 603, 'MOLLAH PARA'),
(2546, 603, 'PATHARIA'),
(2547, 603, 'RANGAR CHAR'),
(2548, 603, 'SHIMULBAK'),
(2549, 603, 'PASCHIM BIRGAON'),
(2550, 603, 'PASCHIM PAGLA'),
(2551, 603, 'PURBA BIRGOAN'),
(2552, 603, 'PURBA PAGLA'),
(2553, 604, 'BALIJURI'),
(2554, 604, 'DAKSHIN SREEPUR'),
(2555, 604, 'DAKSHIN BADAL'),
(2556, 604, 'TAHIRPUR'),
(2557, 604, 'UTTAR BADAGHAT'),
(2558, 604, 'UTTAR BADAL'),
(2559, 604, 'UTTAR SREEPUR'),
(2560, 605, 'BALAGANJ'),
(2561, 605, 'BOALJUR BAZAR'),
(2562, 605, 'BURUNGA'),
(2563, 605, 'DAYAMIR'),
(2564, 605, 'DEWAN BAZAR'),
(2565, 605, 'GOULA BAZAR'),
(2566, 605, 'OMARPUR'),
(2567, 605, 'OSMANPUR'),
(2568, 605, 'PASCHIM GAURIPUR'),
(2569, 605, 'PASCHIM PAILANPUR'),
(2570, 128, 'BANSHBARIA'),
(2571, 101, 'CHOWRA'),
(2572, 523, 'MARICHA'),
(2573, 119, 'DAKSHIN JOYNAGAR'),
(2574, 523, 'PALASHBARI'),
(2575, 533, 'MOSTAFAPUR'),
(2576, 130, 'CHIKNIKANDI'),
(2577, 588, 'DASHER BAZAR'),
(2578, 588, 'PASCHIM JURI'),
(2579, 588, 'NIJ BAHADURPUR'),
(2580, 447, 'JAMURIA'),
(2581, 115, 'HARTA'),
(2582, 578, 'HOSSAINGAON'),
(2583, 557, 'HARINCHARA'),
(2584, 492, 'WARD NO-02'),
(2585, 495, 'NUTAN BHARENGA'),
(2586, 501, 'DHULAURI'),
(2587, 498, 'FARIDPUR'),
(2588, 516, 'NATUAR PARA'),
(2589, 535, 'GAZARIA'),
(2590, 501, 'SANTHIA'),
(2591, 539, 'DAMODARPUR'),
(2592, 538, 'BARISAL'),
(2593, 537, 'RAJAHAR'),
(2594, 561, 'WARD NO-02'),
(2595, 539, 'BANAGRAM'),
(2596, 485, 'GHATNAGAR'),
(2597, 497, 'GUNAIGACHHA'),
(2598, 545, 'PUNCHGACHHI'),
(2599, 483, 'RASULPUR'),
(2600, 541, 'SREEPUR'),
(2601, 483, 'HAJINAGAR'),
(2602, 208, 'NANIARCHAR'),
(2603, 590, 'KAMALGANJ'),
(2604, 590, 'MADHABPUR'),
(2605, 590, 'MUNSHI BAZAR'),
(2606, 590, 'PATANUSHAR'),
(2607, 590, 'RAHIMPUR'),
(2608, 590, 'SHAMSHERNAGAR'),
(2609, 477, 'BISHA'),
(2610, 482, 'TILAKPUR'),
(2611, 473, 'WARD NO-01'),
(2612, 302, 'GHIOR'),
(2613, 325, 'AYUBPUR'),
(2614, 304, 'ATIGRAM'),
(2615, 318, 'KAYET PARA'),
(2616, 315, 'KALAGACHHIA'),
(2617, 314, 'ARAIHAZAR'),
(2618, 319, 'SADIPUR'),
(2619, 307, 'DHALLA'),
(2620, 512, 'PACHANDAR'),
(2621, 388, 'BANSHGRAM'),
(2622, 195, 'BURIR CHAR'),
(2623, 171, 'POKKHALI'),
(2624, 195, 'TAMARUDDIN'),
(2625, 195, 'SUKH CHAR'),
(2626, 447, 'SANDHANPUR'),
(2627, 285, 'DHEUKHALI'),
(2628, 115, 'OTRA'),
(2629, 125, 'RANAPASHA'),
(2630, 107, 'RAHMATPUR'),
(2631, 410, 'MARIA'),
(2632, 237, 'PERUL'),
(2633, 217, 'CHAPARTALA'),
(2634, 211, 'UTTAR AKHAURA'),
(2635, 234, 'UTTAR ELLIOTGANJ'),
(2636, 235, 'DAKSHIN RAJAMEHAR'),
(2637, 237, 'BELGHAR'),
(2638, 223, 'UTTAR KACHUA'),
(2639, 610, 'FENCHUGANJ'),
(2640, 610, 'GILACHHARA'),
(2641, 610, 'MAIJGAON'),
(2642, 612, 'ALIRGAON'),
(2643, 612, 'FATEHPUR'),
(2644, 612, 'LENGURA'),
(2645, 116, 'DHANIA'),
(2646, 102, 'RAMNA'),
(2647, 105, 'RAIHANPUR'),
(2648, 116, 'CHAR SHIBPUR'),
(2649, 138, 'SEKHMATIA'),
(2650, 105, 'CHAR DUANTI'),
(2651, 125, 'NACHAN MOHAL'),
(2652, 140, 'WARD NO-02'),
(2653, 103, 'WARD NO-02'),
(2654, 143, 'LAMA'),
(2655, 166, 'CHIKDAIR'),
(2656, 172, 'ALI AKBAR DEIL'),
(2657, 189, 'TUBALCHHARI'),
(2658, 157, 'DHALAI'),
(2659, 189, 'MATIRANGA'),
(2660, 172, 'LEMSIKHALI'),
(2661, 152, 'HASHIMPUR'),
(2662, 160, 'PUTIBILA'),
(2663, 157, 'NANGALMORA'),
(2664, 614, 'JHINGRABARI'),
(2665, 219, 'MAISHADI'),
(2666, 163, 'HAIDGAON'),
(2667, 163, 'WARD NO-02'),
(2668, 167, 'MAITBHANGA'),
(2669, 581, 'PUTIJURI'),
(2670, 168, 'PASCHIM DHEMSA'),
(2671, 583, 'CHUNARUGHAT'),
(2672, 160, 'LOHAGARA'),
(2673, 583, 'PAIK PARA'),
(2674, 593, 'RAJNAGAR'),
(2675, 264, 'WARD NO-30 (PART)'),
(2676, 170, 'PURBA BARABHEOLA'),
(2677, 591, 'KULAURA'),
(2678, 267, 'KAILAIL'),
(2679, 586, 'BAGASURA'),
(2680, 537, 'NAKAI'),
(2681, 553, 'CHALBALA'),
(2682, 539, 'FARIDPUR'),
(2683, 553, 'BHOTEMARI'),
(2684, 560, 'KACHUKATA'),
(2685, 552, 'TANGBHANGA'),
(2686, 541, 'CHHAPARHATI'),
(2687, 551, 'SARPUKUR'),
(2688, 559, 'BAHAGILI'),
(2689, 523, 'SUJALPUR'),
(2690, 551, 'BHADAI'),
(2691, 542, 'ANDHARI JHAR'),
(2692, 228, 'UTTAR BHABANIPUR'),
(2693, 271, 'BHAKURTA'),
(2694, 151, 'CHARANDWIP'),
(2695, 151, 'SAROATALI'),
(2696, 151, 'SREEPUR KHARANDWIP'),
(2697, 140, 'WARD NO-01'),
(2698, 128, 'BAHRAMPUR'),
(2699, 137, 'SAPLEZA'),
(2700, 116, 'ALINAGAR'),
(2701, 116, 'RAJAPUR'),
(2702, 568, 'KHALEYA'),
(2703, 567, 'RAMNATHPUR'),
(2704, 556, 'GAYABARI'),
(2705, 567, 'GOPINATHPUR'),
(2706, 556, 'PASCHIM CHHATNAI'),
(2707, 573, 'WARD NO-05'),
(2708, 513, 'DHUKARIA BERA'),
(2709, 573, 'SADYA PUSHKARNI'),
(2710, 516, 'SUBHAGACHHA'),
(2711, 492, 'HALSA'),
(2712, 493, 'RAMANANDA KHAJURA'),
(2713, 493, 'SINGRA'),
(2714, 493, 'LALORE'),
(2715, 157, 'DAKSHIN MADRASHA'),
(2716, 216, 'IBRAHIMPUR'),
(2717, 220, 'PURBA CHAR DUKHIA'),
(2718, 245, 'BARA KHERI'),
(2719, 237, 'UTTAR HAWLA'),
(2720, 585, 'MURAKARI'),
(2721, 237, 'WARD NO-02'),
(2722, 586, 'BULLA'),
(2723, 586, 'CHHATIAIN'),
(2724, 586, 'NOAPARA'),
(2725, 591, 'TILAGAON'),
(2726, 231, 'PURBA CHANDINA'),
(2727, 216, 'BITGHAR (TIARA)'),
(2728, 216, 'RASULLABAD'),
(2729, 245, 'CHAR FALCON'),
(2730, 237, 'NATHER PETUA'),
(2731, 245, 'CHAR RAMIZ'),
(2732, 492, 'TEBARIA'),
(2733, 493, 'CHAMARI'),
(2734, 493, 'CHHATAR DIGHI'),
(2735, 493, 'CHAUGRAM'),
(2736, 493, 'DAHIA'),
(2737, 493, 'HATIANDAHA'),
(2738, 487, 'SAPAHAR'),
(2739, 564, 'SONAHAR MALLIKADAHA'),
(2740, 564, 'SUNDAR DIGHI'),
(2741, 564, 'TEPRIGANJ'),
(2742, 565, 'WARD NO-01'),
(2743, 565, 'WARD NO-03'),
(2744, 565, 'AMARKHANA'),
(2745, 511, 'BELPUKURIA'),
(2746, 511, 'BHALUKGACHHI'),
(2747, 511, 'JEOPARA'),
(2748, 602, 'ATGAON'),
(2749, 602, 'BAHARA'),
(2750, 602, 'HABIBPUR'),
(2751, 602, 'SULLA'),
(2752, 603, 'WARD NO-01'),
(2753, 603, 'WARD NO-02'),
(2754, 603, 'WARD NO-03'),
(2755, 603, 'AFTABNAGAR'),
(2756, 603, 'DURGAPASHA'),
(2757, 603, 'GOURARARANG'),
(2758, 603, 'JOYKALAS'),
(2759, 563, 'BARA SHASHI'),
(2760, 563, 'BENGHARI BANAGRAM'),
(2761, 563, 'BODA'),
(2762, 563, 'CHANDANBARI'),
(2763, 563, 'KAJAL DIGHI KALIGANJ'),
(2764, 563, 'MAREA BAMANHAT'),
(2765, 563, 'PANCHPIR'),
(2766, 563, 'SAKOA'),
(2767, 564, 'CHENGTI HAZRADANGA'),
(2768, 382, 'SREEKUL'),
(2769, 382, 'SREEPUR'),
(2770, 383, 'BAMANDI'),
(2771, 383, 'DHANKHOLA'),
(2772, 383, 'KAZIPUR'),
(2773, 383, 'MATMURA'),
(2774, 383, 'SHAHARBATI'),
(2775, 383, 'TENTULBARIA'),
(2776, 384, 'WARD NO-01'),
(2777, 364, 'KAMARKHOLA'),
(2778, 364, 'SUTARKHALI'),
(2779, 364, 'TILDANGA'),
(2780, 364, 'NALIAN RANGE'),
(2781, 366, 'ATLIA'),
(2782, 366, 'BHANDAR PARA'),
(2783, 366, 'DHAMALIA'),
(2784, 366, 'DUMURIA'),
(2785, 366, 'GUTUDIA'),
(2786, 366, 'KHARNIA'),
(2787, 366, 'MAGURKHALI'),
(2788, 366, 'MAGURAGHONA'),
(2789, 366, 'RAGHUNATHPUR'),
(2790, 366, 'RANGPUR'),
(2791, 366, 'RUDAGHARA'),
(2792, 366, 'SAHAS'),
(2793, 366, 'SOBHANA'),
(2794, 365, 'BARAKPUR'),
(2795, 365, 'DIGHALIA'),
(2796, 365, 'GAZIRHAT'),
(2797, 384, 'WARD NO-06'),
(2798, 384, 'WARD NO-07'),
(2799, 384, 'WARD NO-08'),
(2800, 384, 'WARD NO-09'),
(2801, 384, 'AMDA'),
(2802, 384, 'BURIPOTA'),
(2803, 384, 'KUTUBPUR'),
(2804, 384, 'PIROJPUR'),
(2805, 386, 'WARD NO-01'),
(2806, 493, 'ITALY'),
(2807, 493, 'KALAM'),
(2808, 493, 'SHERKOLE'),
(2809, 493, 'SUKASH'),
(2810, 591, 'BARAMCHAL'),
(2811, 591, 'BHAKSHIMAIL'),
(2812, 591, 'BRAHMAN BAZAR'),
(2813, 591, 'FULTALA'),
(2814, 591, 'GOALBARI'),
(2815, 591, 'HAJIPUR'),
(2816, 591, 'JOYCHANDI'),
(2817, 591, 'JAIFARNAGAR'),
(2818, 591, 'KADIRPUR'),
(2819, 591, 'KARMADHA'),
(2820, 591, 'PRITHIM PASHA'),
(2821, 591, 'ROUTHGAON'),
(2822, 591, 'SAGARNAL'),
(2823, 591, 'SHARIFPUR'),
(2824, 508, 'GODAGARI'),
(2825, 508, 'GOGRAM'),
(2826, 508, 'PAKRI'),
(2827, 508, 'RISHIKUL'),
(2828, 510, 'BARAGACHHI'),
(2829, 510, 'DAMKUR'),
(2830, 510, 'DARSHAN PARA'),
(2831, 510, 'HARIAN'),
(2832, 510, 'HARIPUR'),
(2833, 510, 'HUJURI PARA'),
(2834, 510, 'NOAHATA'),
(2835, 386, 'WARD NO-02'),
(2836, 386, 'WARD NO-03'),
(2837, 386, 'BABRA HACHLA'),
(2838, 372, 'BARASAT'),
(2839, 372, 'MADHUPUR'),
(2840, 372, 'SACHIADAH'),
(2841, 372, 'SAGLADAH'),
(2842, 372, 'TEROKHADA'),
(2843, 373, 'WARD NO-01'),
(2844, 373, 'WARD NO-02'),
(2845, 373, 'WARD NO-03'),
(2846, 373, 'BAHADURPUR'),
(2847, 373, 'BAHIR CHAR'),
(2848, 373, 'CHANDGRAM'),
(2849, 373, 'DHARAMPUR'),
(2850, 373, 'JUNIADAHA'),
(2851, 373, 'MOKARIMPUR'),
(2852, 338, 'BAHIRDIA MANSA'),
(2853, 338, 'BETAGA'),
(2854, 338, 'FAKIRHAT'),
(2855, 379, 'BIRAIL PALITA'),
(2856, 379, 'BAGIA'),
(2857, 379, 'CHAULIA'),
(2858, 379, 'GOPALGRAM'),
(2859, 379, 'HAZIPUR'),
(2860, 391, 'DIARA'),
(2861, 391, 'GOPINATHPUR'),
(2862, 391, 'HELATALA'),
(2863, 391, 'JALLABAD'),
(2864, 391, 'JOGIKHALI'),
(2865, 391, 'KERAGACHHI'),
(2866, 391, 'KERALKATA'),
(2867, 391, 'KUSHADANGA'),
(2868, 391, 'SONABARIA'),
(2869, 392, 'BHARA SIMLA'),
(2870, 392, 'CHAMPAPHUL'),
(2871, 347, 'WARD NO-01'),
(2872, 347, 'WARD NO-03'),
(2873, 347, 'DAMURHUDA'),
(2874, 336, 'WARD NO-01'),
(2875, 336, 'WARD NO-02'),
(2876, 336, 'WARD NO-03'),
(2877, 336, 'BARAI PARA'),
(2878, 336, 'BEMARTA'),
(2879, 336, 'BISHNUPUR'),
(2880, 336, 'GOTA PARA'),
(2881, 336, 'JATRAPUR'),
(2882, 336, 'KARA PARA'),
(2883, 336, 'SHAT GAMBUJ'),
(2884, 379, 'HAZRAPUR'),
(2885, 520, 'DESHIGRAM'),
(2886, 520, 'MADHAINAGAR'),
(2887, 520, 'MAGURA BINOD'),
(2888, 520, 'NAOGAON'),
(2889, 579, 'SALANDAR'),
(2890, 579, 'SUKHANPUKHARI'),
(2891, 580, 'AJMIRIGANJ'),
(2892, 580, 'BADALPUR'),
(2893, 580, 'JALSUKA'),
(2894, 580, 'KAKAILSEO'),
(2895, 580, 'SHIBPASHA'),
(2896, 581, 'BAHUBAL'),
(2897, 581, 'BHADESHWAR'),
(2898, 581, 'LAMATASHI'),
(2899, 581, 'MIRPUR'),
(2900, 581, 'SATKAPAN'),
(2901, 581, 'SNANGHAT'),
(2902, 492, 'WARD NO-03'),
(2903, 492, 'BARA HARISHPUR'),
(2904, 492, 'BIPRA BELGHARIA'),
(2905, 492, 'CHHATNI'),
(2906, 492, 'DIGHAPATIA'),
(2907, 492, 'KAFURIA'),
(2908, 379, 'JAGDAL'),
(2909, 354, 'BIDYANANDAKATI'),
(2910, 354, 'KESHABPUR'),
(2911, 354, 'MAJIDPUR'),
(2912, 354, 'PANJIA'),
(2913, 354, 'SUFALAKATI'),
(2914, 354, 'TRIMOHINI'),
(2915, 368, 'WARD NO-01'),
(2916, 368, 'WARD NO-02'),
(2917, 363, 'JALMA'),
(2918, 374, 'ADABARIA'),
(2919, 374, 'ARIA'),
(2920, 374, 'BOALIA'),
(2921, 374, 'CHILMARI'),
(2922, 374, 'DAULATPUR'),
(2923, 374, 'HOGALBARIA'),
(2924, 374, 'KHALISHAKUNDI'),
(2925, 374, 'MATHURAPUR'),
(2926, 374, 'PHILIPNAGAR'),
(2927, 374, 'PRAYAGPUR'),
(2928, 374, 'REFAYETPUR'),
(2929, 375, 'JANIPUR'),
(2930, 375, 'KHOKSA'),
(2931, 375, 'SAMASPUR'),
(2932, 376, 'WARD NO-01'),
(2933, 376, 'WARD NO-02'),
(2934, 376, 'WARD NO-03'),
(2935, 376, 'WARD NO-04'),
(2936, 376, 'WARD NO-05'),
(2937, 376, 'BAGULAT'),
(2938, 376, 'CHAPRA'),
(2939, 376, 'JADU BOYRA'),
(2940, 376, 'JAGANNATHPUR'),
(2941, 376, 'KAYA'),
(2942, 376, 'NANDALALPUR'),
(2943, 376, 'SADAKI'),
(2944, 376, 'SHELAIDAHA'),
(2945, 377, 'WARD NO-01'),
(2946, 377, 'WARD NO-02'),
(2947, 513, 'BARA DHUL'),
(2948, 513, 'BELKUCHI'),
(2949, 513, 'BHANGABARI'),
(2950, 513, 'DAULATPUR'),
(2951, 513, 'RAJAPUR'),
(2952, 516, 'CHAR GIRISH'),
(2953, 388, 'WARD NO-01'),
(2954, 388, 'WARD NO-02'),
(2955, 388, 'AURIA'),
(2956, 388, 'BHADRABILA'),
(2957, 388, 'BICHHALI'),
(2958, 388, 'CHANDIBARPUR'),
(2959, 388, 'HABAKHALI'),
(2960, 377, 'JIRAAKHI'),
(2961, 377, 'JHAUDIA'),
(2962, 377, 'MAZAMPUR'),
(2963, 377, 'MANOHARDIA'),
(2964, 377, 'PAITKABARI'),
(2965, 377, 'UJANGRAM'),
(2966, 378, 'AMBARIA'),
(2967, 378, 'AMLA'),
(2968, 378, 'BAHALBARIA'),
(2969, 378, 'BARUI PARA'),
(2970, 378, 'CHHATIAN'),
(2971, 378, 'KALIDASPUR'),
(2972, 378, 'MALIHAD'),
(2973, 378, 'MIRPUR'),
(2974, 378, 'PORADAHA'),
(2975, 378, 'SARDARPUR'),
(2976, 378, 'TALBARIA'),
(2977, 379, 'WARD NO-01'),
(2978, 347, 'DARSHANA'),
(2979, 347, 'HOWLI'),
(2980, 347, 'KURALGACHHI'),
(2981, 347, 'NATIPOTA'),
(2982, 349, 'BAGHUTIA'),
(2983, 349, 'MAHAKAL'),
(2984, 349, 'NOAPARA'),
(2985, 349, 'PAYRA'),
(2986, 349, 'SIDDHIPASHA'),
(2987, 349, 'SREEDHARPUR'),
(2988, 349, 'SUBHA PARA'),
(2989, 377, 'WARD NO-03'),
(2990, 377, 'WARD NO-04'),
(2991, 377, 'ABDULPUR'),
(2992, 377, 'AILCHARA'),
(2993, 377, 'GOSIND DURGAPUR'),
(2994, 377, 'HARINARAYANPUR'),
(2995, 377, 'HATAS HARIPUR'),
(2996, 377, 'JAGATI'),
(2997, 386, 'BAUISENA'),
(2998, 386, 'BENDA'),
(2999, 386, 'CHANCHARI'),
(3000, 386, 'JOYNAGAR'),
(3001, 386, 'KHASIAL'),
(3002, 386, 'PAHARDANGA'),
(3003, 386, 'PERULI'),
(3004, 386, 'PURULIA'),
(3005, 386, 'SALAMABAD'),
(3006, 343, 'BHOJPATIA'),
(3007, 343, 'DEMA'),
(3008, 343, 'GAURAMBHA'),
(3009, 541, 'SHANTIRAM'),
(3010, 541, 'SARBANANDA'),
(3011, 541, 'SONAROY'),
(3012, 472, 'GOPINATHPUR'),
(3013, 472, 'RAIKALI'),
(3014, 472, 'RUKINDIPUR'),
(3015, 472, 'TILAKPUR'),
(3016, 473, 'WARD NO-02'),
(3017, 473, 'WARD NO-03'),
(3018, 473, 'AMDAI'),
(3019, 473, 'BHADSA'),
(3020, 473, 'DHALAHAR'),
(3021, 473, 'JAMALPUR'),
(3022, 473, 'PURANAPAIL'),
(3023, 474, 'KALAI'),
(3024, 474, 'MATRAI'),
(3025, 474, 'PUNAT'),
(3026, 459, 'BALIA DIGHI'),
(3027, 459, 'GABTALI'),
(3028, 459, 'MAHISHABAN'),
(3029, 459, 'NARUAMALA'),
(3030, 459, 'NASIPUR'),
(3031, 459, 'NEPALTALI'),
(3032, 459, 'RAMESHWARPUR'),
(3033, 459, 'SONARAI'),
(3034, 460, 'BIR KEDAR'),
(3035, 460, 'DURGAPUR'),
(3036, 460, 'KAHALOO'),
(3037, 460, 'KALAI MAJH PARA'),
(3038, 368, 'WARD NO-03'),
(3039, 368, 'WARD NO-04'),
(3040, 368, 'WARD NO-05'),
(3041, 368, 'WARD NO-06'),
(3042, 368, 'WARD NO-07'),
(3043, 368, 'WARD NO-08'),
(3044, 368, 'WARD NO-09'),
(3045, 368, 'WARD NO-10'),
(3046, 369, 'AMADI'),
(3047, 369, 'BAGALI'),
(3048, 369, 'DAKSHIN BEDKASHI'),
(3049, 369, 'MAHARAJPUR'),
(3050, 369, 'MAHESHWARIPUR'),
(3051, 369, 'UTTAR BEDKASHI'),
(3052, 369, 'NALIAN RANGE'),
(3053, 539, 'NALDANGA'),
(3054, 539, 'RASULPUR'),
(3055, 541, 'BAMANDANGA'),
(3056, 541, 'BELKA'),
(3057, 541, 'CHANDIPUR'),
(3058, 392, 'DAKSHIN SREEPUR'),
(3059, 392, 'DHALBARIA'),
(3060, 392, 'KRISHNANAGAR'),
(3061, 475, 'ALAMPUR'),
(3062, 475, 'BARATARA'),
(3063, 475, 'KHETLAL'),
(3064, 475, 'MAMUDPUR'),
(3065, 476, 'AOLAI'),
(3066, 476, 'ATAPUR'),
(3067, 476, 'AYMARASULPUR'),
(3068, 476, 'BAGJANA'),
(3069, 476, 'BALIGHATA'),
(3070, 476, 'DHARANJI'),
(3071, 476, 'KUSUMBA'),
(3072, 476, 'MOHAMADPUR'),
(3073, 542, 'BHURUNGAMARI'),
(3074, 395, 'NAGARGHATA'),
(3075, 237, 'MAISATUA'),
(3076, 240, 'UTTAR PAHARPUR'),
(3077, 237, 'BIPULASAR'),
(3078, 240, 'UTTAR RAMCHANDRAPUR'),
(3079, 294, 'KUSHLA'),
(3080, 151, 'PASCHIM GOMDANDI'),
(3081, 298, 'WARD NO-03'),
(3082, 343, 'BAINTALA'),
(3083, 374, 'PEARPUR'),
(3084, 349, 'RAJGHAT'),
(3085, 374, 'RAMKRISHNAPUR'),
(3086, 388, 'WARD NO-03'),
(3087, 378, 'KURSHA'),
(3088, 360, 'DORA'),
(3089, 448, 'WARD NO-02'),
(3090, 405, 'SHIBPUR'),
(3091, 280, 'CHATUL'),
(3092, 453, 'GAZARIA'),
(3093, 410, 'BAULAI'),
(3094, 284, 'MAJHARDIA'),
(3095, 328, 'WARD NO-01'),
(3096, 279, 'KAOLIBERA'),
(3097, 426, 'KAMARGAON'),
(3098, 264, 'SULTANGANJ'),
(3099, 258, 'WARD NO-04'),
(3100, 258, 'WARD NO-14 (PART)'),
(3101, 258, 'WARD NO-16(PART)'),
(3102, 258, 'WARD NO-15 (PART)'),
(3103, 261, 'WARD NO -22 (PART)'),
(3104, 261, 'WARD NO-23'),
(3105, 261, 'WARD NO-24'),
(3106, 261, 'WARD NO-25 (PART)'),
(3107, 261, 'WARD NO-26'),
(3108, 268, 'WARD NO-02 (PART)'),
(3109, 268, 'WARD NO-03 (PART)'),
(3110, 268, 'WARD NO-05(PART)'),
(3111, 268, 'WARD NO-15 (PART)'),
(3112, 268, 'WARD NO-06 (PART)'),
(3113, 272, 'WARD NO-83'),
(3114, 272, 'WARD NO-87'),
(3115, 272, 'WARD NO-88'),
(3116, 272, 'WARD NO-89'),
(3117, 272, 'WARD NO-90'),
(3118, 272, 'SHYAMPUR U/C(PART)'),
(3119, 545, 'HOLOKHANA'),
(3120, 376, 'PANTI'),
(3121, 341, 'CHILA'),
(3122, 556, 'JHUNAGACHH CHAPANI'),
(3123, 394, 'BURI GOALINI'),
(3124, 341, 'SUNDARBAN'),
(3125, 344, 'ROYENDA'),
(3126, 393, 'BAIKARI'),
(3127, 391, 'JOYNAGAR'),
(3128, 389, 'PRATAP NAGAR'),
(3129, 389, 'KHAJRA'),
(3130, 336, 'KHANPUR'),
(3131, 366, 'SARAPPUR'),
(3132, 380, 'NAHATA'),
(3133, 563, 'JHALAISHALSIRI'),
(3134, 380, 'PALASHBARIA'),
(3135, 480, 'BHALAIN'),
(3136, 397, 'DANGDHARA'),
(3137, 297, 'SAHEBRAMPUR'),
(3138, 402, 'AONA'),
(3139, 399, 'WARD NO-02'),
(3140, 424, 'AKUA'),
(3141, 425, 'RAJGATI'),
(3142, 240, 'JAHAPUR'),
(3143, 299, 'ISIBPUR'),
(3144, 439, 'TALKI'),
(3145, 425, 'KHARUA'),
(3146, 439, 'NAKLA'),
(3147, 422, 'RAJIBPUR'),
(3148, 422, 'UCHAKHILA'),
(3149, 298, 'KHOAJPUR'),
(3150, 116, 'UTTAR DIGHALDI'),
(3151, 112, 'DHULKHOLA'),
(3152, 104, 'SARISHAMURI'),
(3153, 502, 'RANINAGAR'),
(3154, 501, 'DHOPADAHA'),
(3155, 520, 'BARUHAS'),
(3156, 554, 'WARD NO-03'),
(3157, 501, 'KARANJA'),
(3158, 501, 'NAGDEMRA'),
(3159, 510, 'HARAGRAM'),
(3160, 572, 'BARA ALAMPUR'),
(3161, 507, 'KISMAT GANKAIR'),
(3162, 483, 'BHABICHA'),
(3163, 477, 'SAHAGOLA'),
(3164, 207, 'BHASANYA ADAM'),
(3165, 207, 'BAGHACHATAR'),
(3166, 482, 'WARD NO-01'),
(3167, 482, 'WARD NO-02'),
(3168, 492, 'BRAHMAPUR'),
(3169, 483, 'PARAIL'),
(3170, 460, 'MALANCHA'),
(3171, 460, 'JAMGAON'),
(3172, 464, 'MIRZAPUR'),
(3173, 298, 'KUNIA'),
(3174, 300, 'KUTUBPUR'),
(3175, 360, 'KUSHNA'),
(3176, 129, 'ANGARIA'),
(3177, 456, 'WARD NO-02'),
(3178, 162, 'WARD NO-22'),
(3179, 427, 'HARIRAMPUR'),
(3180, 427, 'SAKHUA'),
(3181, 616, 'KAJALSHAR'),
(3182, 383, 'KATHULI'),
(3183, 441, 'WARD NO-02'),
(3184, 441, 'WARD NO-03'),
(3185, 441, 'CHAR SHERPUR'),
(3186, 229, 'MALAPARA'),
(3187, 301, 'BACHAMARA'),
(3188, 301, 'JIYANPUR'),
(3189, 302, 'BALIAKHORA'),
(3190, 303, 'AZIMNAGAR'),
(3191, 305, 'BALIATI'),
(3192, 297, 'RAMJANPUR'),
(3193, 297, 'DASAR'),
(3194, 399, 'WARD NO-03'),
(3195, 448, 'ALAMNAGAR'),
(3196, 306, 'MOHADEBPUR'),
(3197, 176, 'SABRANG'),
(3198, 299, 'BADAR PASHA'),
(3199, 175, 'GARJANIA'),
(3200, 365, 'SENHATI'),
(3201, 500, 'GAYESHPUR'),
(3202, 497, 'HARIPUR'),
(3203, 500, 'ATAIKOLA'),
(3204, 567, 'DAMODARPUR'),
(3205, 354, 'SAGARDARI'),
(3206, 372, 'AJUGARA'),
(3207, 460, 'NARAHATTA'),
(3208, 459, 'DURGAHATA'),
(3209, 455, 'CHHATIANGRAM'),
(3210, 459, 'KAGAIL'),
(3211, 474, 'ZINDARPUR'),
(3212, 473, 'BAMBU'),
(3213, 474, 'UDAYPUR'),
(3214, 457, 'ELANGI'),
(3215, 473, 'DOGACHHI'),
(3216, 322, 'MEHER PARA'),
(3217, 325, 'BAGHABA'),
(3218, 386, 'MAULI'),
(3219, 383, 'GANGNI'),
(3220, 386, 'KALABARIA'),
(3221, 347, 'KAPASADANGA'),
(3222, 508, 'MATIKATA'),
(3223, 384, 'AMJHUPI'),
(3224, 525, 'NAFANAGAR'),
(3225, 516, 'CHALITADANGA'),
(3226, 614, 'KANAIGHAT'),
(3227, 614, 'PASCHIM LAKSHMIP RASAD'),
(3228, 614, 'PASCHIM DIGHIRPAR'),
(3229, 614, 'PURBA LAKSHMI PRASAD'),
(3230, 500, 'DOGACHHI'),
(3231, 500, 'HEMAYETPUR'),
(3232, 500, 'MALANCHI'),
(3233, 500, 'MALIGACHHA'),
(3234, 500, 'SADULLAHPUR'),
(3235, 501, 'ATAIKOLA'),
(3236, 501, 'BHULBARIA'),
(3237, 605, 'PURBA PAILANPUR'),
(3238, 605, 'PURBA GAURIPUR'),
(3239, 605, 'SADIPUR'),
(3240, 605, 'TAJPUR'),
(3241, 520, 'SAGUNA'),
(3242, 520, 'TALAM'),
(3243, 520, 'TARASH'),
(3244, 575, 'BARABARI'),
(3245, 575, 'BHANOR'),
(3246, 575, 'CHAROL'),
(3247, 575, 'PARIA'),
(3248, 576, 'AMGAON'),
(3249, 576, 'BAKUA'),
(3250, 576, 'DANGI PARA'),
(3251, 576, 'GEDURA'),
(3252, 576, 'HARIPUR'),
(3253, 577, 'WARD NO-01'),
(3254, 577, 'WARD NO-02'),
(3255, 577, 'WARD NO-03'),
(3256, 560, 'ITAKHOLA'),
(3257, 560, 'KHOKSHABARI'),
(3258, 560, 'KUNDA PUKUR'),
(3259, 560, 'LAKSHMI CHAP'),
(3260, 560, 'PANCH PUKUR'),
(3261, 560, 'PALASHBARI'),
(3262, 560, 'RAMNAGAR'),
(3263, 560, 'SANGALSHI'),
(3264, 560, 'SONAROY'),
(3265, 516, 'GANDAIL'),
(3266, 516, 'KAZIPUR'),
(3267, 516, 'KHAS RAJBARI'),
(3268, 516, 'MAIJBARI'),
(3269, 516, 'NISHCHINTAPUR'),
(3270, 516, 'SONAMUKHI'),
(3271, 516, 'TEKANI'),
(3272, 616, 'BARAHAL'),
(3273, 616, 'BARA THAKURI'),
(3274, 616, 'BIRASREE'),
(3275, 616, 'KHAS KANAKPUR'),
(3276, 616, 'KHOLACHHARA'),
(3277, 616, 'MANIKPUR'),
(3278, 616, 'SULTANPUR'),
(3279, 616, 'ZAKIGANJ'),
(3280, 280, 'BOALMARI'),
(3281, 267, 'BARRAH'),
(3282, 426, 'KAKNI'),
(3283, 426, 'RAMBHADRAPUR'),
(3284, 263, 'WARD NO-29 (PART)'),
(3285, 416, 'MALLIKBARI'),
(3286, 421, 'BILDORA'),
(3287, 418, 'KUSHMAIL'),
(3288, 421, 'NARAIL'),
(3289, 424, 'SIRTA'),
(3290, 399, 'TITPALLA'),
(3291, 418, 'NAOGAON'),
(3292, 405, 'WARD NO-05'),
(3293, 405, 'WARD NO-04'),
(3294, 413, 'JARAITALA'),
(3295, 596, 'JAWAR BAZAR'),
(3296, 596, 'KALARUKA'),
(3297, 596, 'NOARAI'),
(3298, 614, 'PURBA DIGHIRPAR'),
(3299, 614, 'RAJAGANJ'),
(3300, 593, 'FATEHPUR'),
(3301, 593, 'KAMAR CHAK'),
(3302, 593, 'MANSURNAGAR'),
(3303, 593, 'MUNSHI BAZAR'),
(3304, 593, 'PANCHGAON'),
(3305, 593, 'TENGRA'),
(3306, 593, 'UTTARBHAG'),
(3307, 596, 'BHATGAON'),
(3308, 596, 'CHHATAK'),
(3309, 577, 'BAIRCHUNA'),
(3310, 577, 'BHOMRADAHA'),
(3311, 577, 'DAULATPUR'),
(3312, 577, 'HAJIPUR'),
(3313, 577, 'JABARHAT'),
(3314, 577, 'KHANGAON'),
(3315, 577, 'KUSHA RANIGANJ'),
(3316, 577, 'PIRGANJ'),
(3317, 577, 'SAIDPUR'),
(3318, 577, 'SENGAON'),
(3319, 585, 'BAMAI'),
(3320, 585, 'BULLA'),
(3321, 585, 'KARAB'),
(3322, 585, 'LAKHAI'),
(3323, 585, 'MURIAUK'),
(3324, 586, 'ADAIR'),
(3325, 586, 'BAHARA'),
(3326, 586, 'CHOWMOHANI'),
(3327, 586, 'DHARMAGHAR'),
(3328, 586, 'JAGADISHPUR'),
(3329, 586, 'MADHABPUR'),
(3330, 586, 'SHAHJAHANPUR'),
(3331, 588, 'BARLEKHA'),
(3332, 588, 'BARNI'),
(3333, 588, 'DAKSHIN SHAHABAJPUR'),
(3334, 588, 'DAKSHIN DAKSHINBHAGH'),
(3335, 596, 'SAIDERGAON'),
(3336, 596, 'SAILA AFZALABAD'),
(3337, 596, 'SING CHAPAIR'),
(3338, 596, 'UTTAR KHURMA'),
(3339, 597, 'BHATI PARA'),
(3340, 597, 'CHARNAR CHAR'),
(3341, 597, 'DERAI SARMANGAL'),
(3342, 597, 'JAGADDAL'),
(3343, 597, 'KARIMPUR'),
(3344, 597, 'KULANJ'),
(3345, 597, 'RAFINAGAR'),
(3346, 597, 'RAJANAGAR'),
(3347, 597, 'TARAL'),
(3348, 338, 'LAKHPUR'),
(3349, 363, 'SURKHALI'),
(3350, 391, 'CHANDANPUR'),
(3351, 392, 'KUSHLIA'),
(3352, 392, 'BISHNUPUR'),
(3353, 575, 'BARA PALASHBARI'),
(3354, 562, 'MIRZAPUR'),
(3355, 527, 'KAMALPUR'),
(3356, 576, 'BHATURIA'),
(3357, 130, 'GOLKHALI'),
(3358, 130, 'CHAR KAJAL'),
(3359, 127, 'SURJYAMANI'),
(3360, 526, 'PUNATTI'),
(3361, 295, 'KHANDARPAR'),
(3362, 528, 'PALSA'),
(3363, 297, 'KALKINI'),
(3364, 522, 'BIRAMPUR'),
(3365, 529, 'BOALDAR'),
(3366, 533, 'BELAICHANDI'),
(3367, 134, 'IKRI'),
(3368, 153, 'WARD NO-30'),
(3369, 255, 'SATARKUL'),
(3370, 249, 'WARD NO-01 (PART)'),
(3371, 153, 'WARD NO-31'),
(3372, 162, 'WARD NO-36'),
(3373, 248, 'WARD NO-21 (PART)'),
(3374, 454, 'MAGRA'),
(3375, 554, 'PANCHAGRAM'),
(3376, 555, 'DAHAGRAM'),
(3377, 294, 'AMTALI'),
(3378, 422, 'SARISHA'),
(3379, 278, 'GOPALPUR'),
(3380, 329, 'BARAT'),
(3381, 426, 'RAMPUR'),
(3382, 329, 'PANCHURIA'),
(3383, 416, 'UTHURA'),
(3384, 443, 'FULKI'),
(3385, 424, 'CHAR ISHWARDIA'),
(3386, 443, 'BASAIL'),
(3387, 329, 'CHANDANI'),
(3388, 443, 'HABLA'),
(3389, 424, 'PARANGANJ'),
(3390, 449, 'SAHADEBPUR'),
(3391, 328, 'KALIMAHAR'),
(3392, 445, 'DELDUAR'),
(3393, 454, 'PORABARI'),
(3394, 451, 'ANAITARA'),
(3395, 454, 'GHARINDA'),
(3396, 328, 'BAHADURPUR'),
(3397, 454, 'BAGHIL'),
(3398, 523, 'PALTAPUR'),
(3399, 561, 'KUSHIRAM BELPUKUR'),
(3400, 547, 'GHARIALDANGA'),
(3401, 487, 'GOALA'),
(3402, 541, 'TARAPUR'),
(3403, 487, 'PATHARI'),
(3404, 415, 'DAMIHA'),
(3405, 560, 'GORGRAM'),
(3406, 555, 'BAURA'),
(3407, 554, 'HARATI'),
(3408, 558, 'SAULMARI'),
(3409, 547, 'OMAR MAJID'),
(3410, 557, 'SONAROY'),
(3411, 558, 'KHUTAMARA'),
(3412, 573, 'UTTAM'),
(3413, 354, 'MANGALKOT'),
(3414, 345, 'BARADI'),
(3415, 579, 'AULIAPUR'),
(3416, 394, 'RAMJAN NAGAR'),
(3417, 182, 'MIRZANAGAR'),
(3418, 234, 'UTTAR JAGATPUR'),
(3419, 454, 'GALA'),
(3420, 234, 'PURBA PANCHGACHHIA'),
(3421, 345, 'BHANGABARIA'),
(3422, 473, 'MOHAMMADABAD'),
(3423, 475, 'BARAIL'),
(3424, 472, 'SONAMUKHI'),
(3425, 572, 'CHATRA'),
(3426, 101, 'AMTALI'),
(3427, 491, 'WALIA'),
(3428, 491, 'CHANGDHUPAIL'),
(3429, 116, 'DAKSHIN DIGHALDI'),
(3430, 567, 'RADHANAGAR'),
(3431, 495, 'WARD NO-02'),
(3432, 116, 'GAZIPUR'),
(3433, 245, 'CHAR BEDAMA'),
(3434, 502, 'NAZIRGANJ'),
(3435, 346, 'KUTUBPUR'),
(3436, 347, 'JURANPUR'),
(3437, 347, 'WARD NO-02'),
(3438, 491, 'ARBAB'),
(3439, 537, 'SAPMARA'),
(3440, 565, 'CHAKLARHAT'),
(3441, 565, 'DHAKKAMARA'),
(3442, 537, 'DARBASTA'),
(3443, 537, 'RAKHAL BURUZ'),
(3444, 565, 'GARINABARI'),
(3445, 537, 'MAHIMAGANJ'),
(3446, 456, 'ERULIA'),
(3447, 506, 'NIMPARA'),
(3448, 495, 'MASUNDIA'),
(3449, 508, 'MOHANPUR'),
(3450, 503, 'BAJUBAGHA'),
(3451, 503, 'GARGARI'),
(3452, 503, 'MANIGRAM'),
(3453, 248, 'BERAID'),
(3454, 248, 'DAKSHINKHAN (PART)'),
(3455, 248, 'DHAKA C.C/ WORD NO-17 (PART)'),
(3456, 248, 'BHATARA (PART)'),
(3457, 264, 'WARD NO-21(PART)'),
(3458, 345, 'WARD NO-02'),
(3459, 394, 'NURNAGAR'),
(3460, 377, 'ALAMPUR'),
(3461, 579, 'JAGANNATHPUR'),
(3462, 395, 'JALALPUR'),
(3463, 395, 'KUMIRA'),
(3464, 395, 'ISLAMKATI'),
(3465, 354, 'GAURIGHONA'),
(3466, 390, 'NOAPARA'),
(3467, 426, 'TARAKANDA'),
(3468, 527, 'WARD NO-03'),
(3469, 369, 'KOYRA'),
(3470, 379, 'WARD NO-03'),
(3471, 213, 'Uttar Bancharampur'),
(3472, 213, 'Rupshadi (West)'),
(3473, 213, 'Darikandi'),
(3474, 213, 'Paschim Saifullakandi'),
(3475, 213, 'Dakshin Bancharampur'),
(3476, 213, 'Manikpur'),
(3477, 337, 'Char Baniari'),
(3478, 337, 'Borobaria'),
(3479, 337, 'Chitalmari'),
(3480, 337, 'Hijla'),
(3481, 337, 'Sontoshpur'),
(3482, 337, 'Kolatala'),
(3483, 337, 'Shibpur'),
(3484, 342, 'Hogla Pasha'),
(3485, 342, 'Ramchandrapur'),
(3486, 342, 'Potikhali'),
(3487, 342, 'Ponchokoron'),
(3488, 342, 'Nishanbaria'),
(3489, 342, 'Morrelganj'),
(3490, 342, 'Jiudhora'),
(3491, 342, 'Telgiti'),
(3492, 342, 'Hogolbunia'),
(3493, 342, 'Debunjahati'),
(3494, 342, 'Chingrakhali'),
(3495, 342, 'Baharbunia'),
(3496, 342, 'Baraikhali'),
(3497, 342, 'Bongram'),
(3498, 342, 'Bolybunia'),
(3499, 342, 'Khaolia'),
(3500, 144, 'Boishori'),
(3501, 144, 'Ghandug'),
(3502, 144, 'Dochri'),
(3503, 144, 'Naikhyongchari'),
(3504, 145, 'Rowangchari'),
(3505, 145, 'Tarachha'),
(3506, 145, 'Baishori'),
(3507, 145, 'Alekhang'),
(3508, 145, 'Nowa Patang'),
(3509, 108, 'Faridpur'),
(3510, 108, 'Padrishibpur'),
(3511, 108, 'Niamati'),
(3512, 108, 'Nolua'),
(3513, 108, 'Kalashkathi'),
(3514, 108, 'Gaturia'),
(3515, 108, 'Rangasree'),
(3516, 108, 'Durgapasa'),
(3517, 108, 'Dudhla'),
(3518, 108, 'Darial'),
(3519, 108, 'Charamoddi'),
(3520, 108, 'Charadi'),
(3521, 108, 'Vorpasa'),
(3522, 108, 'Kobai'),
(3523, 109, 'Iluhar'),
(3524, 109, 'Syedkathi'),
(3525, 109, 'Udaykati'),
(3526, 109, 'Saliabakpur'),
(3527, 109, 'Chakhar'),
(3528, 109, 'Bisharkandi'),
(3529, 109, 'Banaripara'),
(3530, 109, 'Baisari'),
(3531, 110, 'Shayestabad'),
(3532, 110, 'Chandpura'),
(3533, 110, 'Roypasha Karapur'),
(3534, 110, 'Tungibaria'),
(3535, 110, 'Kashipur'),
(3536, 110, 'Jagua'),
(3537, 110, 'Char Monai'),
(3538, 110, 'Charkawa'),
(3539, 110, 'Char Baria'),
(3540, 110, 'Chondromohon'),
(3541, 111, 'Batajore'),
(3542, 111, 'Mahilara'),
(3543, 111, 'Khajapur'),
(3544, 111, 'Chandshi'),
(3545, 111, 'Nalchira'),
(3546, 111, 'Sharikal'),
(3547, 111, 'Barthi'),
(3548, 117, 'Hasan Nagar'),
(3549, 117, 'Tobgi'),
(3550, 117, 'Sachra'),
(3551, 117, 'Pakkhia'),
(3552, 117, 'Boromanika'),
(3553, 117, 'Kachia'),
(3554, 117, 'Gongapur'),
(3555, 117, 'Deula'),
(3556, 117, 'Kotuba'),
(3557, 118, 'Kukri mukri'),
(3558, 118, 'Nilkamal'),
(3559, 118, 'Jahanpur'),
(3560, 118, 'Ewajpur'),
(3561, 118, 'Osmanganj'),
(3562, 118, 'Rasulpur'),
(3563, 118, 'Aminabad'),
(3564, 118, 'Hagirgong'),
(3565, 118, 'Nurabad'),
(3566, 118, 'Charmanika'),
(3567, 118, 'Charmadras'),
(3568, 118, 'Char Kolma'),
(3569, 118, 'Aslampur'),
(3570, 118, 'Jinnaghar'),
(3571, 121, 'Hajirhat'),
(3572, 121, 'Manpura'),
(3573, 121, 'Sakuchia'),
(3574, 121, 'Sakuchia (South)'),
(3575, 122, 'Boro Mangalchara'),
(3576, 122, 'Shambhupur'),
(3577, 122, 'Sonapur'),
(3578, 122, 'Chachra'),
(3579, 122, 'Chandpur'),
(3580, 212, 'Dakshin Araisindha'),
(3581, 212, 'Ashuganj'),
(3582, 212, 'Char Chartala'),
(3583, 212, 'Lalpur'),
(3584, 212, 'Paschim Talsohor'),
(3585, 212, 'Purba Sharifpur'),
(3586, 212, 'Durgapur'),
(3587, 214, 'Machihata'),
(3588, 214, 'Sultanpur'),
(3589, 214, 'Champaknagar'),
(3590, 214, 'Biswapur'),
(3591, 214, 'Budhul'),
(3592, 214, 'Uttar Natay'),
(3593, 214, 'Uttar Ichapur'),
(3594, 214, 'Singrabil (South)'),
(3595, 214, 'Sadekpur'),
(3596, 214, 'Budhoni'),
(3597, 214, 'Chanduar'),
(3598, 214, 'Char Islampur'),
(3599, 214, 'Paharpur'),
(3600, 214, 'Dakshin Shuhilpur'),
(3601, 214, 'Harashpur'),
(3602, 214, 'Mojlishpur'),
(3603, 214, 'Bashudeb'),
(3604, 214, 'Pattan'),
(3605, 214, 'Purba Talsahar'),
(3606, 214, 'Ramrail'),
(3607, 214, 'Dakshin Natai'),
(3608, 221, 'Gazipur'),
(3609, 221, 'Dakshin Algi Durgapur'),
(3610, 221, 'Nilkamal'),
(3611, 221, 'Char Bhairabi'),
(3612, 221, 'Uttar Algi Durgapur'),
(3613, 221, 'Haimchar'),
(3614, 222, 'Dakshin Kalocho'),
(3615, 222, 'Bakila'),
(3616, 222, 'Rajargao(north)'),
(3617, 222, 'Hatila (West)'),
(3618, 222, 'Kalacho (North)'),
(3619, 222, 'Haziganj'),
(3620, 222, 'Gondobpur(south)'),
(3621, 222, 'Uttar Gondobpur'),
(3622, 222, 'Borokul (West)'),
(3623, 222, 'Borokul (East)'),
(3624, 222, 'Hatila Purba'),
(3625, 224, 'Uttar Upadi'),
(3626, 224, 'Nayergaon (South)'),
(3627, 224, 'Dakshin Upadi'),
(3628, 224, 'Uttar Nayergaon'),
(3629, 224, 'Narayanpur'),
(3630, 224, 'Khadergaon'),
(3631, 225, 'Jahirabad'),
(3632, 225, 'Mohanpur'),
(3633, 225, 'Paschim Fatehpur'),
(3634, 225, 'Sultanabad'),
(3635, 225, 'Sadullapur'),
(3636, 225, 'Kalakanda'),
(3637, 225, 'Eklashpur'),
(3638, 225, 'Farajikandi'),
(3639, 225, 'Purba Fatehpur'),
(3640, 225, 'Durgapur'),
(3641, 225, 'Baganbari'),
(3642, 225, 'Shatnal'),
(3643, 225, 'Islamabad'),
(3644, 467, 'Jambaria'),
(3645, 467, 'Bholahat'),
(3646, 467, 'Daldali'),
(3647, 467, 'Gohalbari'),
(3648, 468, 'Moharajpur'),
(3649, 468, 'Sundarpur'),
(3650, 468, 'Shahjahanpur'),
(3651, 468, 'Naraionpur'),
(3652, 468, 'Baroghoria'),
(3653, 468, 'Jhilom'),
(3654, 468, 'Ranihati'),
(3655, 468, 'Baliadanga'),
(3656, 468, 'Gobortola'),
(3657, 468, 'Debinagar'),
(3658, 468, 'Char Anudhnagar'),
(3659, 468, 'Char Bagdanga'),
(3660, 468, 'Alatuli'),
(3661, 469, 'Rohanpur'),
(3662, 469, 'Radhanogor'),
(3663, 469, 'Alinagar'),
(3664, 469, 'Boalia'),
(3665, 469, 'Bongabari'),
(3666, 469, 'Chowdala'),
(3667, 469, 'Parbotipur'),
(3668, 469, 'Gomostapur'),
(3669, 470, 'Fatehpur'),
(3670, 470, 'Nizampur'),
(3671, 470, 'Nachol'),
(3672, 470, 'Kosba'),
(3673, 471, 'Kansat'),
(3674, 471, 'Ujirpur'),
(3675, 471, 'Dhainagar'),
(3676, 471, 'Binodpur'),
(3677, 471, 'Charkirti'),
(3678, 471, 'Daipukuria'),
(3679, 471, 'Ghorparia'),
(3680, 471, 'Mobarakpur'),
(3681, 471, 'Shampur'),
(3682, 471, 'Noyalabhanga'),
(3683, 471, 'Paka'),
(3684, 471, 'Chotrajitpur'),
(3685, 471, 'Sahabagpur'),
(3686, 471, 'Manakosa'),
(3687, 471, 'Durlovpur'),
(3688, 514, 'Umarpur'),
(3689, 514, 'Baghitia'),
(3690, 514, 'Khaskaulia'),
(3691, 514, 'Sadia Chandpur'),
(3692, 514, 'Gharjan'),
(3693, 514, 'Khaspukuria'),
(3694, 514, 'Sthal'),
(3695, 515, 'Vodraghat'),
(3696, 515, 'Jamtail'),
(3697, 515, 'Jhaoil'),
(3698, 515, 'Raidaulatpur'),
(3708, 517, 'Dhubil'),
(3709, 517, 'Brikhyagachha'),
(3710, 517, 'Sonakhara'),
(3711, 517, 'Pangasi'),
(3712, 517, 'Ghurka'),
(3713, 517, 'Dhangara'),
(3714, 517, 'Dhamainagar'),
(3715, 517, 'Chandaikona'),
(3716, 517, 'Nolka'),
(3717, 518, 'Beltail'),
(3718, 518, 'Norina'),
(3719, 518, 'Sonatala'),
(3720, 518, 'Habibullahnagar'),
(3721, 518, 'Rupbati'),
(3722, 518, 'Potajia'),
(3723, 518, 'Porjona'),
(3724, 518, 'Khukuni'),
(3725, 518, 'Kayempur'),
(3726, 518, 'Koijuri'),
(3727, 518, 'Jalalpur'),
(3728, 518, 'Gala'),
(3729, 518, 'Garadaha'),
(3730, 519, 'Kaoaakola'),
(3731, 519, 'Shialcoat'),
(3732, 519, 'Saidabad'),
(3733, 519, 'Ratankandi'),
(3734, 519, 'Chanagachha'),
(3735, 519, 'Kaliaharipur'),
(3736, 519, 'Bahula'),
(3737, 519, 'Baghbati'),
(3738, 519, 'Meshra'),
(3739, 519, 'Khoksabari'),
(3754, 521, 'Borohor'),
(3755, 521, 'Purnimaganti'),
(3756, 521, 'Solop'),
(3757, 521, 'Salonga'),
(3758, 521, 'Udhunia'),
(3759, 521, 'Ramkrishnapur'),
(3760, 521, 'Panchakroshi'),
(3761, 521, 'Mohonpur'),
(3762, 521, 'Hatikumrul'),
(3763, 521, 'Bara Pangashi'),
(3764, 521, 'Bangala'),
(3765, 521, 'Ullapara'),
(3766, 521, 'Durganagar'),
(3767, 524, 'Dhormopur'),
(3768, 524, 'Ajimpur'),
(3769, 524, 'Sohorgram'),
(3770, 524, 'Rani Pukur'),
(3771, 524, 'Farakkabad'),
(3772, 524, 'Dhamoir'),
(3773, 524, 'Bijor'),
(3774, 524, 'Birol'),
(3775, 524, 'Vandari'),
(3776, 524, 'Mangalpur'),
(3777, 530, 'Torgaon'),
(3778, 530, 'Sundarpur'),
(3779, 530, 'Dabar'),
(3780, 530, 'Mukundopur'),
(3781, 530, 'Rasulpur'),
(3782, 530, 'Ramchandrapur'),
(3783, 532, 'Daudpur'),
(3784, 532, 'Salkhuria'),
(3785, 532, 'Putimara'),
(3786, 532, 'Mohammadpur'),
(3787, 532, 'Kushdaha'),
(3788, 532, 'Bhaduria'),
(3789, 532, 'Golapganj'),
(3790, 532, 'Binodnagar'),
(3791, 532, 'Joypur'),
(3792, 534, 'Khayerbari'),
(3793, 534, 'Shinnagar'),
(3794, 534, 'Kazihal'),
(3795, 534, 'Eluary'),
(3796, 534, 'Daulatpur'),
(3797, 534, 'Betdighi'),
(3798, 534, 'Aladipur'),
(3799, 446, 'Dhanbari'),
(3800, 446, 'Birtara'),
(3801, 446, 'Bolivadra'),
(3802, 446, 'Poisoka'),
(3803, 446, 'Baniajan'),
(3804, 446, 'Musshuddi'),
(3805, 446, 'Dhopakhali'),
(3806, 504, 'Jogipara'),
(3807, 504, 'Aouchpara'),
(3808, 504, 'Sreepur'),
(3809, 504, 'Subhadanga'),
(3810, 504, 'Shonadanga'),
(3811, 504, 'Nardas'),
(3812, 504, 'Maria'),
(3813, 504, 'Kachari kayaalipara'),
(3814, 504, 'Hamirkutsha'),
(3815, 504, 'Gonipur'),
(3816, 504, 'Gobindapara'),
(3817, 504, 'Goalkanda'),
(3818, 504, 'Dwippur'),
(3819, 504, 'Bara  Bihanali'),
(3820, 504, 'Basu Para'),
(3821, 509, 'Basshimoil'),
(3822, 509, 'Dhurail'),
(3823, 509, 'Ghaligram'),
(3824, 509, 'Jahanabad'),
(3825, 509, 'Maugachhi'),
(3826, 509, 'Raighati'),
(3827, 504, 'Jhikra'),
(3828, 570, 'Vangi'),
(3829, 570, 'Chengmari'),
(3830, 570, 'Durgapur'),
(3831, 570, 'Emadpur'),
(3832, 570, 'Gopalpur'),
(3833, 570, 'Bolarhat'),
(3834, 570, 'Khoragach'),
(3835, 570, 'Baluamashimpur'),
(3836, 570, 'Latifpur'),
(3837, 570, 'Milanpur'),
(3838, 570, 'Mirzapur'),
(3839, 570, 'Moyenpur'),
(3840, 570, 'Payrabandha'),
(3841, 570, 'Kafrikhal'),
(3842, 570, 'Borobala'),
(3843, 570, 'Ranipukur'),
(3844, 570, 'Bara Hazratpur'),
(3845, 571, 'Tambulpur'),
(3846, 571, 'Onnodanagar'),
(3847, 571, 'Chaula'),
(3848, 571, 'Etakumari'),
(3849, 571, 'Koykuri'),
(3850, 571, 'Kallyani'),
(3851, 571, 'Kandi'),
(3852, 571, 'Parul'),
(3853, 571, 'Pirgachha'),
(3854, 574, 'Alampur'),
(3855, 574, 'Kursha'),
(3856, 574, 'Ekarchali'),
(3857, 574, 'Sawar'),
(3858, 574, 'Hariarkuti'),
(3859, 288, 'Kaliganj'),
(3860, 288, 'Tumulia'),
(3861, 288, 'Nagori'),
(3862, 288, 'Moktarpur'),
(3863, 288, 'Jamalpur'),
(3864, 288, 'Jangolia'),
(3865, 288, 'Bahadursadi'),
(3866, 288, 'Boktarpur'),
(3867, 290, 'Gazipur'),
(3868, 290, 'Rajabari'),
(3869, 290, 'Telihati'),
(3870, 290, 'Prahaladpur'),
(3871, 290, 'Maona'),
(3872, 290, 'Goshinga'),
(3873, 290, 'Baromi'),
(3874, 290, 'Kaoried'),
(3875, 173, 'Hoanok'),
(3876, 173, 'Choto Moheshkhali'),
(3877, 173, 'Shaplapur'),
(3878, 173, 'Matarbari'),
(3879, 173, 'Kalarmarchara'),
(3880, 173, 'Dhalghata'),
(3881, 173, 'Bara Moheshkhali'),
(3882, 173, 'Kutubjom'),
(3883, 177, 'Rajapalong'),
(3884, 177, 'Joliapalon'),
(3885, 177, 'Holdiapalink'),
(3886, 177, 'Palong Khali'),
(3887, 177, 'Ratna palong'),
(3888, 179, 'Joyloskor'),
(3889, 179, 'Yeakubpur'),
(3890, 179, 'Sindurpur'),
(3891, 179, 'Ramnagar'),
(3892, 179, 'Razapur'),
(3893, 179, 'Matubhuian'),
(3894, 179, 'Dagonbhuiyan'),
(3895, 179, 'Purba Chandrapur'),
(3896, 181, 'Munshirhat'),
(3897, 181, 'Amjadhat'),
(3898, 181, 'Darbarpur'),
(3899, 181, 'Anandapur'),
(3900, 181, 'Fulgazi'),
(3901, 181, 'G. M Hat'),
(3902, 183, 'Char Chandia'),
(3903, 183, 'Sonagazi'),
(3904, 183, 'Motiganj'),
(3905, 183, 'Mangalkandi'),
(3906, 183, 'Char Darbesh'),
(3907, 183, 'Bagadana'),
(3908, 183, 'Amirabad'),
(3909, 183, 'Charmajlishpur'),
(3910, 183, 'Nawabpur'),
(3911, 321, 'Char Mandalia'),
(3912, 321, 'Lebutala'),
(3913, 321, 'Khidirpur'),
(3914, 321, 'Kachikata'),
(3915, 321, 'Sukundi'),
(3916, 321, 'Gotashia'),
(3917, 321, 'Chandan Bari'),
(3918, 321, 'Chalak Char'),
(3919, 321, 'Borochapa'),
(3920, 321, 'Ekduaria'),
(3921, 321, 'Daulatpur'),
(3922, 323, 'Jinardi'),
(3923, 323, 'Gazaria'),
(3924, 323, 'Danga'),
(3925, 323, 'Cahr sindur'),
(3926, 324, 'Mirjanagar'),
(3927, 324, 'Daukarchar'),
(3928, 324, 'Sreenagar'),
(3929, 324, 'Raipura'),
(3930, 324, 'Radhanagar'),
(3931, 324, 'Paratali'),
(3932, 324, 'Palashtali'),
(3933, 324, 'Nillokkha'),
(3934, 324, 'Musapur'),
(3935, 324, 'Mirjarchar'),
(3936, 324, 'Mirzapur'),
(3937, 324, 'Uttarbakharnagar'),
(3938, 324, 'Chanpur'),
(3939, 324, 'Marjal'),
(3940, 324, 'Alipura'),
(3941, 324, 'Amirganj'),
(3942, 324, 'Mohespur'),
(3943, 324, 'Chanderkandi'),
(3944, 324, 'Char Adalia'),
(3945, 324, 'Charmadhua'),
(3946, 324, 'Char Subuddi'),
(3947, 324, 'Hair Mara'),
(3948, 324, 'Adiabadh'),
(3949, 324, 'Banshgari'),
(3950, 387, 'Kotakul'),
(3951, 387, 'Noagram'),
(3952, 387, 'Naldi'),
(3953, 387, 'Mollikpur'),
(3954, 387, 'Lohagora'),
(3955, 387, 'Laharia'),
(3956, 387, 'Shalnagar'),
(3957, 387, 'Kazipur'),
(3958, 387, 'Joypur'),
(3959, 387, 'Etna'),
(3960, 387, 'Dighalia'),
(3961, 387, 'lakshipasha'),
(3962, 396, 'Sadhu Para'),
(3963, 396, 'Dhonua-kamalpur'),
(3964, 396, 'Merurcchar'),
(3965, 396, 'Battrajor'),
(3966, 396, 'Bakshiganj'),
(3967, 396, 'Bogarchar'),
(3968, 396, 'Nilokhiya'),
(3969, 400, 'Balijuri'),
(3970, 400, 'Sidhuli'),
(3971, 400, 'Koroichara'),
(3972, 400, 'Jorakhali'),
(3973, 400, 'Char Pakerdaha'),
(3974, 400, 'Adarabhata'),
(3975, 400, 'Gunirtola'),
(3976, 401, 'Fulkocha'),
(3977, 401, 'Nayanagar'),
(3978, 401, 'Nangla'),
(3979, 401, 'Mahmudpur'),
(3980, 401, 'Shampur'),
(3981, 401, 'Kulia'),
(3982, 401, 'Durmuthu'),
(3983, 401, 'Charbanipakuria'),
(3984, 401, 'Adra'),
(3985, 401, 'Ghosherpara'),
(3986, 401, 'Jhaugara'),
(3987, 607, 'Daulatpur'),
(3988, 607, 'Rampasha'),
(3989, 607, 'Lama Kazi'),
(3990, 607, 'Khajanshigaon'),
(3991, 607, 'Dewkolosh'),
(3992, 607, 'Bishwanath'),
(3993, 607, 'Alongkari'),
(3994, 607, 'Doshghor'),
(3995, 608, 'Islampur(Pashchim)'),
(3996, 608, 'Uttar Ranikhai'),
(3997, 608, 'Islampur (Purba)'),
(3998, 608, 'Telikhal'),
(3999, 608, 'Dakshin Ranikhai'),
(4000, 608, 'Isakolosh'),
(4001, 609, 'Silma'),
(4002, 609, 'Tetoli'),
(4003, 609, 'Lalbazar'),
(4004, 609, 'Daudpur'),
(4005, 609, 'Kochai'),
(4006, 609, 'Boroikandi'),
(4007, 609, 'Mogolgaon'),
(4008, 609, 'Jalalpur'),
(4009, 609, 'Moghulbazaar'),
(4010, 611, 'Golabganj'),
(4011, 611, 'Laksmi Pasha'),
(4012, 611, 'Lokshanabad'),
(4013, 611, 'Fulbari'),
(4014, 611, 'Sorifgonj'),
(4015, 611, 'Dhaka Dakshin'),
(4016, 611, 'Budhbari Bazar'),
(4017, 611, 'Bhadeshwar'),
(4018, 611, 'Bagha'),
(4019, 611, 'Uttar Bade Pasha'),
(4020, 611, 'Pashchim Amura'),
(4021, 613, 'Fatehpur'),
(4022, 613, 'Jaintiapur'),
(4023, 613, 'Nijpat'),
(4024, 613, 'Chiknagul'),
(4025, 613, 'Darabasta'),
(4026, 613, 'Chorikata'),
(4027, 615, 'Hatkhola'),
(4028, 615, 'Mogolgaon'),
(4029, 615, 'Kandigaon'),
(4030, 615, 'Jalalbad'),
(4031, 615, 'Khadim Para'),
(4032, 615, 'Tuker Bazar'),
(4033, 615, 'Tultikur'),
(4034, 615, 'KhadimNagar'),
(4035, 616, 'Kajolshar'),
(4036, 616, 'Khaskonokpur'),
(4037, 616, 'Jokiganj'),
(4038, 616, 'Kholchora'),
(4039, 616, 'Manikpur'),
(4040, 616, 'Sultanpur'),
(4041, 616, 'Borhal'),
(4042, 616, 'Borothakori'),
(4043, 616, 'Birasree'),
(4044, 595, 'Salukabad'),
(4045, 595, 'Dhonpur'),
(4046, 595, 'Badaghat(south)'),
(4047, 595, 'Polash'),
(4048, 595, 'Fatehpur'),
(4049, 598, 'Sukhor Rajapur(South)'),
(4050, 598, 'Chamardani'),
(4051, 598, 'Paikurati'),
(4052, 598, 'Madhyanagar'),
(4053, 598, 'Uttar Bonkshikunda'),
(4054, 598, 'Joysree'),
(4055, 598, 'Dhormapasha'),
(4056, 598, 'Sukhair Rajapur (Uttar) '),
(4057, 598, 'Shoilborosh'),
(4058, 598, 'Bongshikunda(South)'),
(4059, 599, 'Banglabazar'),
(4060, 599, 'Pandargao'),
(4061, 599, 'Mannargaon'),
(4062, 599, 'Lakshmipur'),
(4063, 599, 'Dohalia'),
(4064, 599, 'Doarbazar'),
(4065, 599, 'Narashingapur'),
(4066, 601, 'Jamalganj'),
(4067, 601, 'Beheli'),
(4068, 601, 'Vimkhali'),
(4069, 601, 'Fenarbak'),
(4070, 601, 'Sachnabazaar'),
(4071, 433, 'Nagar'),
(4072, 433, 'Mondipur'),
(4073, 433, 'Krishnapur'),
(4074, 433, 'Gazipur'),
(4075, 433, 'Khaliajuri'),
(4076, 433, 'Chakua'),
(4077, 436, 'Lakshmiganj'),
(4078, 436, 'Thakurkona'),
(4079, 436, 'Singher Bangla'),
(4080, 436, 'Roha'),
(4081, 436, 'Maugati'),
(4082, 436, 'Modonpur'),
(4083, 436, 'Gaboragati'),
(4084, 436, 'Kailati'),
(4085, 436, 'Dakkin Bisiura'),
(4086, 436, 'Chollicha'),
(4087, 436, 'Amtala'),
(4088, 436, 'Medni'),
(4089, 442, 'Singa Baruna'),
(4090, 442, 'Sreebordi'),
(4091, 442, 'Rani Shimul'),
(4092, 442, 'Kurikahania'),
(4093, 442, 'Kokilkura'),
(4094, 442, 'Gosairpur'),
(4095, 442, 'Bhelua'),
(4096, 442, 'Gorjarip'),
(4097, 442, 'Tatahat'),
(4098, 442, 'Khoriakajir Char'),
(4109, 123, 'Kirtipasha'),
(4110, 123, 'Ponabalia'),
(4111, 123, 'Binoykati'),
(4112, 123, 'Nobogram'),
(4113, 123, 'Shekherhat'),
(4114, 123, 'Keura'),
(4115, 123, 'Gabkhan Dhansiri'),
(4116, 123, 'Bashanda'),
(4117, 123, 'Gabha ramchandrapur'),
(4118, 123, 'Nathulla Bad'),
(4119, 124, 'Amua'),
(4120, 124, 'Arabunia'),
(4121, 124, 'Chenchri Rampur'),
(4122, 124, 'Kathalia'),
(4123, 124, 'Patikhalghata'),
(4124, 124, 'Shoiljaria'),
(4125, 135, 'Bali Para'),
(4126, 135, 'Parerhat'),
(4127, 135, 'Pattoshi'),
(4128, 136, 'Sialkathi'),
(4129, 136, 'Soyna Roghunantpur'),
(4130, 136, 'Kawkhali'),
(4131, 136, 'Chirapara-Parsaturia'),
(4132, 136, 'Amorjuri'),
(4133, 139, 'Baldia'),
(4134, 139, 'Suthia khati'),
(4135, 139, 'Shohagdal'),
(4136, 139, 'Sarengkati'),
(4137, 139, 'Somudoykhati'),
(4138, 139, 'Jolabari'),
(4139, 139, 'Guarekha'),
(4140, 139, 'Doihari'),
(4141, 139, 'Sorupkathi'),
(4142, 139, 'Atgharkuriana'),
(4143, 140, 'Towna'),
(4144, 140, 'Sikdar Mallik'),
(4145, 140, 'Sariktala-Dumaritala'),
(4146, 140, 'Shankarpasha'),
(4147, 140, 'Kalakhali'),
(4148, 140, 'Kodomtola'),
(4149, 140, 'Durgapur'),
(4150, 200, 'Char Amanullah'),
(4151, 200, 'Char  Bata '),
(4152, 200, 'Char Jabbar'),
(4153, 200, 'Char Wapda'),
(4154, 200, '(Purbo) Charbata?'),
(4155, 200, 'Char Clerk'),
(4156, 200, 'Char Juboli'),
(4157, 198, 'Dumuria'),
(4158, 198, 'Arjuntala'),
(4159, 198, 'Chhatarpaia'),
(4160, 198, 'Kabilpur'),
(4161, 198, 'Kadra'),
(4162, 198, 'Kesharpar'),
(4163, 198, 'Mohammedpur'),
(4164, 198, 'Nobipur'),
(4165, 198, 'Bejoybagh'),
(4166, 197, 'Char Matua'),
(4167, 197, 'Noannai'),
(4168, 197, 'Noakhali'),
(4169, 197, 'Neyazpur'),
(4170, 197, 'Kaladraf'),
(4171, 197, 'Kadir Hanif'),
(4172, 197, 'Binodpur'),
(4173, 197, 'Ashwadia'),
(4174, 197, 'Ewazbalia'),
(4175, 197, 'Dadpur'),
(4176, 196, 'Dhanshalik'),
(4177, 196, 'Sundalpur'),
(4178, 196, 'Dhanshiri'),
(4179, 196, 'Khoshbag'),
(4180, 196, 'Batoiya'),
(4181, 196, 'Chaprashirhat'),
(4182, 196, 'Narottampur'),
(4183, 194, 'Charhazari'),
(4184, 194, 'Sirajpur'),
(4185, 194, 'Rampur'),
(4186, 194, 'Musapur'),
(4187, 194, 'Char Kakra'),
(4188, 194, 'Char Fokira'),
(4189, 194, 'Char Elahi'),
(4190, 194, 'Char Parbarti'),
(4191, 201, 'Marishha'),
(4192, 201, 'Kedarmara'),
(4193, 201, 'Sajek'),
(4194, 201, 'Sarboyatali'),
(4195, 201, 'Bongoltoli'),
(4196, 201, 'Rupakari'),
(4197, 201, 'Baghaichari'),
(4198, 203, 'Kengachori'),
(4199, 203, 'Farua'),
(4200, 203, 'Belaichari'),
(4201, 204, 'Dumdumya'),
(4202, 204, 'Maidang'),
(4203, 204, 'Banjugi Chhara'),
(4204, 204, 'Jurachorri'),
(4205, 206, 'Kalampati'),
(4206, 206, 'Ghagra'),
(4207, 206, 'Fatik Chhari'),
(4208, 206, 'Betbunia'),
(4209, 242, 'Bitikandi'),
(4210, 242, 'Balorampur'),
(4211, 242, 'Majidpur'),
(4212, 242, 'Narayandia'),
(4213, 242, 'Jiarkandi'),
(4214, 242, 'Satani'),
(4215, 242, 'Kalakandi'),
(4216, 242, 'Joshotpur(Dakkhin)'),
(4217, 242, 'Karikandi'),
(4218, 242, 'Joshotpur(Uttar)'),
(4219, 241, 'Mokra'),
(4220, 241, 'Jodda'),
(4221, 241, 'Satbaria'),
(4222, 241, 'Nangolkot'),
(4223, 241, 'Peria'),
(4224, 241, 'Dolkhar'),
(4225, 241, 'Roykot'),
(4226, 241, 'Bangodda'),
(4227, 241, 'Adraa'),
(4228, 241, 'Bakshganj'),
(4229, 241, 'Chalua'),
(4230, 239, 'Meshhatua'),
(4231, 239, 'Baishgaon'),
(4232, 239, 'Husnabad'),
(4233, 239, 'Uttar Jhalam'),
(4234, 239, 'Laksmanpur'),
(4235, 239, 'Bipulasar'),
(4236, 239, 'Uttar Hawla'),
(4237, 239, 'Jholom(south)'),
(4238, 239, 'Nather Patua'),
(4239, 239, 'Soroshpur'),
(4240, 239, 'Khila'),
(4241, 233, 'Chowara'),
(4242, 233, 'Galiara'),
(4243, 233, 'Belghor'),
(4244, 233, 'Jorakanon(east)'),
(4245, 233, 'Bagmara'),
(4246, 233, 'Bhulaiyin'),
(4247, 233, 'Pashim Jorkanon'),
(4248, 233, 'Bijoypur'),
(4249, 233, 'Bara Para'),
(4250, 233, 'Perul'),
(4251, 232, 'Konkapoyet'),
(4252, 232, 'Ujirpur'),
(4253, 232, 'Sreepur'),
(4254, 232, 'Shubhopur'),
(4255, 232, 'Kashinagar'),
(4256, 232, 'Kalikapur'),
(4257, 232, 'Alkora'),
(4258, 232, 'Gunabati'),
(4259, 232, 'Gholpasha'),
(4260, 232, 'Chiora'),
(4261, 232, 'Batisha'),
(4262, 232, 'Jagannathdighi'),
(4263, 232, 'Munshirhat'),
(4264, 227, 'Amratali'),
(4265, 227, 'Uttar Durgapur'),
(4266, 227, 'Pamchthubi'),
(4267, 227, 'Kalirazar'),
(4268, 227, 'Durgapur(South)'),
(4269, 227, 'Jagannathpur'),
(4270, 335, 'Chikandi'),
(4271, 335, 'Tulsar'),
(4272, 335, 'Sholpara'),
(4273, 335, 'Rudrachar'),
(4274, 335, 'Palong'),
(4275, 335, 'Mahamudpur'),
(4276, 335, 'Angaria'),
(4277, 335, 'Chitolia'),
(4278, 335, 'Chandropur'),
(4279, 335, 'Binodpur'),
(4280, 335, 'Dhomsar'),
(4281, 333, 'Malna'),
(4282, 333, 'Sener Char'),
(4283, 333, 'Purba Nowdoba'),
(4284, 333, 'Naodoba'),
(4285, 333, 'Jajira'),
(4286, 333, 'Naodoba'),
(4287, 333, 'Joynagar'),
(4288, 333, 'Bilashlpur'),
(4289, 333, 'Boro Krishnonagar'),
(4290, 333, 'Borakandi'),
(4291, 333, 'Barogopalpur'),
(4292, 333, 'Paler char'),
(4293, 333, 'Kunder char');
INSERT INTO `hlink_union` (`id`, `thana_id`, `name`) VALUES
(4294, 331, 'Dhankati'),
(4295, 331, 'Siddya'),
(4296, 331, 'Shidhulkura'),
(4297, 331, 'Purba Damuddya'),
(4298, 331, 'Islampur'),
(4299, 331, 'Darul Aman'),
(4300, 331, 'Kaneshwar'),
(4301, 330, 'Kachikata'),
(4302, 330, 'Tarabunia(Uttor)'),
(4303, 330, 'Shokhipur'),
(4304, 330, 'Rambhadrapur'),
(4305, 330, 'Mohishwan'),
(4306, 330, 'D M Khali'),
(4307, 330, 'Charsensus'),
(4308, 330, 'Chhaygaon'),
(4309, 330, 'Char Kumaria'),
(4310, 330, 'Char Bhanga'),
(4311, 330, 'Arsinagar'),
(4312, 330, 'Tarabunia(dakshin)'),
(4313, 330, 'Narayanpur'),
(4314, 348, 'Andulbaria'),
(4315, 348, 'Baka'),
(4316, 348, 'Shimanta'),
(4317, 348, 'Uthuli'),
(4318, 350, 'Jamdia'),
(4319, 350, 'Doakhula'),
(4320, 350, 'Jahurpur'),
(4321, 350, 'Raipur'),
(4322, 350, 'Dorajhat'),
(4323, 350, 'Bondbila'),
(4324, 350, 'Basuari'),
(4325, 350, 'Dhalgram'),
(4326, 350, 'Narikelbaria'),
(4327, 351, 'Narayanpur'),
(4328, 351, 'Singhazhuli'),
(4329, 351, 'Fulsara'),
(4330, 351, 'Pashpol'),
(4331, 351, 'Supukuria'),
(4332, 351, 'Swarupdaha'),
(4333, 351, 'Jogodishpur'),
(4334, 351, 'Hakimpur'),
(4335, 351, 'Dhuliani'),
(4336, 351, 'Chaugacha'),
(4337, 351, 'Patibila'),
(4338, 352, 'Ramnagar'),
(4339, 352, 'Upasahar'),
(4340, 352, 'Lebutala'),
(4341, 352, 'Kochua'),
(4342, 352, 'Kasimpur'),
(4343, 352, 'Noapara'),
(4344, 352, 'Echali'),
(4345, 352, 'Arabpur'),
(4346, 352, 'Bosundia'),
(4347, 352, 'Chachora'),
(4348, 352, 'Churamonkhati'),
(4349, 352, 'Narendrapur'),
(4350, 352, 'Fatepur'),
(4351, 352, 'Hebotpur'),
(4352, 352, 'Diara'),
(4353, 353, 'Jhikargacha'),
(4354, 353, 'Shimulia'),
(4355, 353, 'Shonkorpur'),
(4356, 353, 'Panishara'),
(4357, 353, 'Nirbashkhola'),
(4358, 353, 'Magura'),
(4359, 353, 'Hazirbag'),
(4360, 353, 'Godhkhali'),
(4361, 353, 'Gongganandapur'),
(4362, 353, 'Bakura'),
(4363, 353, 'Navaron'),
(4364, 355, 'Zhapa'),
(4365, 355, 'Khedaparta'),
(4366, 355, 'Rohita'),
(4367, 355, 'Nehalpur'),
(4368, 355, 'Mashimnagar'),
(4369, 355, 'Monoharpur'),
(4370, 355, 'Monirampur'),
(4371, 355, 'Kulatia'),
(4372, 355, 'Shyamkur'),
(4373, 355, 'Kasimnagar'),
(4374, 355, 'Hariharnagar'),
(4375, 355, 'Horkaidaskathi'),
(4376, 355, 'Durbadanga'),
(4377, 355, 'Dhakuria'),
(4378, 355, 'Chaluahati'),
(4379, 355, 'Vojgati'),
(4380, 355, 'Khanpur'),
(4381, 356, 'Kayba'),
(4382, 356, 'Nizampur'),
(4383, 356, 'Ulashi'),
(4384, 356, 'Putakhali'),
(4385, 356, 'Lakshanpur'),
(4386, 356, 'Dihi'),
(4387, 356, 'Bagachor'),
(4388, 356, 'Benapol'),
(4389, 356, 'Sharsha'),
(4390, 356, 'Bahadurpur'),
(4391, 356, 'Goga'),
(4392, 357, 'Kapashtia'),
(4393, 357, 'Folshi'),
(4394, 357, 'Raghunathpur'),
(4395, 357, 'Joradaha'),
(4396, 357, 'Doulatpur'),
(4397, 357, 'Chandpur'),
(4398, 357, 'Vaina'),
(4399, 357, 'Taherhuda'),
(4400, 358, 'Ghorashal'),
(4401, 358, 'Maharajpur'),
(4402, 358, 'Sabuhati'),
(4403, 358, 'Saganna'),
(4404, 358, 'Porahati'),
(4405, 358, 'Pagla Kanai'),
(4406, 358, 'Surati'),
(4407, 358, 'Padmakar'),
(4408, 358, 'Noldanga'),
(4409, 358, 'Modhuhati'),
(4410, 358, 'Kumarbaria'),
(4411, 358, 'Kalicharanpur'),
(4412, 358, 'Holidhani'),
(4413, 358, 'Ganna'),
(4414, 358, 'Fursabdi'),
(4415, 358, 'Dogachhi'),
(4416, 358, 'Horsankarpur'),
(4417, 359, 'Niamatpur'),
(4418, 359, 'Shimla Rokonpur'),
(4419, 359, 'Rakhalgachi'),
(4420, 359, 'Sundarpur- Durgapur'),
(4421, 359, 'Raigram'),
(4422, 359, 'Trisochanpur'),
(4423, 359, 'Kashtobhanga'),
(4424, 359, 'Jamal'),
(4425, 359, 'Bara Bazar'),
(4426, 359, 'Maliati'),
(4427, 359, 'Kola'),
(4428, 361, 'Jadabpur'),
(4429, 361, 'Nepa'),
(4430, 361, 'Swaruppur'),
(4431, 361, 'S B K (Sundarour)'),
(4432, 361, 'Shyamkur'),
(4433, 361, 'Pantha Para'),
(4434, 361, 'Natima'),
(4435, 361, 'Kazirbera'),
(4436, 361, 'Fotepur'),
(4437, 361, 'Bashbaria'),
(4438, 361, 'Azompur'),
(4439, 361, 'Mandarbaria'),
(4440, 362, 'Hakimpur'),
(4441, 362, 'Kacherkol'),
(4442, 362, 'Tribeni'),
(4443, 362, 'Sarutia'),
(4444, 362, 'Mirgapur'),
(4445, 362, 'Umedpur'),
(4446, 362, 'Monohorpur'),
(4447, 362, 'Dhudsar'),
(4448, 362, 'Dignagar'),
(4449, 362, 'Dhola Chandra'),
(4450, 362, 'Bagura'),
(4451, 362, 'Abaypur'),
(4452, 362, 'Nityanandapur'),
(4453, 362, 'Fulhari'),
(4454, 488, 'Faguardiar'),
(4455, 488, 'Bagatipara'),
(4456, 488, 'Dayarampur'),
(4457, 488, 'Paka'),
(4458, 488, 'Jamnagar'),
(4459, 489, 'Jonail'),
(4460, 489, 'Majhagaon'),
(4461, 489, 'Joari'),
(4462, 489, 'Gopalpur'),
(4463, 489, 'Chandi'),
(4464, 489, 'Baraigram'),
(4465, 489, 'Nogor'),
(4466, 478, 'Mithapur'),
(4467, 478, 'Badalgachi'),
(4468, 478, 'Balubhora'),
(4469, 478, 'Bilashbari'),
(4470, 478, 'Paharpur'),
(4471, 478, 'Kola'),
(4472, 478, 'Mathurapur'),
(4473, 478, 'Adhaipur'),
(4474, 481, 'Uttargram'),
(4475, 481, 'Mohadebpur'),
(4476, 481, 'Chandash'),
(4477, 481, 'Cheragpur'),
(4478, 481, 'Bhimpur'),
(4479, 481, 'Enayetpur'),
(4480, 481, 'Roygaon'),
(4481, 481, 'Khagur'),
(4482, 481, 'Sofapur'),
(4483, 481, 'Hatur'),
(4484, 484, 'Matindar'),
(4485, 484, 'Akbarpur'),
(4486, 484, 'Amair'),
(4487, 484, 'Krishnapur'),
(4488, 484, 'Ghoshnagar'),
(4489, 484, 'Nazirpur'),
(4490, 484, 'Nirmail'),
(4491, 484, 'Patichora'),
(4492, 484, 'Potnitola'),
(4493, 484, 'Dibar'),
(4494, 484, 'Shihara'),
(4495, 486, 'Paroil'),
(4496, 486, 'Borogacha'),
(4497, 486, 'Ekdala'),
(4498, 486, 'Gona'),
(4499, 486, 'Kashimpur'),
(4500, 486, 'Mirat'),
(4501, 486, 'Raninagar'),
(4502, 486, 'Kaligram'),
(4503, 496, 'Par Bhangura'),
(4504, 496, 'Khan Marich'),
(4505, 496, 'Astomonisha'),
(4506, 496, 'Bhangura'),
(4507, 496, 'Dilapasar'),
(4508, 499, 'Dashuria'),
(4509, 499, 'lakshmikunda'),
(4510, 499, 'Muladuli'),
(4511, 499, 'Pakshi'),
(4512, 499, 'Shahapur'),
(4513, 499, 'Silimpur'),
(4514, 499, 'Sara'),
(4515, 544, 'Fulbari'),
(4516, 544, 'Shimulbari'),
(4517, 544, 'Kashipur'),
(4518, 544, 'Vangamor'),
(4519, 544, 'Baravita'),
(4520, 544, 'Nowdanga'),
(4521, 546, 'Royganj'),
(4522, 546, 'Hasnabad'),
(4523, 546, 'Bhitarband'),
(4524, 546, 'Berubari'),
(4525, 546, 'Bamondanga'),
(4526, 546, 'Bollobherkhas'),
(4527, 546, 'Nunkhawa'),
(4528, 546, 'Sontoshpur'),
(4529, 546, 'Newashi'),
(4530, 546, 'Narayanpur'),
(4531, 546, 'Ramkhana'),
(4532, 546, 'Kedar'),
(4533, 546, 'Kaliganj'),
(4534, 546, 'Kochakata'),
(4535, 548, 'Rajibpur'),
(4536, 548, 'Kodailkati'),
(4537, 548, 'Mohonganj'),
(4538, 549, 'Bondober'),
(4539, 549, 'Danthbhanga'),
(4540, 549, 'Jadurchar'),
(4541, 549, 'Romari'),
(4542, 549, 'Soilomari'),
(4543, 566, 'Debnogor'),
(4544, 566, 'Tetulia'),
(4545, 566, 'Tironoihat'),
(4546, 566, 'Bhojanpur'),
(4547, 566, 'Banglabanda'),
(4548, 566, 'Salbahan'),
(4549, 566, 'Buraburi'),
(4550, 260, 'Hojrotpur'),
(4551, 260, 'Tara Nogar'),
(4552, 260, 'Bosta'),
(4553, 260, 'Kalatia'),
(4554, 260, 'Shakta'),
(4555, 260, 'Kalindi'),
(4556, 260, 'Konda'),
(4557, 260, 'Rohitpur'),
(4558, 260, 'Zinjira'),
(4559, 260, 'Teghoria'),
(4560, 260, 'Suvatta'),
(4561, 260, 'Aganagar'),
(4562, 367, 'Atragilatala'),
(4563, 367, 'Damodor'),
(4564, 367, 'Jamira'),
(4565, 367, 'Fultala'),
(4566, 370, 'Kapilmuni'),
(4567, 370, 'Showldana'),
(4568, 370, 'Raduli'),
(4569, 370, 'Chandkhali'),
(4570, 370, 'Laskar'),
(4571, 370, 'Horidhali'),
(4572, 370, 'Goraikhali'),
(4573, 370, 'Godaipur'),
(4574, 370, 'Deluti'),
(4575, 370, 'Lota'),
(4576, 371, 'Aichgati'),
(4577, 371, 'Noihati'),
(4578, 371, 'Ghatvog'),
(4579, 371, 'T S Bahirdia'),
(4580, 371, 'Sreefaltala'),
(4581, 419, 'Roana'),
(4582, 419, 'Usthi'),
(4583, 419, 'Saltia'),
(4584, 419, 'Rasulpur'),
(4585, 419, 'Panchbhag'),
(4586, 419, 'Paithol'),
(4587, 419, 'Niguari'),
(4588, 419, 'Longoir'),
(4589, 419, 'Jessora'),
(4590, 419, 'Goforgain'),
(4591, 419, 'Dattterbazar'),
(4592, 419, 'Char Algi'),
(4593, 419, 'Barbaria'),
(4594, 419, 'Mosakhali'),
(4595, 419, 'Tengaba'),
(4596, 420, 'Dhoakhola'),
(4597, 420, 'Sidhol'),
(4598, 420, 'Sahanati'),
(4599, 420, 'Ramgopalpur'),
(4600, 420, 'Maoha'),
(4601, 420, 'Gauripur'),
(4602, 420, 'Bokainagar'),
(4603, 420, 'Bhagnimari'),
(4604, 420, 'Achintapur'),
(4605, 420, 'Moilakandi'),
(4606, 423, 'Tarati'),
(4607, 423, 'Daogaon'),
(4608, 423, 'Dulla'),
(4609, 423, 'Ghoga'),
(4610, 423, 'Kasimpur'),
(4611, 423, 'Kheruajani'),
(4612, 423, 'Mankon'),
(4613, 423, 'Bolshuti'),
(4614, 423, 'Borogram'),
(4615, 423, 'Kumarghata'),
(4616, 281, 'Charhorirampur'),
(4617, 281, 'Char kaukanda'),
(4618, 281, 'Char Bhadrason'),
(4619, 281, 'Gazirtek'),
(4620, 283, 'Kamarkhali'),
(4621, 283, 'Rampur'),
(4622, 283, 'Nowapara'),
(4623, 283, 'Madhukhali'),
(4624, 283, 'Jahapur'),
(4625, 283, 'Gojna'),
(4626, 283, 'Dumain'),
(4627, 283, 'Bagat'),
(4628, 283, 'Meghdami'),
(4629, 293, 'Mamudpur'),
(4630, 293, 'Singaa'),
(4631, 293, 'Shajahal'),
(4632, 293, 'Ratail'),
(4633, 293, 'Rajpat'),
(4634, 293, 'Puishur'),
(4635, 293, 'Parulia'),
(4636, 293, 'Aurakandi'),
(4637, 293, 'Maheshpur'),
(4638, 293, 'Kasiani'),
(4639, 293, 'Hatiara'),
(4640, 293, 'Fukra'),
(4641, 293, 'Bethure'),
(4642, 293, 'Nigamkandi'),
(4643, 296, 'Patgati'),
(4644, 296, 'Kushli'),
(4645, 296, 'Gopalpur'),
(4646, 296, 'Dumuria'),
(4647, 296, 'Borni'),
(4648, 606, 'Tilpara'),
(4649, 606, 'Sheola'),
(4650, 606, 'Muria'),
(4651, 606, 'Mathiura'),
(4652, 606, 'Dubag'),
(4653, 606, 'Charkhai'),
(4654, 606, 'Mollahpur'),
(4655, 606, 'Alinogor'),
(4656, 606, 'Lauta'),
(4657, 606, 'Kural Bazar'),
(4658, 458, 'Dhupchanchia'),
(4659, 458, 'Zianagar'),
(4660, 458, 'Govindapur'),
(4661, 458, 'Gunahar'),
(4662, 458, 'Chamrul'),
(4663, 458, 'Talora'),
(4664, 463, 'Kamalpur'),
(4665, 463, 'Narcha'),
(4666, 463, 'Kutubpur'),
(4667, 463, 'Kornibari'),
(4668, 463, 'Kajla'),
(4669, 463, 'Sariakandi'),
(4670, 463, 'Hat Sherpur'),
(4671, 463, 'Fulbari'),
(4672, 463, 'Chandanbaisha'),
(4673, 463, 'Chaluabari'),
(4674, 463, 'Bhelabari'),
(4675, 463, 'Bohail'),
(4676, 465, 'Deouli'),
(4677, 465, 'Atmul'),
(4678, 465, 'Bihar'),
(4679, 465, 'Roynagar'),
(4680, 465, 'Buriganj'),
(4681, 465, 'Kichak'),
(4682, 465, 'Moidanhat'),
(4683, 465, 'Majhihatta'),
(4684, 465, 'Mokamtola'),
(4685, 465, 'Sayedpur'),
(4686, 465, 'Pirob'),
(4687, 465, 'Shibganj'),
(4688, 466, 'Pakulia'),
(4689, 466, 'Sonatala'),
(4690, 466, 'Madhupur'),
(4691, 466, 'Balua'),
(4692, 466, 'Dikdayor'),
(4693, 466, 'Tekanichakainogor'),
(4694, 466, 'Jorgacha'),
(4695, 186, 'Dulyatali'),
(4696, 186, 'Laxmichari'),
(4697, 186, 'Bormachori'),
(4698, 187, 'Mohalchari'),
(4699, 187, 'Sindukcharri'),
(4700, 187, 'Miashchari'),
(4701, 187, 'Kayengghat'),
(4702, 187, 'Mubachhari'),
(4703, 188, 'Batonatali'),
(4704, 188, 'Manikchari'),
(4705, 190, 'Panchari'),
(4706, 190, 'Chengi'),
(4707, 190, 'Latiban'),
(4708, 190, 'Logang'),
(4709, 243, 'Char Matin'),
(4710, 243, 'Char Falkon'),
(4711, 243, 'Patarir Hat'),
(4712, 243, 'Char Kadira'),
(4713, 243, 'Torabgonj'),
(4714, 243, 'Saheber Hat'),
(4715, 243, 'Hajirhat'),
(4716, 243, 'Char Kalkini'),
(4717, 243, 'Char Lorenze'),
(4718, 244, 'Kushakhali'),
(4719, 244, 'Uttar Hamchadi'),
(4720, 244, 'Mandari'),
(4721, 244, 'Laharkandi'),
(4722, 244, 'Bhabanigonj'),
(4723, 244, 'Shakchar'),
(4724, 244, 'Dakhkhin Hamchadi'),
(4725, 244, 'Hajirpara'),
(4726, 244, 'Parbotinagar'),
(4727, 244, 'Uttar Jaipur'),
(4728, 244, 'Basikpur'),
(4729, 244, 'Chandraganj'),
(4730, 244, 'Charshai'),
(4731, 244, 'Charuhata'),
(4732, 244, 'Dalalbazar'),
(4733, 244, 'Dauttapara'),
(4734, 244, 'Digholi'),
(4735, 244, 'Bangatha'),
(4736, 246, 'Bhadur'),
(4737, 246, 'Ichhapur'),
(4738, 246, 'Lamchar'),
(4739, 246, 'Noagao'),
(4740, 246, 'Karpara'),
(4741, 246, 'Kanchonpur'),
(4742, 246, 'Dorbeshpur'),
(4743, 246, 'Chandipur'),
(4744, 246, 'Bhatra'),
(4745, 246, 'Bholakot'),
(4746, 247, 'Keroa'),
(4747, 247, 'Char Ababil (Dakshin)'),
(4748, 247, 'Shonapur'),
(4749, 247, 'Char Ababil (Uttor)'),
(4750, 247, 'Char Bongshi (Uttar)'),
(4751, 247, 'Char Bangshi Dakshin'),
(4752, 247, 'Char Mohana'),
(4753, 247, 'Charpata'),
(4754, 247, 'Raipur'),
(4755, 381, 'Shatakhali'),
(4756, 381, 'Talkhari'),
(4757, 381, 'Salikha'),
(4758, 381, 'Dhanerssor gati'),
(4759, 381, 'Bunagati'),
(4760, 381, 'Arpara'),
(4761, 381, 'Gongarampur'),
(4762, 385, 'Monakhali'),
(4763, 385, 'Mahajanpur'),
(4764, 385, 'Dariapur'),
(4765, 385, 'Bagoan'),
(4766, 309, 'Kolma'),
(4767, 309, 'Tewtia'),
(4768, 309, 'Modna Mondol'),
(4769, 309, 'Kumarvog'),
(4770, 309, 'Kanaksar'),
(4771, 309, 'Haldia'),
(4772, 309, 'Gaondia'),
(4773, 309, 'Bailtali'),
(4774, 309, 'Bejgaon'),
(4775, 309, 'Khidirpara'),
(4776, 311, 'Kola'),
(4777, 311, 'Rasunia'),
(4778, 311, 'Rajnagar'),
(4779, 311, 'Malokhanagar'),
(4780, 311, 'Lotabdi'),
(4781, 311, 'Sekharnagar'),
(4782, 311, 'Kayain'),
(4783, 311, 'Jensar'),
(4784, 311, 'Ichhapur'),
(4785, 311, 'Chittrokot'),
(4786, 311, 'Boiragadi'),
(4787, 311, 'Bashail'),
(4788, 311, 'Baluchar'),
(4789, 311, 'Modhyyapara'),
(4790, 313, 'Aryalbaligaon'),
(4791, 313, 'Sonarang Tongibari'),
(4792, 313, 'Panchgaon'),
(4793, 313, 'Kathadia Shimulia'),
(4794, 313, 'Jashalong'),
(4795, 313, 'Kamar Khora'),
(4796, 313, 'Dighirpar'),
(4797, 313, 'Dhipur'),
(4798, 313, 'Aoutshahi'),
(4799, 313, 'Hasailbanari'),
(4800, 313, 'Abdullapur'),
(4801, 313, 'Betka'),
(4802, 589, 'Sagarnal'),
(4803, 589, 'Goyalbari'),
(4804, 589, 'Purba Juri'),
(4805, 589, 'Jaifonogor'),
(4806, 589, 'Pachhim Juri'),
(4807, 589, 'Fultala'),
(4808, 592, 'Nazirabad'),
(4809, 592, 'Ekatuna'),
(4810, 592, 'Akhailkura'),
(4811, 592, 'Amtoil'),
(4812, 592, 'Apar Kagabala'),
(4813, 592, 'Mostafapur'),
(4814, 592, 'Munmukh'),
(4815, 592, 'Khalilpur'),
(4816, 592, 'Konokpur'),
(4817, 592, 'Kamalpur'),
(4818, 592, 'Giasnagar'),
(4819, 592, 'Chandighat'),
(4820, 594, 'Sreemongol'),
(4821, 594, 'Sindurkhan'),
(4822, 594, 'Satgaon'),
(4823, 594, 'Razaghat'),
(4824, 594, 'Mirzapur'),
(4825, 594, 'Kalighat'),
(4826, 594, 'Kalapur'),
(4827, 594, 'Ashidror'),
(4828, 594, 'Vunbir'),
(4829, 131, 'Dhankhali'),
(4830, 131, 'Chakmoya'),
(4831, 131, 'Tiakhali'),
(4832, 131, 'Nilganj'),
(4833, 131, 'Mithaganj'),
(4834, 131, 'Lalua'),
(4835, 131, 'Lata Chapli'),
(4836, 131, 'Khapravanga'),
(4837, 131, 'Dholasur'),
(4838, 133, 'Jainkati'),
(4839, 133, 'Madarbunia'),
(4840, 133, 'Laukathi'),
(4841, 133, 'Lohalia'),
(4842, 133, 'Komlapur'),
(4843, 133, 'Morichbunia'),
(4844, 133, 'Barabighai'),
(4845, 133, 'Itbaria'),
(4846, 133, 'Chotobighai'),
(4847, 133, 'Bodorpur'),
(4848, 133, 'Auliapur'),
(4849, 133, 'Kalikapur'),
(4850, 536, 'Gagoa'),
(4851, 536, 'Mollarchar'),
(4852, 536, 'Malibari'),
(4853, 536, 'Lakshipur'),
(4854, 536, 'Ramchandrapur'),
(4855, 536, 'Kuptala'),
(4856, 536, 'Kholahati'),
(4857, 536, 'Gidari'),
(4858, 536, 'Boali'),
(4859, 536, 'Ballamjhar'),
(4860, 536, 'Badiakhali'),
(4861, 536, 'Saha Para'),
(4862, 536, 'Kamarjani'),
(4863, 540, 'Jumarbari'),
(4864, 540, 'Muktinagar'),
(4865, 540, 'Saghata'),
(4866, 540, 'Podum sahar'),
(4867, 540, 'Kochua'),
(4868, 540, 'Holdia'),
(4869, 540, 'Ghuridaha'),
(4870, 540, 'Bonarpara'),
(4871, 540, 'Bhorotkhali'),
(4872, 540, 'Kamalerpara'),
(4873, 584, 'Lukra'),
(4874, 584, 'Teghoria'),
(4875, 584, 'Sayestagonj'),
(4876, 584, 'Richi'),
(4877, 584, 'Rajiura'),
(4878, 584, 'Poil'),
(4879, 584, 'Nizampur'),
(4880, 584, 'Lashkarpur'),
(4881, 584, 'Gopaya'),
(4882, 584, 'Nurpur'),
(4883, 582, 'Khagaura'),
(4884, 582, 'Subidpur'),
(4885, 582, 'Sujatpur'),
(4886, 582, 'Pukra'),
(4887, 582, 'Poilerkandi'),
(4888, 582, 'Muradpur'),
(4889, 582, 'Mokrampur'),
(4890, 582, 'Kagapasha'),
(4891, 582, 'Daulatpur'),
(4892, 582, 'Boroyuri'),
(4893, 582, 'Dkhshin Pashim Baniachong'),
(4894, 582, 'Dakshin Purba Baniachong'),
(4895, 582, 'Uttar Pashchim Baniachong'),
(4896, 582, 'Uttar Purba Baniachong'),
(4897, 582, 'Mondori'),
(4898, 587, 'Korgao'),
(4899, 587, 'Dighalbak'),
(4900, 587, 'Boro baker(west)'),
(4901, 587, 'Purba Bara Bakair'),
(4902, 587, 'Paniunda'),
(4903, 587, 'Nobiganj'),
(4904, 587, 'Kurshi'),
(4905, 587, 'Auskandi'),
(4906, 587, 'Goznaipur'),
(4907, 587, 'Inatganj'),
(4908, 587, 'Debpara'),
(4909, 587, 'Bausha'),
(4910, 587, 'Kaliar Danga'),
(4911, 150, 'Khankhanbad'),
(4912, 150, 'Pukuria'),
(4913, 150, 'Silkup'),
(4914, 150, 'Shekherkhal'),
(4915, 150, 'Sadhonpur'),
(4916, 150, 'Puichhari'),
(4917, 150, 'Kalipur'),
(4918, 150, 'Gondamara'),
(4919, 150, 'Baharchara'),
(4920, 150, 'Chonua'),
(4921, 150, 'Khataria'),
(4922, 150, 'Chambol'),
(4923, 150, 'Boilchori'),
(4924, 150, 'Shorol'),
(4925, 155, 'Kanchan nagar'),
(4926, 155, 'Samitirhat'),
(4927, 155, 'Nanupur'),
(4928, 155, 'Surabil'),
(4929, 155, 'Rosangiri'),
(4930, 155, 'Rangamatia'),
(4931, 155, 'Lelang'),
(4932, 155, 'Narayanghat'),
(4933, 155, 'Sundorpur'),
(4934, 155, 'Bagan Bazar'),
(4935, 155, 'Jafarnagar'),
(4936, 155, 'Paidanga'),
(4937, 155, 'Abdullapur'),
(4938, 155, 'Baktapur'),
(4939, 155, 'Bhujpur'),
(4940, 155, 'Dantmara'),
(4941, 155, 'Dharmapur'),
(4942, 155, 'Dhurung'),
(4943, 155, 'Daulatpur'),
(4944, 155, 'Harualsari'),
(4945, 161, 'Mirsharai'),
(4946, 161, 'Zorwarganj'),
(4947, 161, 'Wahedpur'),
(4948, 161, 'Dhum'),
(4949, 161, 'Saherkhali'),
(4950, 161, 'Osmanpur'),
(4951, 161, 'Moghadia'),
(4952, 161, 'Mithanola'),
(4953, 161, 'Haitkandi'),
(4954, 161, 'Khaiyachhara'),
(4955, 161, 'Katachara'),
(4956, 161, 'Karerhat'),
(4957, 161, 'Ishakhali'),
(4958, 161, 'Hinguli'),
(4959, 161, 'Durgapur'),
(4960, 161, 'Mayani'),
(4961, 169, 'Baroidala'),
(4962, 169, 'Sayedpur'),
(4963, 169, 'Sonaichhari'),
(4964, 169, 'Salimpur'),
(4965, 169, 'Muradpur'),
(4966, 169, 'Bhatiari'),
(4967, 169, 'Barobkundu'),
(4968, 169, 'Banshbaria'),
(4969, 169, 'Kumira'),
(4970, 326, 'Nawabpur'),
(4971, 326, 'Bohorpur'),
(4972, 326, 'Baliakandi'),
(4973, 326, 'Islampur'),
(4974, 326, 'Jamalpur'),
(4975, 326, 'Jongol'),
(4976, 326, 'Narua'),
(4977, 327, 'Ujanchar'),
(4978, 327, 'Devgram'),
(4979, 327, 'Chhota Bhakla'),
(4980, 327, 'Daulatdia'),
(4981, 245, 'Char porgacha');

-- --------------------------------------------------------

--
-- Table structure for table `hlink_user`
--

CREATE TABLE IF NOT EXISTS `hlink_user` (
  `id` int(10) NOT NULL,
  `login_id` varchar(30) COLLATE utf8_unicode_ci DEFAULT NULL,
  `name` varchar(120) COLLATE utf8_unicode_ci NOT NULL,
  `password` varchar(200) COLLATE utf8_unicode_ci NOT NULL,
  `is_active` enum('Y','N') COLLATE utf8_unicode_ci NOT NULL DEFAULT 'N',
  `created_on` datetime DEFAULT NULL,
  `update_date` datetime NOT NULL,
  `role_id` int(11) NOT NULL DEFAULT '2',
  `address` varchar(150) COLLATE utf8_unicode_ci DEFAULT NULL,
  `photo` text COLLATE utf8_unicode_ci,
  `email_id` varchar(100) COLLATE utf8_unicode_ci DEFAULT NULL,
  `mbbs_year` int(11) DEFAULT NULL,
  `college` text COLLATE utf8_unicode_ci,
  `cv` text COLLATE utf8_unicode_ci NOT NULL
) ENGINE=InnoDB AUTO_INCREMENT=67 DEFAULT CHARSET=utf8 COLLATE=utf8_unicode_ci;

--
-- Dumping data for table `hlink_user`
--

INSERT INTO `hlink_user` (`id`, `login_id`, `name`, `password`, `is_active`, `created_on`, `update_date`, `role_id`, `address`, `photo`, `email_id`, `mbbs_year`, `college`, `cv`) VALUES
(1, '1020', 'Dr. K.M. Shahunja', '1020', 'N', '2015-08-30 00:00:00', '2015-08-27 00:00:00', 1, '', '', 'shahunja@synesisit.com.bd', 2004, 'Sylhet MAG Osmani Medical College', ''),
(2, '1030', 'Fahad', '1030', 'N', '2015-08-30 09:16:00', '2015-08-30 09:16:00', 4, '', NULL, 'saifur@synesisit.com.bd', 0, '', ''),
(3, '1060', 'Riad', '1060', 'Y', '2015-08-31 10:17:00', '2015-08-31 10:17:00', 4, '', '', '', 0, '', ''),
(6, '3001', 'asraf', '3001', 'Y', '2015-09-18 02:06:00', '2015-09-18 02:06:00', 5, '', '', '', 0, '', ''),
(7, '3050', 'Farhana', '3050', 'Y', '2015-09-20 16:04:00', '2015-09-20 16:04:00', 5, '', '', '', 0, '', ''),
(8, '3013', 'Dr.Srijony', '3013', 'Y', '2015-09-20 16:28:00', '2015-09-20 16:28:00', 3, 'Mirpur ,Dhaka', '/trc//app/webroot/img/Dr.Srijony Ahmed.jpg', 'saifur@synesisit.com.bd', 2010, 'Dhaka Medical College', ''),
(9, '3064', 'Dr.Mosleh', '3064', 'Y', '2015-09-20 16:23:00', '2015-09-20 16:23:00', 3, '', '', 'sagar@gmail.com', 0, '', ''),
(11, '3035', 'Dr.Hemale', '3035', 'Y', '2015-09-22 11:02:00', '2015-09-22 11:02:00', 3, 'Shahabagh', '/trc//app/webroot/img/Dr.Hemale.jpg', 'saifur@synesisit.com.bd', 2011, 'Gonoshasthasthaya Samaj Vittik Medical College', ''),
(12, '3054', 'Dr.Riasat', '3054', 'Y', '2015-09-22 11:06:00', '2015-09-22 11:06:00', 3, 'Dhanmondi', '/trc//app/webroot/img/Dr.Riasat.jpg', 'saifur@synesisit.com.bd', 2013, 'Comilla Medical College', ''),
(13, '2006', 'Shahadat', '2006', 'Y', '2015-09-22 18:00:00', '2015-09-22 18:00:00', 5, '', '/trc//app/webroot/img/Pic-1.jpg', '24shahadat@gmail.com', 0, '', ''),
(14, '2003', 'Mukta', '2003', 'Y', '2015-09-22 18:01:00', '2015-09-22 18:01:00', 5, 'Mohammadpur', '/trc//app/webroot/img/rabeya.jpg', 'saifur@synesisit.com.bd', NULL, '', ''),
(16, '2005', ' NAIEM', '2005', 'Y', '2015-09-22 18:01:00', '2015-09-22 18:01:00', 5, ' kaje para mirpur', '/trc//app/webroot/img/Naiem Uddin.jpg', 'naiemu32@gmail.com', 0, '', ''),
(17, '3070', 'Dr.Tahrima', '3070', 'Y', '2015-10-07 09:45:00', '2015-10-07 09:45:00', 3, 'Elephant Road,Dhaka', '/trc//app/webroot/img/Dr.Tahrima.jpg', 'tahrima86@gmail.com', 2011, 'Rangpur Medical College', ''),
(18, '3014', 'Dr.Progga', '3014', 'Y', '2015-10-07 09:48:00', '2015-10-07 09:48:00', 3, 'Motijheel', '/trc//app/webroot/img/Dr.Progga.jpg', 'paromitaprogga65@gmail.com', 2013, 'Dhaka Medical College', ''),
(20, '3040', 'Dr.Hridi', '3040', 'Y', '2015-10-08 09:21:00', '2015-10-08 09:21:00', 3, 'DMC', '/trc//app/webroot/img/Hydrangeas.jpg', 'saifur@synesisit.com.bd', 2013, 'Dhaka Medical College', ''),
(21, '3065', 'Dr.Shawlin', '3065', 'Y', '2015-10-08 09:26:00', '2015-10-08 09:26:00', 3, 'Kafrul,Dhaka', '/trc//app/webroot/img/Dr.Shawlin.jpg', 'saifur@synesisit.com.bd', 2014, 'Sir Sallimullah Medical College', ''),
(22, '3062', 'Dr.Tazrin', '3062', 'Y', '2015-10-12 09:44:00', '2015-10-12 09:44:00', 3, '', '', '', 0, '', ''),
(24, '3051', 'Dr.Ashraf', '3051', 'Y', '2015-10-12 17:15:00', '2015-10-12 17:15:00', 3, 'Uttara,Dhaka', '', 'renesa33sb@yahoo.com', 2007, 'Shere-E-Bangla Medical College ', ''),
(25, '3060', 'Dr.Nwoshin', '3060', 'Y', '2015-10-12 17:27:00', '2015-10-12 17:27:00', 3, 'Rampura,Dhaka', '/trc//app/webroot/img/Dr.Nwoshin.jpg', 'nwoshinreta@gmail.com', 2011, 'Enam Medical College & Hospital', ''),
(26, '3033', 'Dr.Shaoun', '3033', 'Y', '2015-10-13 09:19:00', '2015-10-13 09:19:00', 3, 'DMC', '', 'saifur@synesisit.com.bd', 2008, 'Dhaka Medical College', ''),
(27, '3045', 'Dr.Toma', '3045', 'Y', '2015-10-13 09:40:00', '2015-10-13 09:40:00', 3, 'Dhanmondi', '/trc//app/webroot/img/Dr. Shammi Islam.jpg', 'saifur@synesisit.com.bd', 2013, 'Enam Medical College & Hospital', ''),
(32, '3039', 'Dr.Kishore', '3039', 'Y', '2015-10-13 15:52:00', '2015-10-13 15:52:00', 3, 'Shahabagh', '/trc//app/webroot/img/Dr.kishore.jpg', 'saifur@synesisit.com.bd', 2012, 'Chittagong Medical College', ''),
(33, '2007', 'Angana', '2007', 'Y', '2015-10-13 16:12:00', '2015-10-13 16:12:00', 5, 'Shukrabad', '/trc//app/webroot/img/Benazir Haque.jpg', 'saifur@synesisit.com.bd', 2015, 'Dhaka Univercity', ''),
(36, '3080', 'Dr.Dipu', '3080', 'Y', '2015-10-13 18:22:00', '2015-10-13 18:22:00', 1, 'Azimpur', '/trc//app/webroot/img/Snapshot_20151021.JPG', 'ismail.hossain@synesisit.com.bd', 2006, 'Community Based Medical College And Hospital, Bangladesh', ''),
(37, '3016', 'Dr.Mizan', '3016', 'Y', '2015-10-13 18:33:00', '2015-10-13 18:33:00', 1, 'Dhaka', '/trc//app/webroot/img/Dr.Mizan.jpg', 'dr.mizan@synesisit.com.bd', 2006, 'Dhaka Medical College', ''),
(38, '3047', 'Dr.Bishwajit', '3047', 'Y', '2015-10-13 18:43:00', '2015-10-13 18:43:00', 3, 'DMC', '', 'saifur@synesisit.com.bd', 2011, 'Dhaka Medical College', ''),
(39, '2008', 'Farhana', '2008', 'Y', '2015-10-13 20:18:00', '2015-10-13 20:18:00', 5, 'Farmgate', '/trc//app/webroot/img/Farhana Akter.jpg', 'saifur@synesisit.com.bd', NULL, '', ''),
(40, '3031', 'Dr.Tahamina', '3031', 'Y', '2015-10-13 20:36:00', '2015-10-13 20:36:00', 3, 'Rampura,Dhaka', '', 'saifur@synesisit.com.bd', 2011, 'Gonoshasthasthaya Samaj Vittik Medical College', ''),
(41, '3015', 'Dr.Rafi', '3015', 'Y', '2015-10-13 20:45:00', '2015-10-13 20:45:00', 3, 'DMC', '/trc//app/webroot/img/Dr.Rafi.jpg', 'saifur@synesisit.com.bd', 2012, 'Dhaka Medical College', ''),
(42, '3017', 'Dr.Zahid', '3017', 'Y', '2015-10-13 20:48:00', '2015-10-13 20:48:00', 3, 'Uttara,Dhaka', '/trc//app/webroot/img/3017.jpg', 'zahidssmc36@gmail.com', 2013, 'Sir Sallimullah Medical College', ''),
(43, '3018', 'Dr.Nibadita', '3018', 'Y', '2015-10-13 20:49:00', '2015-10-13 20:49:00', 3, 'DMC', '/trc//app/webroot/img/Dr.Nibadita.jpg', 'saifur@synesisit.com.bd', 2013, 'Dhaka Medical College', ''),
(44, '3019', 'Dr.Shafaul', '3019', 'Y', '2015-10-13 20:50:00', '2015-10-13 20:50:00', 3, 'Greenroad', '', 'saifur@synesisit.com.bd', 2007, 'Bangladesh Medical College & Hospital', ''),
(45, '3020', 'Dr.KM Shahunja', '3020', 'Y', '2015-10-13 20:52:00', '2015-10-13 20:52:00', 3, 'Green road', '', 'saifur@synesisit.com.bd', 2006, 'Sylhet MG Osmani Medical College', ''),
(46, '3021', 'Dr.Humayun', '3021', 'Y', '2015-10-13 20:54:00', '2015-10-13 20:54:00', 3, 'Dhanmondi', '', 'saifur@synesisit.com.bd', 2004, 'Bangladesh Medical College & Hospital', ''),
(47, '3022', 'Dr.Tanny', '3022', 'Y', '2015-10-13 20:55:00', '2015-10-13 20:55:00', 3, 'Dhanmondi', '', 'saifur@synesisit.com.bd', 2013, 'Khulna Medical College', ''),
(48, '3023', 'Dr.Razib', '3023', 'Y', '2015-10-13 20:58:00', '2015-10-13 20:58:00', 3, 'DMC', '/trc//app/webroot/img/Dr.Razib Saha.jpg', 'saifur@synesisit.com.bd', NULL, 'Dhaka Medical College', ''),
(49, '3024', 'Dr.Rinku', '3024', 'Y', '2015-10-13 20:59:00', '2015-10-13 20:59:00', 3, 'Dhanmondi', '', 'saifur@synesisit.com.bd', 2013, 'Dhaka Medical College', ''),
(50, '3025', 'Dr.Shampa', '3025', 'Y', '2015-10-13 21:01:00', '2015-10-13 21:01:00', 3, 'Shahabagh', '', 'saifur@synesisit.com.bd', 2013, 'Mymensing Medical College', ''),
(51, '3026', 'Dr.Rifayet', '3026', 'Y', '2015-10-13 21:24:00', '2015-10-13 21:24:00', 3, 'Green road', '', 'saifur@synesisit.com.bd', 2004, 'Bangladesh Medical College & Hospital', ''),
(52, '3038', 'Dr.Fahim', '3038', 'Y', '2015-10-13 21:25:00', '2015-10-13 21:25:00', 3, 'DMC', '', 'saifur@synesisit.com.bd', 2014, 'Dhaka Medical College', ''),
(53, '3027', 'Dr.Farhad Ahmed', '3027', 'Y', '2015-10-13 21:30:00', '2015-10-13 21:30:00', 3, 'Shahbagh,Dhaka', '/trc//app/webroot/img/Photo.jpg', 'saifur@synesisit.com.bd', 2008, 'Mymensing Medical College', ''),
(54, '3050', 'Dr.Rawnak', '3050', 'Y', '2015-10-13 21:33:00', '2015-10-13 21:33:00', 3, 'DMC', '', 'saifur@synesisit.com.bd', 2012, 'Dhaka Medical College', ''),
(55, '3067', 'Dr.Munni', '3067', 'Y', '2015-10-13 21:34:00', '2015-10-13 21:34:00', 3, 'Uttara,Dhaka', '/trc//app/webroot/img/Dr.Munni.jpg', 'saifur@synesisit.com.bd', 2014, 'Medical College of Womens Hospital', ''),
(56, '3068', 'Dr.Tareque', '3068', 'Y', '2015-10-13 21:38:00', '2015-10-13 21:38:00', 3, 'Mirpur Dohs', '', 'saifur@synesisit.com.bd', 2012, 'Armed Forces Medical College', ''),
(57, '3069', 'Dr.Marina', '3069', 'Y', '2015-10-13 21:40:00', '2015-10-13 21:40:00', 3, '', '', 'saifur@synesisit.com.bd', NULL, 'Community Based Medical College', ''),
(58, '3071', 'Dr.Aziz', '3071', 'Y', '2015-10-13 21:41:00', '2015-10-13 21:41:00', 3, '', '', 'saifur@synesisit.com.bd', 2014, 'Sheheed Suhrawardy Medical College', ''),
(59, '3061', 'Dr.Nipun', '3061', 'Y', '2015-10-13 21:43:00', '2015-10-13 21:43:00', 3, 'DMC', '', 'saifur@synesisit.com.bd', 2013, 'Dhaka Medical College', ''),
(60, '3053', 'Dr.Shukdeb', '3053', 'Y', '2015-10-13 21:44:00', '2015-10-13 21:44:00', 3, 'Dhaka', '', 'shukdebk60@gmail.com', 2008, 'Dhaka Medical College', ''),
(61, '3043', 'Dr.Shoron', '3043', 'Y', '2015-10-13 21:45:00', '2015-10-13 21:45:00', 3, '', '', 'saifur@synesisit.com.bd', 2007, 'Shere-E-Bangla Medical College', ''),
(62, '3052', 'Dr.Pritam', '3052', 'Y', '2015-10-13 21:46:00', '2015-10-13 21:46:00', 3, '', '', 'saifur@synesisit.com.bd', 2012, 'Dhaka Medical College', ''),
(63, '3055', 'Dr.Sajib', '3055', 'Y', '2015-10-13 21:47:00', '2015-10-13 21:47:00', 3, 'DMC', '/trc//app/webroot/img/Dr.Shajib.jpg', 'saifur@synesisit.com.bd', 2008, 'Dhaka Medical College', ''),
(64, '2009', 'Pias', '2009', 'Y', '2015-10-13 21:48:00', '2015-10-13 21:48:00', 5, '', '', 'saifur@synesisit.com.bd', NULL, '', ''),
(65, '3032', 'Dr. Shekhar', '3032', 'Y', '2015-10-14 20:44:00', '2015-10-14 20:44:00', 1, 'Dr.Milon intern hostel', '', 'saifur@synesisit.com.bd', NULL, '', ''),
(66, '2004', 'Rima Akter', '2004', 'Y', '2015-10-17 11:13:00', '2015-10-17 11:13:00', 5, 'H#8,R#5/1,B#A,Banashree, Rampura.', '/trc//app/webroot/img/Rima.jpg', 'rimarising@gmail.com', NULL, '', '');

-- --------------------------------------------------------

--
-- Table structure for table `hlink_user_role`
--

CREATE TABLE IF NOT EXISTS `hlink_user_role` (
  `id` int(11) NOT NULL,
  `name` varchar(20) DEFAULT NULL,
  `created_on` datetime DEFAULT NULL,
  `updated_on` datetime DEFAULT NULL,
  `is_active` enum('Y','N') NOT NULL DEFAULT 'Y'
) ENGINE=InnoDB AUTO_INCREMENT=6 DEFAULT CHARSET=latin1;

--
-- Dumping data for table `hlink_user_role`
--

INSERT INTO `hlink_user_role` (`id`, `name`, `created_on`, `updated_on`, `is_active`) VALUES
(1, 'Admin', '2015-08-27 08:12:00', '2015-08-27 11:20:00', 'Y'),
(3, 'Doctor', '2015-08-27 08:22:23', '2015-08-27 14:38:29', 'Y'),
(4, 'Supervisor', '2015-08-31 10:02:00', '2015-08-31 10:02:00', 'Y'),
(5, 'Agent', '2015-09-15 00:00:00', '2015-09-15 00:00:00', 'Y');

-- --------------------------------------------------------

--
-- Table structure for table `htlink_compiled_data`
--

CREATE TABLE IF NOT EXISTS `htlink_compiled_data` (
  `id` int(11) NOT NULL,
  `user_id` int(11) DEFAULT NULL,
  `date_of_month` date DEFAULT NULL,
  `total_calls` int(11) DEFAULT '0',
  `anwered_calls` int(11) DEFAULT '0',
  `crm_completed` int(11) DEFAULT '0',
  `alarm_generated` int(11) DEFAULT '0'
) ENGINE=InnoDB AUTO_INCREMENT=3 DEFAULT CHARSET=latin1;

--
-- Dumping data for table `htlink_compiled_data`
--

INSERT INTO `htlink_compiled_data` (`id`, `user_id`, `date_of_month`, `total_calls`, `anwered_calls`, `crm_completed`, `alarm_generated`) VALUES
(1, 3, '2015-09-03', 10, 20, 10, 2),
(2, 3, '2015-09-03', 11, 21, 30, 4);

--
-- Indexes for dumped tables
--

--
-- Indexes for table `hlink_call_type`
--
ALTER TABLE `hlink_call_type`
  ADD PRIMARY KEY (`id`);

--
-- Indexes for table `hlink_cdr_agent_info`
--
ALTER TABLE `hlink_cdr_agent_info`
  ADD PRIMARY KEY (`id`);

--
-- Indexes for table `hlink_cdr_info`
--
ALTER TABLE `hlink_cdr_info`
  ADD PRIMARY KEY (`id`);

--
-- Indexes for table `hlink_district`
--
ALTER TABLE `hlink_district`
  ADD PRIMARY KEY (`id`);

--
-- Indexes for table `hlink_doctor_compiled_info`
--
ALTER TABLE `hlink_doctor_compiled_info`
  ADD PRIMARY KEY (`id`);

--
-- Indexes for table `hlink_drugs`
--
ALTER TABLE `hlink_drugs`
  ADD PRIMARY KEY (`id`);

--
-- Indexes for table `hlink_message`
--
ALTER TABLE `hlink_message`
  ADD PRIMARY KEY (`id`);

--
-- Indexes for table `hlink_notice`
--
ALTER TABLE `hlink_notice`
  ADD PRIMARY KEY (`id`);

--
-- Indexes for table `hlink_prv_diagnosis`
--
ALTER TABLE `hlink_prv_diagnosis`
  ADD PRIMARY KEY (`id`);

--
-- Indexes for table `hlink_specialist`
--
ALTER TABLE `hlink_specialist`
  ADD PRIMARY KEY (`id`);

--
-- Indexes for table `hlink_thana`
--
ALTER TABLE `hlink_thana`
  ADD PRIMARY KEY (`id`), ADD KEY `district_id` (`district_id`);

--
-- Indexes for table `hlink_union`
--
ALTER TABLE `hlink_union`
  ADD PRIMARY KEY (`id`), ADD KEY `Thana_id` (`thana_id`);

--
-- Indexes for table `hlink_user`
--
ALTER TABLE `hlink_user`
  ADD PRIMARY KEY (`id`);

--
-- Indexes for table `hlink_user_role`
--
ALTER TABLE `hlink_user_role`
  ADD PRIMARY KEY (`id`);

--
-- Indexes for table `htlink_compiled_data`
--
ALTER TABLE `htlink_compiled_data`
  ADD PRIMARY KEY (`id`);

--
-- AUTO_INCREMENT for dumped tables
--

--
-- AUTO_INCREMENT for table `hlink_call_type`
--
ALTER TABLE `hlink_call_type`
  MODIFY `id` int(11) NOT NULL AUTO_INCREMENT,AUTO_INCREMENT=5;
--
-- AUTO_INCREMENT for table `hlink_cdr_agent_info`
--
ALTER TABLE `hlink_cdr_agent_info`
  MODIFY `id` int(11) NOT NULL AUTO_INCREMENT,AUTO_INCREMENT=212;
--
-- AUTO_INCREMENT for table `hlink_cdr_info`
--
ALTER TABLE `hlink_cdr_info`
  MODIFY `id` int(11) NOT NULL AUTO_INCREMENT,AUTO_INCREMENT=472;
--
-- AUTO_INCREMENT for table `hlink_district`
--
ALTER TABLE `hlink_district`
  MODIFY `id` int(4) NOT NULL AUTO_INCREMENT,AUTO_INCREMENT=79;
--
-- AUTO_INCREMENT for table `hlink_doctor_compiled_info`
--
ALTER TABLE `hlink_doctor_compiled_info`
  MODIFY `id` int(11) NOT NULL AUTO_INCREMENT,AUTO_INCREMENT=54;
--
-- AUTO_INCREMENT for table `hlink_drugs`
--
ALTER TABLE `hlink_drugs`
  MODIFY `id` int(11) NOT NULL AUTO_INCREMENT,AUTO_INCREMENT=11;
--
-- AUTO_INCREMENT for table `hlink_message`
--
ALTER TABLE `hlink_message`
  MODIFY `id` int(11) NOT NULL AUTO_INCREMENT,AUTO_INCREMENT=49;
--
-- AUTO_INCREMENT for table `hlink_notice`
--
ALTER TABLE `hlink_notice`
  MODIFY `id` int(11) NOT NULL AUTO_INCREMENT,AUTO_INCREMENT=23;
--
-- AUTO_INCREMENT for table `hlink_prv_diagnosis`
--
ALTER TABLE `hlink_prv_diagnosis`
  MODIFY `id` int(11) NOT NULL AUTO_INCREMENT,AUTO_INCREMENT=13;
--
-- AUTO_INCREMENT for table `hlink_specialist`
--
ALTER TABLE `hlink_specialist`
  MODIFY `id` int(11) NOT NULL AUTO_INCREMENT,AUTO_INCREMENT=12;
--
-- AUTO_INCREMENT for table `hlink_thana`
--
ALTER TABLE `hlink_thana`
  MODIFY `id` int(6) NOT NULL AUTO_INCREMENT,AUTO_INCREMENT=622;
--
-- AUTO_INCREMENT for table `hlink_union`
--
ALTER TABLE `hlink_union`
  MODIFY `id` int(8) NOT NULL AUTO_INCREMENT,AUTO_INCREMENT=4982;
--
-- AUTO_INCREMENT for table `hlink_user`
--
ALTER TABLE `hlink_user`
  MODIFY `id` int(10) NOT NULL AUTO_INCREMENT,AUTO_INCREMENT=67;
--
-- AUTO_INCREMENT for table `hlink_user_role`
--
ALTER TABLE `hlink_user_role`
  MODIFY `id` int(11) NOT NULL AUTO_INCREMENT,AUTO_INCREMENT=6;
--
-- AUTO_INCREMENT for table `htlink_compiled_data`
--
ALTER TABLE `htlink_compiled_data`
  MODIFY `id` int(11) NOT NULL AUTO_INCREMENT,AUTO_INCREMENT=3;
/*!40101 SET CHARACTER_SET_CLIENT=@OLD_CHARACTER_SET_CLIENT */;
/*!40101 SET CHARACTER_SET_RESULTS=@OLD_CHARACTER_SET_RESULTS */;
/*!40101 SET COLLATION_CONNECTION=@OLD_COLLATION_CONNECTION */;
